curve_index,ki,kr,omega_r,omega_i
1,0.0,0.02,0.0197693022638023,-0.0018260543738860442
1,0.0,0.0243687374749499,0.024027303975456563,-0.002446374771286624
1,0.0,0.0287374749498998,0.028264110310003025,-0.0031207000765171604
1,0.0,0.0331062124248497,0.03247991889112777,-0.003843704421197831
1,0.0,0.0374749498997996,0.03667492558865629,-0.0046111035137669995
1,0.0,0.0418436873747495,0.04084932453390262,-0.005419343358190507
1,0.0,0.046212424849699396,0.045003308134882035,-0.00626540658185127
1,0.0,0.0505811623246493,0.04913706709139447,-0.007146684575539443
1,0.0,0.0549498997995992,0.05325079040997502,-0.008060889113407273
1,0.0,0.0593186372745491,0.05734466541871293,-0.00900598897747462
1,0.0,0.063687374749499,0.061418877781943715,-0.0099801631257842
1,0.0,0.0680561122244489,0.06547361151481165,-0.010981765206560846
1,0.0,0.0724248496993988,0.06950904899770585,-0.01200929609193384
1,0.0,0.0767935871743487,0.07352537099057077,-0.013061382227035085
1,0.0,0.0811623246492986,0.07752275664709164,-0.014136758290551724
1,0.0,0.0855310621242485,0.08150138352875584,-0.0152342531136851
1,0.0,0.0898997995991984,0.08546142761879255,-0.0163527781038513
1,0.0,0.0942685370741483,0.08940306333599148,-0.017491317622703745
1,0.0,0.0986372745490982,0.09332646354839856,-0.01864892090981885
1,0.0,0.1030060120240481,0.0972317995868948,-0.019824695243387445
1,0.0,0.107374749498998,0.1011192412586564,-0.021017800101851888
1,0.0,0.1117434869739479,0.1049889568604964,-0.022227442143510526
1,0.0,0.11611222444889781,0.10884111319209054,-0.02345287086045164
1,0.0,0.1204809619238477,0.11267587556908878,-0.024693374793198976
1,0.0,0.1248496993987976,0.11649340783611131,-0.025948278215042277
1,0.0,0.12921843687374748,0.12029387237963128,-0.027216938212499188
1,0.0,0.13358717434869738,0.12407743014074707,-0.028498742102187398
1,0.0,0.1379559118236473,0.1278442406278399,-0.0297931051349987
1,0.0,0.1423246492985972,0.13159446192912433,-0.031099468447023004
1,0.0,0.1466933867735471,0.1353282507250883,-0.03241729722355143
1,0.0,0.151062124248497,0.1390457623008232,-0.0337460790479618
1,0.0,0.1554308617234469,0.1427471505582488,-0.035085322411704485
1,0.0,0.15979959919839679,0.1464325680282303,-0.03643455536532468
1,0.0,0.16416833667334668,0.1501021658825897,-0.03779332429347222
1,0.0,0.16853707414829658,0.153756093946013,-0.03916119279925482
1,0.0,0.17290581162324647,0.15739450070785355,-0.040537740685436904
1,0.0,0.17727454909819637,0.16101753333383156,-0.041922563021658886
1,0.0,0.1816432865731463,0.16462533767763327,-0.04331526928834155
1,0.0,0.1860120240480962,0.16821805829240716,-0.04471548258915306
1,0.0,0.1903807615230461,0.1717958384421617,-0.046122838924936245
1,0.0,0.19474949899799598,0.1753588201130622,-0.04753698652291533
1,0.0,0.19911823647294588,0.17890714402463032,-0.04895758521571577
1,0.0,0.20348697394789578,0.182440949640845,-0.05038430586542788
1,0.0,0.20785571142284567,0.18596037518114733,-0.05181682982845603
1,0.0,0.2122244488977956,0.18946555763134929,-0.053254848457413274
1,0.0,0.2165931863727455,0.19295663275444716,-0.054698062636726656
1,0.0,0.2209619238476954,0.1964337351013404,-0.05614618234897403
1,0.0,0.2253306613226453,0.19989699802145805,-0.057598926269319305
1,0.0,0.22969939879759518,0.20334655367329135,-0.059056021385653
1,0.0,0.23406813627254508,0.2067825330348358,-0.060517202642326455
1,0.0,0.23843687374749498,0.2102050659139401,-0.06198221260555251
1,0.0,0.24280561122244487,0.2136142809585675,-0.06345080114875778
1,0.0,0.24717434869739477,0.21701030566696547,-0.06492272515632568
1,0.0,0.2515430861723447,0.2203932663977477,-0.06639774824432293
1,0.0,0.2559118236472946,0.22376328837988835,-0.06787564049691437
1,0.0,0.2602805611222445,0.22712049572262835,-0.06935617821735852
1,0.0,0.2646492985971944,0.2304650114252962,-0.07083914369245789
1,0.0,0.2690180360721443,0.2337969573870422,-0.07232432496956667
1,0.0,0.27338677354709423,0.2371164544164889,-0.0738115156452332
1,0.0,0.2777555110220441,0.24042362224129632,-0.07530051466470962
1,0.0,0.282124248496994,0.24371857951764456,-0.07679112613156867
1,0.0,0.2864929859719439,0.2470014438396333,-0.07828315912677043
1,0.0,0.2908617234468938,0.25027233174859875,-0.07977642753656142
1,0.0,0.2952304609218437,0.2535313587423513,-0.08127074988861648
1,0.0,0.2995991983967936,0.25677863928432965,-0.08276594919593495
1,0.0,0.30396793587174353,0.2600142868126786,-0.08426185280797632
1,0.0,0.3083366733466934,0.26323841374924417,-0.08575829226861452
1,0.0,0.3127054108216433,0.26645113150849287,-0.08725510318047655
1,0.0,0.3170741482965932,0.2696525505063515,-0.08875212507531242
1,0.0,0.3214428857715431,0.2728427801689718,-0.09024920129000745
1,0.0,0.325811623246493,0.27602192894141586,-0.09174617884794817
1,0.0,0.3301803607214429,0.2791901042962682,-0.09324290834541428
1,0.0,0.3345490981963928,0.2823474127421719,-0.09473924384270806
1,0.0,0.3389178356713427,0.2854939598322899,-0.0962350427597863
1,0.0,0.34328657314629263,0.28862985017269277,-0.09773016577612413
1,0.0,0.3476553106212425,0.2917551874306741,-0.09922447673458729
1,0.0,0.3520240480961924,0.2948700743429914,-0.10071784254911872
1,0.0,0.3563927855711423,0.29797461272403714,-0.1022101331160076
1,0.0,0.3607615230460922,0.3010689034739379,-0.10370122122858376
1,0.0,0.3651302605210421,0.3041530465865818,-0.10519098249515182
1,0.0,0.369498997995992,0.3072271411575778,-0.10667929525999326
1,0.0,0.37386773547094193,0.31029128539214335,-0.10816604052730736
1,0.0,0.3782364729458918,0.31334557661292545,-0.10965110188791252
1,0.0,0.3826052104208417,0.3163901112677519,-0.11113436544861519
1,0.0,0.3869739478957916,0.3194249849373153,-0.11261571976407762
1,0.0,0.3913426853707415,0.3224502923427912,-0.11409505577109921
1,0.0,0.3957114228456914,0.32546612735338737,-0.11557226672517702
1,0.0,0.4000801603206413,0.32847258299382903,-0.11704724813925427
1,0.0,0.40444889779559123,0.3314697514517791,-0.11851989772454528
1,0.0,0.4088176352705411,0.3344577240851919,-0.1199901153333529
1,0.0,0.413186372745491,0.3374365914296043,-0.12145780290378741
1,0.0,0.4175551102204409,0.3404064432053624,-0.1229228644062941
1,0.0,0.4219238476953908,0.3433673683247859,-0.12438520579192558
1,0.0,0.4262925851703407,0.34631945489926846,-0.1258447349422731
1,0.0,0.4306613226452906,0.34926279024631846,-0.1273013616209881
1,0.0,0.4350300601202405,0.3521974608965358,-0.12875499742682908
1,0.0,0.4393987975951904,0.35512355260053,-0.13020555574817044
1,0.0,0.44376753507014033,0.358041150335776,-0.13165295171891025
1,0.0,0.4481362725450902,0.3609503383134116,-0.13309710217572168
1,0.0,0.4525050100200401,0.36385119998497506,-0.13453792561659206
1,0.0,0.45687374749499,0.3667438180490837,-0.13597534216060247
1,0.0,0.4612424849699399,0.36962827445805435,-0.13740927350889506
1,0.0,0.4656112224448898,0.3725046504244665,-0.13883964290677717
1,0.0,0.4699799599198397,0.37537302642766696,-0.14026637510693366
1,0.0,0.4743486973947896,0.3782334822202193,-0.1416893963336827
1,0.0,0.4787174348697395,0.3810860968342961,-0.14310863424825646
1,0.0,0.4830861723446894,0.3839309485880148,-0.14452401791505515
1,0.0,0.4874549098196393,0.38676811509171993,-0.14593547776883942
1,0.0,0.4918236472945892,0.3895976732542093,-0.1473429455828332
1,0.0,0.4961923847695391,0.39241969928890547,-0.14874635443769751
1,0.0,0.500561122244489,0.3952342687199753,-0.15014563869134254
1,0.0,0.5049298597194388,0.398041456388393,-0.15154073394955767
1,0.0,0.5092985971943887,0.40084133645795395,-0.15293157703741236
1,0.0,0.5136673346693387,0.4036339824212326,-0.15431810597142365
1,0.0,0.5180360721442886,0.4064194671054908,-0.15570025993244221
1,0.0,0.5224048096192385,0.4091978626785328,-0.15707797923924585
1,0.0,0.5267735470941884,0.4119692406545106,-0.1584512053228111
1,0.0,0.5311422845691383,0.4147336718996781,-0.15981988070123465
1,0.0,0.5355110220440882,0.417491226638094,-0.16118394895529797
1,0.0,0.5398797595190381,0.4202419744572767,-0.16254335470463366
1,0.0,0.544248496993988,0.4229859843138086,-0.163898043584489
1,0.0,0.548617234468938,0.4257233245388916,-0.1652479622230602
1,0.0,0.5529859719438878,0.42845406284385473,-0.16659305821937856
1,0.0,0.5573547094188377,0.4311782663256128,-0.16793328012173406
1,0.0,0.5617234468937876,0.43389600147207796,-0.16926857740661275
1,0.0,0.5660921843687375,0.4366073341675243,-0.17059890045814058
1,0.0,0.5704609218436874,0.4393123296979046,-0.17192420054800697
1,0.0,0.5748296593186373,0.4420110527561218,-0.1732444298158645
1,0.0,0.5791983967935872,0.4447035674472535,-0.1745595412501763
1,0.0,0.5835671342685371,0.4473899372937311,-0.17586948866951266
1,0.0,0.587935871743487,0.4500702252404747,-0.1771742267042656
1,0.0,0.5923046092184369,0.4527444936599812,-0.17847371077878785
1,0.0,0.5966733466933868,0.4554128043573699,-0.1797678970939252
1,0.0,0.6010420841683367,0.45807521857538264,-0.18105674260994226
1,0.0,0.6054108216432866,0.4607317969993415,-0.18234020502982234
1,0.0,0.6097795591182364,0.46338259976206164,-0.18361824278294053
1,0.0,0.6141482965931864,0.46602768644872283,-0.18489081500908372
1,0.0,0.6185170340681363,0.46866711610169753,-0.1861578815428205
1,0.0,0.6228857715430862,0.4713009472253373,-0.1874194028982037
1,0.0,0.6272545090180361,0.4739292377907161,-0.18867534025380023
1,0.0,0.631623246492986,0.47655204524033457,-0.18992565543803291
1,0.0,0.6359919839679359,0.4791694264927807,-0.19117031091483197
1,0.0,0.6403607214428858,0.4817814379473515,-0.1924092697695796
1,0.0,0.6447294589178357,0.4843881354886337,-0.1936424956953486
1,0.0,0.6490981963927855,0.48698957449104335,-0.19486995297941836
1,0.0,0.6534669338677355,0.48958580982332933,-0.19609160649006227
1,0.0,0.6578356713426854,0.492176895853032,-0.19730742166360554
1,0.0,0.6622044088176353,0.49476288645090843,-0.19851736449173313
1,0.0,0.6665731462925852,0.4973438349953146,-0.19972140150905546
1,0.0,0.670941883767535,0.49991979437655265,-0.20091949978091
1,0.0,0.675310621242485,0.5024908170011781,-0.20211162689140574
1,0.0,0.6796793587174349,0.5050569547962697,-0.20329775093169358
1,0.0,0.6840480961923848,0.5076182592136627,-0.20447784048846163
1,0.0,0.6884168336673347,0.5101747812341445,-0.20565186463264867
1,0.0,0.6927855711422846,0.5127265713716145,-0.20681979290836666
1,0.0,0.6971543086172345,0.5152736796772059,-0.20798159532203234
1,0.0,0.7015230460921844,0.5178161557433737,-0.2091372423316955
1,0.0,0.7058917835671343,0.5203540487079445,-0.21028670483656373
1,0.0,0.7102605210420841,0.5228874072581339,-0.21142995416671614
1,0.0,0.7146292585170341,0.5254162796345255,-0.21256696207300116
1,0.0,0.718997995991984,0.527940713635018,-0.21369770071711322
1,0.0,0.7233667334669339,0.5304607566187358,-0.21482214266184416
1,0.0,0.7277354709418838,0.5329764555099062,-0.21594026086150422
1,0.0,0.7321042084168337,0.5354878568017035,-0.2170520286525066
1,0.0,0.7364729458917836,0.5379950065600579,-0.2181574197441161
1,0.0,0.7408416833667335,0.5404979504274322,-0.21925640820934922
1,0.0,0.7452104208416834,0.5429967336265648,-0.22034896847603105
1,0.0,0.7495791583166332,0.5454914009641809,-0.22143507531799636
1,0.0,0.7539478957915832,0.5479819968346711,-0.2225147038464361
1,0.0,0.7583166332665331,0.5504685652237362,-0.22358782950138512
1,0.0,0.762685370741483,0.5529511497120025,-0.224654428043343
1,0.0,0.7670541082164329,0.5554297934786042,-0.22571447554503113
1,0.0,0.7714228456913828,0.5579045393047343,-0.22676794838327705
1,0.0,0.7757915831663327,0.5603754295771652,-0.2278148232310218
1,0.0,0.7801603206412826,0.5628425062917384,-0.22885507704945485
1,0.0,0.7845290581162325,0.5653058110568226,-0.22988868708026164
1,0.0,0.7888977955911824,0.5677653850967437,-0.23091563083799196
1,0.0,0.7932665330661323,0.5702212692551821,-0.23193588610253588
1,0.0,0.7976352705410822,0.5726735039985433,-0.2329494309117126
1,0.0,0.8020040080160321,0.5751221294192956,-0.2339562435539636
1,0.0,0.806372745490982,0.5775671852392824,-0.234956302561148
1,0.0,0.8107414829659318,0.5800087108130021,-0.23594958670143987
1,0.0,0.8151102204408818,0.5824467451308616,-0.23693607497232413
1,0.0,0.8194789579158317,0.5848813268224007,-0.23791574659368203
1,0.0,0.8238476953907816,0.5873124941594872,-0.2388885810009739
1,0.0,0.8282164328657315,0.5897402850594864,-0.23985455783850956
1,0.0,0.8325851703406814,0.5921647370884,-0.2408136569528031
1,0.0,0.8369539078156313,0.5945858874639807,-0.24176585838601528
1,0.0,0.8413226452905812,0.5970037730588162,-0.24271114236947403
1,0.0,0.8456913827655311,0.5994184304033894,-0.24364948931727667
1,0.0,0.8500601202404809,0.6018298956891096,-0.24458087981996854
1,0.0,0.8544288577154309,0.6042382047713177,-0.24550529463829412
1,0.0,0.8587975951903808,0.6066433931722663,-0.2464227146970228
1,0.0,0.8631663326653307,0.6090454960840719,-0.24733312107884176
1,0.0,0.8675350701402806,0.6114445483716425,-0.24823649501831835
1,0.0,0.8719038076152305,0.6138405845755797,-0.24913281789592692
1,0.0,0.8762725450901804,0.6162336389150533,-0.2500220712321405
1,0.0,0.8806412825651303,0.6186237452906551,-0.25090423668157746
1,0.0,0.8850100200400802,0.6210109372872227,-0.2517792960272173
1,0.0,0.88937875751503,0.6233952481766417,-0.2526472311746623
1,0.0,0.89374749498998,0.6257767109206231,-0.25350802414646423
1,0.0,0.8981162324649299,0.6281553581734552,-0.2543616570764936
1,0.0,0.9024849699398798,0.6305312222847326,-0.25520811220436795
1,0.0,0.9068537074148297,0.6329043353020601,-0.25604737186992643
1,0.0,0.9112224448897795,0.6352747289737348,-0.2568794185077485
1,0.0,0.9155911823647295,0.6376424347514029,-0.25770423464172076
1,0.0,0.9199599198396794,0.6400074837926937,-0.25852180287964627
1,0.0,0.9243286573146293,0.6423699069638317,-0.2593321059078953
1,0.0,0.9286973947895791,0.6447297348422236,-0.2601351264860937
1,0.0,0.9330661322645291,0.6470869977190256,-0.2609308474418509
1,0.0,0.937434869739479,0.6494417256016854,-0.26171925166552173
1,0.0,0.9418036072144289,0.6517939482164632,-0.2625003221050057
1,0.0,0.9461723446893788,0.6541436950109316,-0.2632740417605726
1,0.0,0.9505410821643286,0.6564909951564514,-0.26404039367972476
1,0.0,0.9549098196392786,0.6588358775506277,-0.2647993609520832
1,0.0,0.9592785571142285,0.6611783708197432,-0.2655509267043036
1,0.0,0.9636472945891784,0.6635185033211712,-0.2662950740950151
1,0.0,0.9680160320641283,0.665856303145767,-0.2670317863097841
1,0.0,0.9723847695390782,0.6681917981202377,-0.2677610465560997
1,0.0,0.9767535070140281,0.6705250158094925,-0.2684828380583775
1,0.0,0.981122244488978,0.6728559835189718,-0.269197144052984
1,0.0,0.9854909819639279,0.6751847282969556,-0.26990394778327476
1,0.0,0.9898597194388777,0.6775112769368521,-0.27060323249465085
1,0.0,0.9942284569138277,0.6798356559794666,-0.27129498142962355
1,0.0,0.9985971943887776,0.6821578917152492,-0.271979177822896
1,0.0,1.0029659318637274,0.6844780101865244,-0.2726558048964507
1,0.0,1.0073346693386773,0.6867960371897008,-0.2733248458546451
1,0.0,1.0117034068136272,0.68911199827746,-0.2739862838793168
1,0.0,1.0160721442885772,0.6914259187609278,-0.2746401021248896
1,0.0,1.020440881763527,0.6937378237118272,-0.27528628371348185
1,0.0,1.024809619238477,0.6960477379646097,-0.2759248117300224
1,0.0,1.029178356713427,0.6983556861185704,-0.2765556692173581
1,0.0,1.0335470941883769,0.7006616925399439,-0.27717883917136166
1,0.0,1.0379158316633268,0.7029657813639812,-0.2777943045360392
1,0.0,1.0422845691382765,0.705267976497009,-0.27840204819862574
1,0.0,1.0466533066132264,0.7075683016184717,-0.2790020529846772
1,0.0,1.0510220440881763,0.7098667801829532,-0.2795943016531513
1,0.0,1.0553907815631263,0.7121634354221833,-0.2801787768914789
1,0.0,1.0597595190380762,0.7144582903470257,-0.28075546131061946
1,0.0,1.0641282565130261,0.716751367749448,-0.28132433744010465
1,0.0,1.068496993987976,0.7190426902044759,-0.28188538772306215
1,0.0,1.072865731462926,0.7213322800721281,-0.2824385945112246
1,0.0,1.0772344689378759,0.7236201594993366,-0.28298394005991373
1,0.0,1.0816032064128256,0.7259063504218479,-0.2835214065230061
1,0.0,1.0859719438877755,0.7281908745661102,-0.2840509759478722
1,0.0,1.0903406813627254,0.7304737534511409,-0.28457263027028745
1,0.0,1.0947094188376754,0.7327550083903803,-0.28508635130932103
1,0.0,1.0990781563126253,0.7350346604935276,-0.2855921207621873
1,0.0,1.1034468937875752,0.7373127306683624,-0.2860899201990668
1,0.0,1.1078156312625251,0.739589239622548,-0.2865797310578977
1,0.0,1.112184368737475,0.7418642078654194,-0.2870615346391239
1,0.0,1.116553106212425,0.7441376557097586,-0.28753531210040684
1,0.0,1.1209218436873747,0.7464096032735492,-0.2880010444512989
1,0.0,1.1252905811623246,0.7486800704817211,-0.28845871254786704
1,0.0,1.1296593186372745,0.7509490770678753,-0.2889082970872796
1,0.0,1.1340280561122245,0.7532166425759951,-0.2893497786023388
1,0.0,1.1383967935871744,0.7554827863621444,-0.28978313745596407
1,0.0,1.1427655310621243,0.7577475275961483,-0.29020835383562454
1,0.0,1.1471342685370742,0.7600108852632603,-0.2906254077477161
1,0.0,1.1515030060120242,0.7622728781658141,-0.29103427901187895
1,0.0,1.155871743486974,0.7645335249248618,-0.291434947255259
1,0.0,1.1602404809619238,0.7667928439817975,-0.29182739190669915
1,0.0,1.1646092184368737,0.7690508535999656,-0.29221159219087595
1,0.0,1.1689779559118236,0.7713075718662574,-0.2925875271223549
1,0.0,1.1733466933867736,0.7735630166926902,-0.29295517549958877
1,0.0,1.1777154308617235,0.7758172058179761,-0.29331451589882895
1,0.0,1.1820841683366734,0.7780701568090742,-0.2936655266679698
1,0.0,1.1864529058116233,0.7803218870627319,-0.29400818592030653
1,0.0,1.1908216432865733,0.782572413807009,-0.2943424715282143
1,0.0,1.1951903807615232,0.7848217541027934,-0.2946683611167386
1,0.0,1.1995591182364729,0.7870699248452976,-0.2949858320570979
1,0.0,1.2039278557114228,0.7893169427655476,-0.2952948614600925
1,0.0,1.2082965931863727,0.7915628244318554,-0.2955954261694161
1,0.0,1.2126653306613226,0.7938075862512788,-0.2958875027548712
1,0.0,1.2170340681362726,0.7960512444710699,-0.29617106750547706
1,0.0,1.2214028056112225,0.7982938151801101,-0.29644609642247255
1,0.0,1.2257715430861724,0.8005353143103313,-0.2967125652122084
1,0.0,1.2301402805611223,0.8027757576381273,-0.29697044927892335
1,0.0,1.2345090180360723,0.8050151607857498,-0.2972197237174012
1,0.0,1.238877755511022,0.8072535392226942,-0.29746036330550807
1,0.0,1.243246492985972,0.8094909082670733,-0.29769234249659504
1,0.0,1.2476152304609218,0.8117272830869773,-0.2979156354117779
1,0.0,1.2519839679358717,0.8139626787018222,-0.29813021583207305
1,0.0,1.2563527054108217,0.8161971099836884,-0.29833605719039663
1,0.0,1.2607214428857716,0.8184305916586462,-0.29853313256341457
1,0.0,1.2650901803607215,0.8206631383080675,-0.2987214146632436
1,0.0,1.2694589178356714,0.8228947643699301,-0.2989008758289973
1,0.0,1.2738276553106214,0.8251254841401076,-0.29907148801816563
1,0.0,1.278196392785571,0.8273553117736486,-0.2992332227978329
1,0.0,1.282565130260521,0.829584261286046,-0.2993860513357191
1,0.0,1.286933867735471,0.8318123465544922,-0.29952994439104613
1,0.0,1.2913026052104208,0.8340395813191267,-0.2996648723052155
1,0.0,1.2956713426853708,0.8362659791842703,-0.2997908049922962
1,0.0,1.3000400801603207,0.8384915536196499,-0.2999077119293178
1,0.0,1.3044088176352706,0.8407163179616113,-0.30001556214635516
1,0.0,1.3087775551102205,0.8429402854143216,-0.3001143242164073
1,0.0,1.3131462925851705,0.8451634690509635,-0.3002039662450483
1,0.0,1.3175150300601204,0.8473858818149138,-0.30028445585986646
1,0.0,1.32188376753507,0.8496075365209174,-0.300355760199656
1,0.0,1.32625250501002,0.8518284458562467,-0.3004178459033772
1,0.0,1.33062124248497,0.8540486223818538,-0.3004706790988597
1,0.0,1.3349899799599199,0.8562680785335088,-0.30051422539125483
1,0.0,1.3393587174348698,0.8584868266229336,-0.3005484498512128
1,0.0,1.3437274549098197,0.8607048788389201,-0.30057331700278883
1,0.0,1.3480961923847696,0.8629222472484421,-0.3005887908110621
1,0.0,1.3524649298597196,0.8651389437977559,-0.3005948346694588
1,0.0,1.3568336673346695,0.8673549803134925,-0.30059141138676543
1,0.0,1.3612024048096192,0.8695703685037383,-0.30057848317383007
1,0.0,1.365571142284569,0.8717851199591082,-0.3005560116299359
1,0.0,1.369939879759519,0.8739992461538076,-0.30052395772883034
1,0.0,1.374308617234469,0.8762127584466876,-0.30048228180440306
1,0.0,1.3786773547094189,0.8784256680822862,-0.30043094353600913
1,0.0,1.3830460921843688,0.8806379861918664,-0.300369901933401
1,0.0,1.3874148296593187,0.8828497237944404,-0.30029911532128184
1,0.0,1.3917835671342687,0.8850608917977866,-0.300218541323449
1,0.0,1.3961523046092186,0.887271500999458,-0.30012813684651946
1,0.0,1.4005210420841683,0.8894815620877808,-0.30002785806321947
1,0.0,1.4048897795591182,0.8916910856428454,-0.2999176603952301
1,0.0,1.4092585170340681,0.8939000821374865,-0.2997974984955589
1,0.0,1.413627254509018,0.8961085619382575,-0.2996673262304327
1,0.0,1.417995991983968,0.898316535306394,-0.29952709666068833
1,0.0,1.422364729458918,0.9005240123987693,-0.2993767620226432
1,0.0,1.4267334669338678,0.9027310032688431,-0.29921627370842596
1,0.0,1.4311022044088177,0.9049375178675991,-0.2990455822457481
1,0.0,1.4354709418837677,0.9071435660444769,-0.2988646372770935
1,0.0,1.4398396793587174,0.9093491575482934,-0.2986733875383117
1,0.0,1.4442084168336673,0.9115543020281589,-0.29847178083657316
1,0.0,1.4485771543086172,0.9137590090343821,-0.29825976402768917
1,0.0,1.4529458917835671,0.9159632880193689,-0.2980372829927453
1,0.0,1.457314629258517,0.9181671483385129,-0.2978042826140409
1,0.0,1.461683366733467,0.9203705992510783,-0.29756070675029767
1,0.0,1.466052104208417,0.9225736499210744,-0.2973064982111111
1,0.0,1.4704208416833668,0.9247763094181236,-0.29704159873061403
1,0.0,1.4747895791583168,0.9269785867183193,-0.2967659489403275
1,0.0,1.4791583166332665,0.9291804907050795,-0.29647948834115023
1,0.0,1.4835270541082164,0.93138203016999,-0.29618215527447517
1,0.0,1.4878957915831663,0.9335832138136418,-0.29587388689237265
1,0.0,1.4922645290581162,0.9357840502464616,-0.29555461912682085
1,0.0,1.4966332665330662,0.9379845479895323,-0.29522428665793815
1,0.0,1.501002004008016,0.9401847154754097,-0.2948828228811717
1,0.0,1.505370741482966,0.9423845610489292,-0.29453015987340414
1,0.0,1.509739478957916,0.9445840929680066,-0.29416622835793454
1,0.0,1.5141082164328659,0.9467833194044326,-0.2937909576682736
1,0.0,1.5184769539078156,0.9489822484446586,-0.293404275710719
1,0.0,1.5228456913827655,0.951180888090577,-0.29300610892564827
1,0.0,1.5272144288577154,0.9533792462602935,-0.29259638224747697
1,0.0,1.5315831663326653,0.9555773307888932,-0.29217501906321847
1,0.0,1.5359519038076153,0.9577751494292006,-0.291741941169592
1,0.0,1.5403206412825652,0.9599727098525302,-0.2912970687286155
1,0.0,1.544689378757515,0.9621700196494352,-0.2908403202215955
1,0.0,1.549058116232465,0.9643670863304441,-0.29037161240147363
1,0.0,1.553426853707415,0.9665639173267957,-0.28989086024342847
1,0.0,1.5577955911823649,0.9687605199911634,-0.2893979768936669
1,0.0,1.5621643286573146,0.9709569015983763,-0.2888928736163156
1,0.0,1.5665330661322645,0.9731530693461335,-0.2883754597383212
1,0.0,1.5709018036072144,0.9753490303557094,-0.28784564259228274
1,0.0,1.5752705410821644,0.9775447916726555,-0.28730332745709236
1,0.0,1.5796392785571143,0.979740360267496,-0.28674841749629765
1,0.0,1.5840080160320642,0.9819357430364155,-0.28618081369407494
1,0.0,1.5883767535070141,0.9841309468019418,-0.2856004147886891
1,0.0,1.592745490981964,0.9863259783136228,-0.28500711720332
1,0.0,1.597114228456914,0.9885208442486965,-0.28440081497413483
1,0.0,1.6014829659318637,0.9907155512127557,-0.28378139967544574
1,0.0,1.6058517034068136,0.9929101057404076,-0.2831487603418358
1,0.0,1.6102204408817635,0.9951045142959258,-0.28250278338706997
1,0.0,1.6145891783567135,0.9972987832738975,-0.28184335251965403
1,0.0,1.6189579158316634,0.9994929189998656,-0.28117034865483875
1,0.0,1.6233266533066133,1.001686927730964,-0.28048364982290835
1,0.0,1.6276953907815632,1.003880815656547,-0.27978313107354186
1,0.0,1.6320641282565131,1.006074588898816,-0.27906866437604416
1,0.0,1.636432865731463,1.0082682535134369,-0.27834011851522333
1,0.0,1.6408016032064128,1.0104618154901532,-0.27759735898267496
1,0.0,1.6451703406813627,1.0126552807533957,-0.27684024786322337
1,0.0,1.6495390781563126,1.0148486551628844,-0.27606864371625406
1,0.0,1.6539078156312625,1.0170419445142256,-0.27528240145164035
1,0.0,1.6582765531062125,1.019235154539505,-0.2744813721999712
1,0.0,1.6626452905811624,1.0214282909078742,-0.2736654031767425
1,0.0,1.6670140280561123,1.0236213592261314,-0.2728343375401766
1,0.0,1.6713827655310622,1.0258143650392997,-0.27198801424227426
1,0.0,1.6757515030060122,1.028007313831197,-0.2711262678727243
1,0.0,1.6801202404809619,1.030200211025004,-0.27024892849522936
1,0.0,1.6844889779559118,1.032393061983823,-0.2693558214757952
1,0.0,1.6888577154308617,1.0345858720112382,-0.2684467673024803
1,0.0,1.6932264529058116,1.0367786463518622,-0.2675215813961064
1,0.0,1.6975951903807616,1.0389713901918878,-0.26658007391132443
1,0.0,1.7019639278557115,1.0411641086596257,-0.2656220495274631
1,0.0,1.7063326653306614,1.0433568068260433,-0.26464730722848645
1,0.0,1.7107014028056113,1.045549489705297,-0.2636556400713564
1,0.0,1.7150701402805613,1.047742162255258,-0.2626468349420498
1,0.0,1.719438877755511,1.0499348293780377,-0.2616206722983946
1,0.0,1.7238076152304609,1.0521274959205038,-0.2605769258988649
1,0.0,1.7281763527054108,1.0543201666747948,-0.25951536251635016
1,0.0,1.7325450901803607,1.056512846378828,-0.2584357416358907
1,0.0,1.7369138276553107,1.0587055397168053,-0.2573378151352431
1,0.0,1.7412825651302606,1.0608982513197123,-0.2562213269470725
1,0.0,1.7456513026052105,1.0630909857658148,-0.2550860127014496
1,0.0,1.7500200400801604,1.065283747581149,-0.25393159934723464
1,0.0,1.7543887775551104,1.067476541240008,-0.2527578047507824
1,0.0,1.75875751503006,1.0696693711654264,-0.25156433727028804
1,0.0,1.76312625250501,1.0718622417296566,-0.25035089530392346
1,0.0,1.76749498997996,1.0740551572546426,-0.24911716680978033
1,0.0,1.7718637274549098,1.0762481220124913,-0.24786282879538535
1,0.0,1.7762324649298598,1.0784411402259373,-0.24658754677443628
1,0.0,1.7806012024048097,1.080634216068804,-0.245290974188097
1,0.0,1.7849699398797596,1.0828273536664619,-0.243972751788001
1,0.0,1.7893386773547095,1.08502055709628,-0.2426325069777948
1,0.0,1.7937074148296595,1.0872138303880783,-0.24126985310974072
1,0.0,1.7980761523046092,1.0894071775245695,-0.2398843887325875
1,0.0,1.802444889779559,1.0916006024418041,-0.2384756967864618
1,0.0,1.806813627254509,1.093794109029603,-0.23704334374017116
1,0.0,1.811182364729459,1.0959877011319963,-0.23558687866574285
1,0.0,1.8155511022044089,1.0981813825476487,-0.23410583224454007
1,0.0,1.8199198396793588,1.1003751570302884,-0.23259971569862084
1,0.0,1.8242885771543087,1.1025690282891267,-0.23106801964034288
1,0.0,1.8286573146292586,1.1047629999892783,-0.22951021283239337
1,0.0,1.8330260521042085,1.1069570757521747,-0.22792574084956063
1,0.0,1.8373947895791582,1.1091512591559756,-0.22631402463251032
1,0.0,1.8417635270541082,1.1113455537359758,-0.22467445892268506
1,0.0,1.846132264529058,1.1135399629850093,-0.22300641056613643
1,0.0,1.850501002004008,1.1157344903538486,-0.22130921667255923
1,0.0,1.854869739478958,1.1179291392516022,-0.21958218261408685
1,0.0,1.8592384769539079,1.1201239130461067,-0.2178245798464096
1,0.0,1.8636072144288578,1.1223188150643162,-0.21603564353249338
1,0.0,1.8679759519038077,1.1245138485926893,-0.21421456994650273
1,0.0,1.8723446893787576,1.1267090168775702,-0.21236051363251623
1,0.0,1.8767134268537076,1.128904323125569,-0.21047258428900545
1,0.0,1.8810821643286573,1.1310997705039367,-0.20854984334593715
1,0.0,1.8854509018036072,1.1332953621409383,-0.20659130019649924
1,0.0,1.8898196392785571,1.1354911011262214,-0.20459590803974037
1,0.0,1.894188376753507,1.1376869905111817,-0.20256255928376365
1,0.0,1.898557114228457,1.1398830333093266,-0.2004900804511305
1,0.0,1.902925851703407,1.1420792324966331,-0.19837722651884845
1,0.0,1.9072945891783568,1.1442755910119053,-0.19622267461403614
1,0.0,1.9116633266533067,1.1464721117571266,-0.19402501697310798
1,0.0,1.9160320641282567,1.1486687975978094,-0.19178275305623219
1,0.0,1.9204008016032064,1.1508656513633413,-0.1894942806894677
1,0.0,1.9247695390781563,1.1530626758473304,-0.18715788608357473
1,0.0,1.9291382765531062,1.1552598738079443,-0.18477173254991808
1,0.0,1.9335070140280561,1.157457247968248,-0.1823338476988418
1,0.0,1.937875751503006,1.1596548010165373,-0.17984210886284047
1,0.0,1.942244488977956,1.161852535606673,-0.17729422643337575
1,0.0,1.946613226452906,1.164050454358407,-0.17468772473352265
1,0.0,1.9509819639278558,1.1662485598577073,-0.17201991996496557
1,0.0,1.9553507014028058,1.1684468546570843,-0.16928789466186436
1,0.0,1.9597194388777555,1.170645341275906,-0.16648846794929184
1,0.0,1.9640881763527054,1.1728440222007184,-0.16361816073030822
1,0.0,1.9684569138276553,1.175042899885558,-0.1606731547009599
1,0.0,1.9728256513026052,1.1772419767522633,-0.15764924379810594
1,0.0,1.9771943887775552,1.1794412551907836,-0.15454177629586455
1,0.0,1.981563126252505,1.1816407375594842,-0.1513455852464014
1,0.0,1.985931863727455,1.1838404261854503,-0.14805490425740211
1,0.0,1.990300601202405,1.1860403233647865,-0.14466326463501714
1,0.0,1.9946693386773549,1.1882404313629142,-0.14116336858253403
1,0.0,1.9990380761523046,1.1904407524148681,-0.13754693125696807
1,0.0,2.0034068136272545,1.1926412887255862,-0.13380448177730775
1,0.0,2.0077755511022044,1.1948420424702022,-0.12992510932040072
1,0.0,2.0121442885771543,1.19704301579433,-0.12589613453661638
1,0.0,2.0165130260521043,1.1992442108143495,-0.12170267750582889
1,0.0,2.020881763527054,1.2014456296176892,-0.11732707933911002
1,0.0,2.025250501002004,1.2036472742631041,-0.11274811176503349
1,0.0,2.029619238476954,1.205849146780954,-0.10793987106922327
1,0.0,2.033987975951904,1.2080512491734778,-0.10287018693086589
1,0.0,2.038356713426854,1.2102535834150643,-0.09749825730613279
1,0.0,2.042725450901804,1.212456151452523,-0.09177099200739183
1,0.0,2.0470941883767537,1.214658955205351,-0.085617080997818
1,0.0,2.0514629258517036,1.216861996565998,-0.07893677089967419
1,0.0,2.0558316633266536,1.2190652774001278,-0.07158280257667629
1,0.0,2.060200400801603,1.2212687995468792,-0.0633208576696027
1,0.0,2.064569138276553,1.2234725648191238,-0.053733686027027425
1,0.0,2.068937875751503,1.2256765750037204,-0.041921673573711224
1,0.0,2.073306613226453,1.227880831861769,-0.024897374794987787
1,0.0,2.0776753507014027,1.207165081696667,0.0
1,0.0,2.0820440881763527,1.1913238849206131,0.0
1,0.0,2.0864128256513026,1.1812146945055475,0.0
1,0.0,2.0907815631262525,1.1733990414243947,0.0
1,0.0,2.0951503006012024,1.1669128143485126,0.0
1,0.0,2.0995190380761524,1.1613204335807579,0.0
1,0.0,2.1038877755511023,1.1563810783369979,0.0
1,0.0,2.108256513026052,1.1519450772068247,0.0
1,0.0,2.112625250501002,1.1479119261091972,0.0
1,0.0,2.116993987975952,1.1442103032573028,0.0
1,0.0,2.121362725450902,1.1407874491413283,0.0
1,0.0,2.125731462925852,1.1376030495702343,0.0
1,0.0,2.130100200400802,1.1346254877206883,0.0
1,0.0,2.1344689378757518,1.1318294322382731,0.0
1,0.0,2.1388376753507012,1.1291942218646638,0.0
1,0.0,2.143206412825651,1.126702747026533,0.0
1,0.0,2.147575150300601,1.1243406534806442,0.0
1,0.0,2.151943887775551,1.1220957614970322,0.0
1,0.0,2.156312625250501,1.1199576333401193,0.0
1,0.0,2.160681362725451,1.1179172452682014,0.0
1,0.0,2.165050100200401,1.1159667347672815,0.0
1,0.0,2.1694188376753507,1.1140992029609689,0.0
1,0.0,2.1737875751503006,1.1123085581650904,0.0
1,0.0,2.1781563126252506,1.1105893905853654,0.0
1,0.0,2.1825250501002005,1.1089368709075764,0.0
1,0.0,2.1868937875751504,1.1073466674428265,0.0
1,0.0,2.1912625250501003,1.1058148778443224,0.0
1,0.0,2.1956312625250503,1.1043379723842854,0.0
1,0.0,2.2,1.102912746488268,0.0
2,-0.2,0.02,0.09393991604114137,-0.2178761827443229
2,-0.2,0.0243687374749499,0.09877602552700855,-0.21522912996972643
2,-0.2,0.0287374749498998,0.10357035991744097,-0.2125913059644191
2,-0.2,0.0331062124248497,0.10832348691645648,-0.2099625323557135
2,-0.2,0.0374749498997996,0.11303597220086933,-0.20734263923920315
2,-0.2,0.0418436873747495,0.11770837905331766,-0.20473146519571633
2,-0.2,0.046212424849699396,0.12234126799745357,-0.20212885727864185
2,-0.2,0.0505811623246493,0.1269351964380258,-0.19953467097241337
2,-0.2,0.0549498997995992,0.13149071830848666,-0.1969487701232092
2,-0.2,0.0593186372745491,0.1360083837285106,-0.19437102684320093
2,-0.2,0.063687374749499,0.14048873867359665,-0.19180132138990263
2,-0.2,0.0680561122244489,0.14493232465873157,-0.18923954202237503
2,-0.2,0.0724248496993988,0.1493396784377573,-0.1866855848361712
2,-0.2,0.0767935871743487,0.1537113317199225,-0.18413935357903552
2,-0.2,0.0811623246492986,0.15804781090471168,-0.1816007594494468
2,-0.2,0.0855310621242485,0.16234963683590675,-0.17906972088011203
2,-0.2,0.0898997995991984,0.1666173245754803,-0.17654616330855352
2,-0.2,0.0942685370741483,0.17085138319776091,-0.17403001893687792
2,-0.2,0.0986372745490982,0.17505231560399864,-0.17152122648278265
2,-0.2,0.1030060120240481,0.17922061835734546,-0.16901973092376532
2,-0.2,0.107374749498998,0.1833567815379928,-0.1665254832364187
2,-0.2,0.1117434869739479,0.18746128861810682,-0.16403844013258045
2,-0.2,0.11611222444889781,0.19153461635601435,-0.16155856379397138
2,-0.2,0.1204809619238477,0.19557723470897823,-0.15908582160684756
2,-0.2,0.1248496993987976,0.19958960676385415,-0.15662018589804505
2,-0.2,0.12921843687374748,0.2035721886847115,-0.15416163367365
2,-0.2,0.13358717434869738,0.20752542967660054,-0.1517101463614063
2,-0.2,0.1379559118236473,0.21144977196446946,-0.149265709557838
2,-0.2,0.1423246492985972,0.21534565078626972,-0.14682831278090838
2,-0.2,0.1466933867735471,0.21921349439928742,-0.14439794922894789
2,-0.2,0.151062124248497,0.22305372409866428,-0.14197461554644503
2,-0.2,0.1554308617234469,0.22686675424716685,-0.13955831159718343
2,-0.2,0.15979959919839679,0.23065299231522096,-0.13714904024511934
2,-0.2,0.16416833667334668,0.23441283893028494,-0.1347468071432871
2,-0.2,0.16853707414829658,0.2381466879346294,-0.13235162053094024
2,-0.2,0.17290581162324647,0.24185492645070036,-0.12996349103907065
2,-0.2,0.17727454909819637,0.24553793495319048,-0.12758243150434978
2,-0.2,0.1816432865731463,0.249196087347064,-0.125208456791516
2,-0.2,0.1860120240480962,0.2528297510507739,-0.12284158362414287
2,-0.2,0.1903807615230461,0.25643928708400626,-0.12048183042370778
2,-0.2,0.19474949899799598,0.26002505015926064,-0.1181292171568089
2,-0.2,0.19911823647294588,0.26358738877670945,-0.11578376519038136
2,-0.2,0.20348697394789578,0.2671266453217482,-0.11344549715471074
2,-0.2,0.20785571142284567,0.27064315616473944,-0.1111144368140258
2,-0.2,0.2122244488977956,0.2741372517624656,-0.10879060894443918
2,-0.2,0.2165931863727455,0.27760925676088255,-0.10647403921898926
2,-0.2,0.2209619238476954,0.28105949009875436,-0.10416475409952404
2,-0.2,0.2253306613226453,0.28448826511184333,-0.10186278073516358
2,-0.2,0.22969939879759518,0.28789588963730656,-0.09956814686707081
2,-0.2,0.23406813627254508,0.29128266611804454,-0.09728088073926802
2,-0.2,0.23843687374749498,0.29464889170670827,-0.09500101101521732
2,-0.2,0.24280561122244487,0.297994858369168,-0.09272856669991282
2,-0.2,0.24717434869739477,0.30132085298721073,-0.09046357706720236
2,-0.2,0.2515430861723447,0.3046271574603287,-0.08820607159210886
2,-0.2,0.2559118236472946,0.30791404880639117,-0.08595607988786717
2,-0.2,0.2602805611222445,0.3111817992611087,-0.08371363164745084
2,-0.2,0.2646492985971944,0.3144306763761482,-0.0814787565893505
2,-0.2,0.2690180360721443,0.3176609431158081,-0.0792514844073653
2,-0.2,0.27338677354709423,0.320872857952164,-0.07703184472418986
2,-0.2,0.2777555110220441,0.32406667495861846,-0.07481986704858598
2,-0.2,0.282124248496994,0.3272426439017972,-0.0726155807359304
2,-0.2,0.2864929859719439,0.3304010103317465,-0.07041901495194651
2,-0.2,0.2908617234468938,0.33354201567039204,-0.0682301986394306
2,-0.2,0.2952304609218437,0.33666589729823776,-0.06604916048779491
2,-0.2,0.2995991983967936,0.33977288863928423,-0.06387592890525663
2,-0.2,0.30396793587174353,0.342863219244158,-0.06171053199351553
2,-0.2,0.3083366733466934,0.3459371148714458,-0.05955299752475705
2,-0.2,0.3127054108216433,0.3489947975672367,-0.057403352920848284
2,-0.2,0.3170741482965932,0.35203648574288,-0.05526162523457575
2,-0.2,0.3214428857715431,0.3550623942509685,-0.053127841132803486
2,-0.2,0.325811623246493,0.358072734459564,-0.05100202688142562
2,-0.2,0.3301803607214429,0.36106771432468465,-0.04888420833199136
2,-0.2,0.3345490981963928,0.3640475384610721,-0.04677441090990024
2,-0.2,0.3389178356713427,0.36701240821126935,-0.04467265960405884
2,-0.2,0.34328657314629263,0.3699625217130265,-0.04257897895789742
2,-0.2,0.3476553106212425,0.37289807396507313,-0.04049339306166586
2,-0.2,0.3520240480961924,0.3758192568912793,-0.03841592554590896
2,-0.2,0.3563927855711423,0.37872625940323407,-0.03634659957604185
2,-0.2,0.3607615230460922,0.3816192674612874,-0.03428543784795795
2,-0.2,0.3651302605210421,0.38449846413406724,-0.03223246258458686
2,-0.2,0.369498997995992,0.38736402965652444,-0.030187695533334537
2,-0.2,0.37386773547094193,0.39021614148652034,-0.028151157964347702
2,-0.2,0.3782364729458918,0.3930549743600102,-0.02612287066954018
2,-0.2,0.3826052104208417,0.39588070034483985,-0.02410285396231979
2,-0.2,0.3869739478957916,0.3986934888931961,-0.022091127677974214
2,-0.2,0.3913426853707415,0.4014935068927445,-0.020087711174650337
2,-0.2,0.3957114228456914,0.4042809187164856,-0.018092623334896942
2,-0.2,0.4000801603206413,0.4070558862713622,-0.016105882567716577
2,-0.2,0.40444889779559123,0.409818569045657,-0.014127506811090892
2,-0.2,0.4088176352705411,0.41256912415519803,-0.01215751353493815
2,-0.2,0.413186372745491,0.41530770638841724,-0.010195919744468332
2,-0.2,0.4175551102204409,0.4180344682502909,-0.008242741983906685
2,-0.2,0.4219238476953908,0.4207495600051799,-0.006297996340545338
2,-0.2,0.4262925851703407,0.4234531297186194,-0.00436169844910284
2,-0.2,0.4306613226452906,0.4261453232980681,-0.002433863496359302
2,-0.2,0.4350300601202405,0.42882628453266114,-0.0005145062260433579
2,-0.2,0.4393987975951904,0.43149615513198114,0.0013963590560529704
2,-0.2,0.44376753507014033,0.4341550747638863,0.003298718476753164
2,-0.2,0.4481362725450902,0.4368031810914093,0.00519255858999545
2,-0.2,0.4525050100200401,0.43944060980876987,0.007077866371158007
2,-0.2,0.45687374749499,0.4420674946765068,0.008954629211243645
2,-0.2,0.4612424849699399,0.4446839675557694,0.010822834910930994
2,-0.2,0.4656112224448898,0.44729015844178527,0.012682471674509583
2,-0.2,0.4699799599198397,0.4498861954965238,0.014533528103720805
2,-0.2,0.4743486973947896,0.4524722050805911,0.016375993191502524
2,-0.2,0.4787174348697395,0.45504831178436256,0.018209856315665334
2,-0.2,0.4830861723446894,0.4576146384583844,0.020035107232507194
2,-0.2,0.4874549098196393,0.4601713062430623,0.021851736070370668
2,-0.2,0.4918236472945892,0.4627184345976569,0.023659733323164595
2,-0.2,0.4961923847695391,0.4652561413286035,0.025459089843850823
2,-0.2,0.500561122244489,0.4677845426171793,0.027249796837905117
2,-0.2,0.5049298597194388,0.4703037530465337,0.02903184585676669
2,-0.2,0.5092985971943887,0.472813885628099,0.030805228791276923
2,-0.2,0.5136673346693387,0.4753150518273991,0.03256993786511667
2,-0.2,0.5180360721442886,0.47780736158927517,0.034325965628250084
2,-0.2,0.5224048096192385,0.48029092336254103,0.03607330495037762
2,-0.2,0.5267735470941884,0.4827658441240861,0.03781194901440551
2,-0.2,0.5311422845691383,0.4852322294024399,0.03954189130993923
2,-0.2,0.5355110220440882,0.48769018330081493,0.04126312562679667
2,-0.2,0.5398797595190381,0.490139808519639,0.04297564604855716
2,-0.2,0.544248496993988,0.4925812063785931,0.044679446946140705
2,-0.2,0.548617234468938,0.4950144768381684,0.04637452297142468
2,-0.2,0.5529859719438878,0.49743971852075264,0.04806086905090245
2,-0.2,0.5573547094188377,0.49985702873126375,0.049738480379383936
2,-0.2,0.5617234468937876,0.502266503477336,0.05140735241373942
2,-0.2,0.5660921843687375,0.5046682374890755,0.05306748086669787
2,-0.2,0.5704609218436874,0.5070623242383958,0.05471886170068796
2,-0.2,0.5748296593186373,0.5094488559579428,0.056361491121737176
2,-0.2,0.5791983967935872,0.5118279236596212,0.05799536557342045
2,-0.2,0.5835671342685371,0.514199617152732,0.05962048173086575
2,-0.2,0.587935871743487,0.5165640250617312,0.06123683649481938
2,-0.2,0.5923046092184369,0.5189212348436221,0.06284442698576134
2,-0.2,0.5966733466933868,0.5212713328049855,0.06444325053808664
2,-0.2,0.6010420841683367,0.5236144041186598,0.0660333046943441
2,-0.2,0.6054108216432866,0.525950532840083,0.06761458719953255
2,-0.2,0.6097795591182364,0.5282798019232986,0.06918709599546187
2,-0.2,0.6141482965931864,0.5306022932366398,0.07075082921517334
2,-0.2,0.6185170340681363,0.5329180875780931,0.07230578517742214
2,-0.2,0.6228857715430862,0.5352272646903607,0.07385196238122058
2,-0.2,0.6272545090180361,0.537529903275615,0.07538935950044548
2,-0.2,0.631623246492986,0.5398260810099607,0.07691797537850789
2,-0.2,0.6359919839679359,0.5421158745576166,0.07843780902308173
2,-0.2,0.6403607214428858,0.5443993595848092,0.079948859600898
2,-0.2,0.6447294589178357,0.5466766107733995,0.08145112643259987
2,-0.2,0.6490981963927855,0.54894770183424,0.08294460898765883
2,-0.2,0.6534669338677355,0.5512127055202747,0.08442930687935365
2,-0.2,0.6578356713426854,0.5534716936393819,0.08590521985980883
2,-0.2,0.6622044088176353,0.5557247370669702,0.0873723478150955
2,-0.2,0.6665731462925852,0.557971905758334,0.08883069076039135
2,-0.2,0.670941883767535,0.5602132687607679,0.09028024883520275
2,-0.2,0.675310621242485,0.5624488942254542,0.09172102229864192
2,-0.2,0.6796793587174349,0.5646788494191212,0.09315301152476729
2,-0.2,0.6840480961923848,0.5669032007354803,0.09457621699798126
2,-0.2,0.6884168336673347,0.5691220137064502,0.095990639308483
2,-0.2,0.6927855711422846,0.5713353530131641,0.09739627914778198
2,-0.2,0.6971543086172345,0.5735432824967754,0.09879313730426409
2,-0.2,0.7015230460921844,0.575745865169058,0.10018121465881807
2,-0.2,0.7058917835671343,0.5779431632228088,0.10156051218051085
2,-0.2,0.7102605210420841,0.5801352380420571,0.10293103092232402
2,-0.2,0.7146292585170341,0.5823221502120842,0.10429277201693882
2,-0.2,0.718997995991984,0.5845039595292558,0.10564573667257651
2,-0.2,0.7233667334669339,0.5866807250106765,0.10698992616888717
2,-0.2,0.7277354709418838,0.5888525049036597,0.10832534185289608
2,-0.2,0.7321042084168337,0.5910193566950301,0.10965198513499382
2,-0.2,0.7364729458917836,0.5931813371202487,0.11096985748498166
2,-0.2,0.7408416833667335,0.595338502172376,0.11227896042816046
2,-0.2,0.7452104208416834,0.597490907110866,0.11357929554147203
2,-0.2,0.7495791583166332,0.599638606470202,0.11487086444968554
2,-0.2,0.7539478957915832,0.6017816540683745,0.116153668821631
2,-0.2,0.7583166332665331,0.6039201030152016,0.11742771036647776
2,-0.2,0.762685370741483,0.6060540057205028,0.11869299083005694
2,-0.2,0.7670541082164329,0.6081834139021156,0.11994951199123102
2,-0.2,0.7714228456913828,0.6103083785937738,0.12119727565830285
2,-0.2,0.7757915831663327,0.612428950152838,0.12243628366546754
2,-0.2,0.7801603206412826,0.6145451782678846,0.12366653786930776
2,-0.2,0.7845290581162325,0.6166571119661585,0.12488804014532745
2,-0.2,0.7888977955911824,0.6187647996208888,0.126100792384527
2,-0.2,0.7932665330661323,0.6208682889584702,0.12730479649001455
2,-0.2,0.7976352705410822,0.622967627065514,0.1285000543736583
2,-0.2,0.8020040080160321,0.6250628603957692,0.12968656795277436
2,-0.2,0.806372745490982,0.6271540347769173,0.13086433914685042
2,-0.2,0.8107414829659318,0.6292411954172419,0.13203336987430767
2,-0.2,0.8151102204408818,0.6313243869121755,0.13319366204929325
2,-0.2,0.8194789579158317,0.6334036532507256,0.13434521757851137
2,-0.2,0.8238476953907816,0.6354790378217821,0.13548803835808185
2,-0.2,0.8282164328657315,0.6375505834203062,0.13662212627043677
2,-0.2,0.8325851703406814,0.6396183322534073,0.13774748318124444
2,-0.2,0.8369539078156313,0.6416823259463028,0.13886411093636464
2,-0.2,0.8413226452905812,0.643742605548168,0.13997201135883552
2,-0.2,0.8456913827655311,0.6457992115378756,0.14107118624588771
2,-0.2,0.8500601202404809,0.647852183829627,0.14216163736598691
2,-0.2,0.8544288577154309,0.6499015617784746,0.14324336645590385
2,-0.2,0.8587975951903808,0.6519473841857424,0.14431637521781215
2,-0.2,0.8631663326653307,0.6539896893043371,0.14538066531641067
2,-0.2,0.8675350701402806,0.6560285148439617,0.14643623837606903
2,-0.2,0.8719038076152305,0.6580638979762241,0.14748309597800394
2,-0.2,0.8762725450901804,0.6600958753396475,0.1485212396574694
2,-0.2,0.8806412825651303,0.6621244830445807,0.14955067090097973
2,-0.2,0.8850100200400802,0.6641497566780115,0.15057139114354623
2,-0.2,0.88937875751503,0.6661717313082822,0.15158340176594043
2,-0.2,0.89374749498998,0.6681904414897138,0.1525867040919748
2,-0.2,0.8981162324649299,0.6702059212671289,0.15358129938580492
2,-0.2,0.9024849699398798,0.6722182041802872,0.15456718884924964
2,-0.2,0.9068537074148297,0.6742273232682268,0.15554437361913004
2,-0.2,0.9112224448897795,0.6762333110735131,0.15651285476462495
2,-0.2,0.9155911823647295,0.6782361996463985,0.1574726332846443
2,-0.2,0.9199599198396794,0.6802360205488915,0.1584237101052179
2,-0.2,0.9243286573146293,0.6822328048587378,0.15936608607690006
2,-0.2,0.9286973947895791,0.6842265831733125,0.16029976197218732
2,-0.2,0.9330661322645291,0.6862173856134273,0.1612247384829518
2,-0.2,0.937434869739479,0.6882052418270466,0.162141016217887
2,-0.2,0.9418036072144289,0.6901901809929227,0.1630485956999661
2,-0.2,0.9461723446893788,0.6921722318241431,0.16394747736391027
2,-0.2,0.9505410821643286,0.694151422571594,0.16483766155367166
2,-0.2,0.9549098196392786,0.6961277810273381,0.1657191485199239
2,-0.2,0.9592785571142285,0.6981013345279112,0.1665919384175626
2,-0.2,0.9636472945891784,0.7000721099575354,0.1674560313032147
2,-0.2,0.9680160320641283,0.7020401337512475,0.16831142713275743
2,-0.2,0.9723847695390782,0.7040054318979474,0.1691581257588439
2,-0.2,0.9767535070140281,0.7059680299433648,0.16999612692843458
2,-0.2,0.981122244488978,0.7079279529929439,0.17082543028033562
2,-0.2,0.9854909819639279,0.7098852257146444,0.17164603534274553
2,-0.2,0.9898597194388777,0.7118398723416677,0.17245794153080013
2,-0.2,0.9942284569138277,0.713791916675097,0.17326114814412877
2,-0.2,0.9985971943887776,0.7157413820864593,0.17405565436440967
2,-0.2,1.0029659318637274,0.7176882915202075,0.17484145925292846
2,-0.2,1.0073346693386773,0.7196326674961215,0.17561856174814136
2,-0.2,1.0117034068136272,0.7215745321116297,0.17638696066323734
2,-0.2,1.0160721442885772,0.723513907044052,0.1771466546837007
2,-0.2,1.020440881763527,0.7254508135527598,0.17789764236487599
2,-0.2,1.024809619238477,0.7273852724812593,0.17863992212953222
2,-0.2,1.029178356713427,0.7293173042591944,0.179373492265424
2,-0.2,1.0335470941883769,0.7312469289042672,0.18009835092285087
2,-0.2,1.0379158316633268,0.7331741660240818,0.1808144961122177
2,-0.2,1.0422845691382765,0.7350990348179057,0.18152192570158637
2,-0.2,1.0466533066132264,0.7370215540783522,0.18222063741422945
2,-0.2,1.0510220440881763,0.7389417421929805,0.18291062882617554
2,-0.2,1.0553907815631263,0.7408596171458162,0.18359189736374898
2,-0.2,1.0597595190380762,0.7427751965187911,0.18426444030110897
2,-0.2,1.0641282565130261,0.7446884974931001,0.18492825475777463
2,-0.2,1.068496993987976,0.7465995368504764,0.18558333769615118
2,-0.2,1.072865731462926,0.7485083309743866,0.18622968591904088
2,-0.2,1.0772344689378759,0.7504148958511387,0.1868672960671516
2,-0.2,1.0816032064128256,0.7523192470709118,0.18749616461659283
2,-0.2,1.0859719438877755,0.7542213998286986,0.1881162878763632
2,-0.2,1.0903406813627254,0.756121368925164,0.18872766198582844
2,-0.2,1.0947094188376754,0.75801916876742,0.189330282912186
2,-0.2,1.0990781563126253,0.7599148133697131,0.18992414644792147
2,-0.2,1.1034468937875752,0.7618083163540267,0.19050924820825102
2,-0.2,1.1078156312625251,0.7636996909505953,0.19108558362855144
2,-0.2,1.112184368737475,0.7655889499983316,0.19165314796177288
2,-0.2,1.116553106212425,0.7674761059451634,0.19221193627584776
2,-0.2,1.1209218436873747,0.7693611708482821,0.19276194345107187
2,-0.2,1.1252905811623246,0.7712441563742986,0.19330316417747895
2,-0.2,1.1296593186372745,0.77312507379931,0.1938355929521987
2,-0.2,1.1340280561122245,0.7750039340088694,0.1943592240767928
2,-0.2,1.1383967935871744,0.776880747497866,0.19487405165458077
2,-0.2,1.1427655310621243,0.7787555243703077,0.19538006958794002
2,-0.2,1.1471342685370742,0.7806282743390068,0.19587727157559706
2,-0.2,1.1515030060120242,0.782499006725168,0.19636565110989027
2,-0.2,1.155871743486974,0.7843677304578803,0.19684520147401768
2,-0.2,1.1602404809619238,0.7862344540735027,0.19731591573926696
2,-0.2,1.1646092184368737,0.7880991857149532,0.19777778676221672
2,-0.2,1.1689779559118236,0.7899619331308912,0.19823080718192393
2,-0.2,1.1733466933867736,0.791822703674794,0.19867496941708548
2,-0.2,1.1777154308617235,0.7936815043039295,0.1991102656631785
2,-0.2,1.1820841683366734,0.7955383415782176,0.19953668788957327
2,-0.2,1.1864529058116233,0.7973932216589811,0.1999542278366316
2,-0.2,1.1908216432865733,0.7992461503075845,0.20036287701276842
2,-0.2,1.1951903807615232,0.8010971328839603,0.20076262669149916
2,-0.2,1.1995591182364729,0.8029461743450139,0.2011534679084551
2,-0.2,1.2039278557114228,0.8047932792429157,0.20153539145837446
2,-0.2,1.2082965931863727,0.806638451723266,0.20190838789206864
2,-0.2,1.2126653306613226,0.8084816955231426,0.20227244751335682
2,-0.2,1.2170340681362726,0.8103230139690177,0.2026275603759798
2,-0.2,1.2214028056112225,0.81216240997455,0.20297371628047617
2,-0.2,1.2257715430861724,0.8139998860382429,0.2033109047710402
2,-0.2,1.2301402805611223,0.8158354442409727,0.20363911513234054
2,-0.2,1.2345090180360723,0.8176690862433754,0.20395833638631933
2,-0.2,1.238877755511022,0.8195008132831003,0.20426855728895066
2,-0.2,1.243246492985972,0.8213306261719144,0.20456976632697935
2,-0.2,1.2476152304609218,0.8231585252926683,0.20486195171461735
2,-0.2,1.2519839679358717,0.8249845105961051,0.2051451013902218
2,-0.2,1.2563527054108217,0.8268085815975271,0.20541920301292668
2,-0.2,1.2607214428857716,0.8286307373732966,0.20568424395925677
2,-0.2,1.2650901803607215,0.830450976557183,0.20594021131970014
2,-0.2,1.2694589178356714,0.8322692973365475,0.2061870918952498
2,-0.2,1.2738276553106214,0.834085697448357,0.20642487219391428
2,-0.2,1.278196392785571,0.8359001741750292,0.20665353842719478
2,-0.2,1.282565130260521,0.837712724340101,0.20687307650652714
2,-0.2,1.286933867735471,0.8395233443037194,0.20708347203969385
2,-0.2,1.2913026052104208,0.8413320299579448,0.20728471032719822
2,-0.2,1.2956713426853708,0.8431387767218682,0.20747677635860784
2,-0.2,1.3000400801603207,0.8449435795365335,0.20765965480886503
2,-0.2,1.3044088176352706,0.8467464328596598,0.2078333300345627
2,-0.2,1.3087775551102205,0.8485473306601611,0.20799778607018476
2,-0.2,1.3131462925851705,0.8503462664124567,0.2081530066243176
2,-0.2,1.3175150300601204,0.8521432330905654,0.20829897507582404
2,-0.2,1.32188376753507,0.8539382231619779,0.2084356744699887
2,-0.2,1.32625250501002,0.8557312285813052,0.20856308751462765
2,-0.2,1.33062124248497,0.857522240783691,0.20868119657616907
2,-0.2,1.3349899799599199,0.8593112506779853,0.20878998367569732
2,-0.2,1.3393587174348698,0.8610982486396727,0.2088894304849747
2,-0.2,1.3437274549098197,0.8628832245035458,0.20897951832242145
2,-0.2,1.3480961923847696,0.864666167556118,0.2090602281490813
2,-0.2,1.3524649298597196,0.8664470665277708,0.20913154056454292
2,-0.2,1.3568336673346695,0.8682259095846225,0.20919343580284452
2,-0.2,1.3612024048096192,0.8700026843201134,0.20924589372834937
2,-0.2,1.365571142284569,0.8717773777463033,0.20928889383159524
2,-0.2,1.369939879759519,0.8735499762848602,0.2093224152251221
2,-0.2,1.374308617234469,0.8753204657577497,0.2093464366392744
2,-0.2,1.3786773547094189,0.8770888313775959,0.2093609364179894
2,-0.2,1.3830460921843688,0.8788550577377211,0.2093658925145599
2,-0.2,1.3874148296593187,0.8806191288018436,0.209361282487385
2,-0.2,1.3917835671342687,0.8823810278934279,0.20934708349570905
2,-0.2,1.3961523046092186,0.8841407376846786,0.20932327229534128
2,-0.2,1.4005210420841683,0.8858982401851573,0.20928982523437578
2,-0.2,1.4048897795591182,0.8876535167300256,0.20924671824889926
2,-0.2,1.4092585170340681,0.88940654796789,0.20919392685869928
2,-0.2,1.413627254509018,0.8911573138482428,0.2091314261629724
2,-0.2,1.417995991983968,0.892905793608485,0.20905919083603658
2,-0.2,1.422364729458918,0.8946519657605149,0.20897719512305402
2,-0.2,1.4267334669338678,0.8963958080768764,0.20888541283576545
2,-0.2,1.4311022044088177,0.8981372975764422,0.20878381734824183
2,-0.2,1.4354709418837677,0.8998764105096285,0.20867238159266163
2,-0.2,1.4398396793587174,0.9016131223431163,0.20855107805511222
2,-0.2,1.4442084168336673,0.9033474077440702,0.20841987877143184
2,-0.2,1.4485771543086172,0.9050792405638332,0.2082787553230869
2,-0.2,1.4529458917835671,0.9068085938210887,0.2081276788330965
2,-0.2,1.457314629258517,0.9085354396844598,0.20796661996202037
2,-0.2,1.461683366733467,0.9102597494545415,0.20779554890399815
2,-0.2,1.466052104208417,0.9119814935453341,0.2076144353828689
2,-0.2,1.4704208416833668,0.9137006414650705,0.20742324864836584
2,-0.2,1.4747895791583168,0.9154171617964071,0.20722195747240582
2,-0.2,1.4791583166332665,0.9171310221759627,0.20701053014547696
2,-0.2,1.4835270541082164,0.9188421892731848,0.20678893447313715
2,-0.2,1.4878957915831663,0.920550628768515,0.20655713777264204
2,-0.2,1.4922645290581162,0.9222563053308379,0.2063151068697011
2,-0.2,1.4966332665330662,0.923959182594183,0.2060628080953953
2,-0.2,1.501002004008016,0.92565922313366,0.20580020728325196
2,-0.2,1.505370741482966,0.9273563884405965,0.2055272697665055
2,-0.2,1.509739478957916,0.929050638896857,0.20524396037555476
2,-0.2,1.5141082164328659,0.930741933748313,0.20495024343563517
2,-0.2,1.5184769539078156,0.9324302310774322,0.20464608276472976
2,-0.2,1.5228456913827655,0.9341154877749663,0.20433144167173756
2,-0.2,1.5272144288577154,0.935797659510698,0.20400628295491355
2,-0.2,1.5315831663326653,0.9374767007032203,0.20367056890062019
2,-0.2,1.5359519038076153,0.939152564488716,0.20332426128239794
2,-0.2,1.5403206412825652,0.9408252026887021,0.20296732136039222
2,-0.2,1.544689378757515,0.9424945657767037,0.20259970988117096
2,-0.2,1.549058116232465,0.9441606028438264,0.20222138707794166
2,-0.2,1.553426853707415,0.9458232615631834,0.20183231267122756
2,-0.2,1.5577955911823649,0.9474824881531456,0.20143244587001877
2,-0.2,1.5621643286573146,0.9491382273393721,0.20102174537344375
2,-0.2,1.5665330661322645,0.9507904223155816,0.20060016937300124
2,-0.2,1.5709018036072144,0.952439014703023,0.20016767555538964
2,-0.2,1.5752705410821644,0.9540839445086038,0.19972422110598886
2,-0.2,1.5796392785571143,0.9557251500816304,0.19926976271303198
2,-0.2,1.5840080160320642,0.9573625680691171,0.19880425657252682
2,-0.2,1.5883767535070141,0.9589961333696159,0.19832765839398148
2,-0.2,1.592745490981964,0.9606257790855224,0.1978399234069853
2,-0.2,1.597114228456914,0.962251436473804,0.19734100636872454
2,-0.2,1.6014829659318637,0.9638730348951081,0.19683086157247318
2,-0.2,1.6058517034068136,0.965490501761194,0.19630944285716206
2,-0.2,1.6102204408817635,0.9671037624806377,0.19577670361808155
2,-0.2,1.6145891783567135,0.9687127404027593,0.19523259681879523
2,-0.2,1.6189579158316634,0.9703173567597166,0.1946770750043751
2,-0.2,1.6233266533066133,0.9719175306067135,0.1941100903160267
2,-0.2,1.6276953907815632,0.9735131787602626,0.19353159450721258
2,-0.2,1.6320641282565131,0.9751042157344555,0.19294153896138178
2,-0.2,1.636432865731463,0.9766905536751768,0.19233987471140887
2,-0.2,1.6408016032064128,0.978272102292205,0.1917265524608729
2,-0.2,1.6451703406813627,0.9798487687891544,0.19110152260728772
2,-0.2,1.6495390781563126,0.9814204577911865,0.1904647352674381
2,-0.2,1.6539078156312625,0.9829870712704499,0.1898161403049479
2,-0.2,1.6582765531062125,0.9845485084691832,0.18915568736024396
2,-0.2,1.6626452905811624,0.9861046658204295,0.1884833258830761
2,-0.2,1.6670140280561123,0.9876554368663152,0.1877990051677671
2,-0.2,1.6713827655310622,0.989200712173836,0.18710267439138104
2,-0.2,1.6757515030060122,0.9907403792481001,0.1863942826549914
2,-0.2,1.6801202404809619,0.9922743224429961,0.1856737790282857
2,-0.2,1.6844889779559118,0.9938024228692232,0.18494111259770038
2,-0.2,1.6888577154308617,0.9953245582996655,0.18419623251834386
2,-0.2,1.6932264529058116,0.9968406030720643,0.1834390880699406
2,-0.2,1.6975951903807616,0.9983504279889676,0.18266962871708378
2,-0.2,1.7019639278557115,0.9998539002149325,0.18188780417405576
2,-0.2,1.7063326653306614,1.0013508831709705,0.1810935644745408
2,-0.2,1.7107014028056113,1.002841236426233,0.18028686004652691
2,-0.2,1.7150701402805613,1.0043248155869369,0.17946764179274746
2,-0.2,1.719438877755511,1.0058014721825583,0.17863586117702202
2,-0.2,1.7238076152304609,1.0072710535493152,0.17779147031686107
2,-0.2,1.7281763527054108,1.008733402710995,0.1769344220827511
2,-0.2,1.7325450901803607,1.010188358257185,0.17606467020452904
2,-0.2,1.7369138276553107,1.0116357542189898,0.17518216938530645
2,-0.2,1.7412825651302606,1.0130754199423397,0.17428687542340535
2,-0.2,1.7456513026052105,1.0145071799590208,0.1733787453428015
2,-0.2,1.7500200400801604,1.0159308538555802,0.17245773753261204
2,-0.2,1.7543887775551104,1.017346256140292,0.17152381189615518
2,-0.2,1.75875751503006,1.018753196108403,0.17057693001017893
2,-0.2,1.76312625250501,1.0201514777059217,0.16961705529485754
2,-0.2,1.76749498997996,1.0215408993922372,0.16864415319518583
2,-0.2,1.7718637274549098,1.0229212540019237,0.1676581913744323
2,-0.2,1.7762324649298598,1.0242923286061179,0.16665913992034823
2,-0.2,1.7806012024048097,1.025653904373929,0.16564697156484773
2,-0.2,1.7849699398797596,1.0270057564343822,0.16462166191789343
2,-0.2,1.7893386773547095,1.028347653739493,0.16358318971637026
2,-0.2,1.7937074148296595,1.0296793589291124,0.16253153708873266
2,-0.2,1.7980761523046092,1.031000628198292,0.16146668983624612
2,-0.2,1.802444889779559,1.0323112111679873,0.16038863773164758
2,-0.2,1.806813627254509,1.0336108507600297,0.1592973748360844
2,-0.2,1.811182364729459,1.034899283077388,0.15819289983518403
2,-0.2,1.8155511022044089,1.0361762372908727,0.15707521639511754
2,-0.2,1.8199198396793588,1.037441435533542,0.15594433353952825
2,-0.2,1.8242885771543087,1.0386945928042122,0.15480026604816297
2,-0.2,1.8286573146292586,1.0399354168816233,0.15364303487805994
2,-0.2,1.8330260521042085,1.0411636082509486,0.15247266760807782
2,-0.2,1.8373947895791582,1.042378860044515,0.15128919890754425
2,-0.2,1.8417635270541082,1.043580857998772,0.15009267102971682
2,-0.2,1.846132264529058,1.0447692804297268,0.1488831343306965
2,-0.2,1.850501002004008,1.045943798229264,0.1476606478143337
2,-0.2,1.854869739478958,1.0471040748849645,0.14642527970354194
2,-0.2,1.8592384769539079,1.0482497665262578,0.14517710803831402
2,-0.2,1.8636072144288578,1.0493805219999488,0.14391622130056822
2,-0.2,1.8679759519038077,1.0504959829783977,0.14264271906572704
2,-0.2,1.8723446893787576,1.0515957841038384,0.14135671268074798
2,-0.2,1.8767134268537076,1.052679553172563,0.14005832596801998
2,-0.2,1.8810821643286573,1.0537469113629112,0.13874769595424827
2,-0.2,1.8854509018036072,1.0547974735112224,0.1374249736231052
2,-0.2,1.8898196392785571,1.0558308484400982,0.13609032469000626
2,-0.2,1.894188376753507,1.0568466393435232,0.13474393039695198
2,-0.2,1.898557114228457,1.0578444442335295,0.13338598832484216
2,-0.2,1.902925851703407,1.0588238564532195,0.13201671322014477
2,-0.2,1.9072945891783568,1.0597844652610464,0.13063633783217082
2,-0.2,1.9116633266533067,1.0607258564912712,0.12924511375654493
2,-0.2,1.9160320641282567,1.0616476132954777,0.12784331227972556
2,-0.2,1.9204008016032064,1.0625493169699285,0.12643122521868408
2,-0.2,1.9247695390781563,1.0634305478733166,0.12500916574897253
2,-0.2,1.9291382765531062,1.0642908864392047,0.12357746921358845
2,-0.2,1.9335070140280561,1.0651299142869728,0.1221364939041062
2,-0.2,1.937875751503006,1.0659472154345926,0.12068662180462254
2,-0.2,1.942244488977956,1.0667423776158107,0.1192282592881327
2,-0.2,1.946613226452906,1.067514993703492,0.11776183775401973
2,-0.2,1.9509819639278558,1.0682646632398272,0.11628781419442237
2,-0.2,1.9553507014028058,1.0689909940729194,0.11480667167644702
2,-0.2,1.9597194388777555,1.069693604097838,0.11331891972637041
2,-0.2,1.9640881763527054,1.0703721230986705,0.11182509460140902
2,-0.2,1.9684569138276553,1.0710261946863024,0.11032575943409634
2,-0.2,1.9728256513026052,1.0716554783246948,0.108821504234043
2,-0.2,1.9771943887775552,1.0722596514363156,0.10731294573180247
2,-0.2,1.981563126252505,1.0728384115750993,0.10580072704979378
2,-0.2,1.985931863727455,1.0733914786529266,0.10428551718576438
2,-0.2,1.990300601202405,1.0739185972031828,0.10276801029520115
2,-0.2,1.9946693386773549,1.074419538662459,0.10124892476038032
2,-0.2,1.9990380761523046,1.074894103649072,0.09972900203546968
2,-0.2,2.0034068136272545,1.0753421242147434,0.09820900525926284
2,-0.2,2.0077755511022044,1.075763466043693,0.09668971762971378
2,-0.2,2.0121442885771543,1.0761580305715572,0.09517194053750394
2,-0.2,2.0165130260521043,1.076525756995088,0.09365649145929708
2,-0.2,2.020881763527054,1.076866624142588,0.09214420161519066
2,-0.2,2.025250501002004,1.0771806521745813,0.09063591339899861
2,-0.2,2.029619238476954,1.0774679040843718,0.08913247759434605
2,-0.2,2.033987975951904,1.0777284869689985,0.08763475039405452
2,-0.2,2.038356713426854,1.077962553042679,0.08614359024480074
2,-0.2,2.042725450901804,1.0781703003671463,0.08465985454336308
2,-0.2,2.0470941883767537,1.0783519732764097,0.08318439621492425
2,-0.2,2.0514629258517036,1.078507862477252,0.08171806020755781
2,-0.2,2.0558316633266536,1.0786383048113009,0.0802616799402122
2,-0.2,2.060200400801603,1.0787436826695342,0.0788160737439349
2,-0.2,2.064569138276553,1.0788244230556352,0.07738204133778409
2,-0.2,2.068937875751503,1.0788809963004302,0.07596036038164443
2,-0.2,2.073306613226453,1.0789139144356517,0.07455178314800198
2,-0.2,2.0776753507014027,1.0789237292412062,0.07315703335356077
2,-0.2,2.0820440881763527,1.078911029985938,0.07177680318951768
2,-0.2,2.0864128256513026,1.0788764408872011,0.07041175058619063
2,-0.2,2.0907815631262525,1.0788206183194236,0.06906249674385286
2,-0.2,2.0951503006012024,1.078744247805952,0.06772962395698028
2,-0.2,2.0995190380761524,1.0786480408317856,0.06641367375389304
2,-0.2,2.1038877755511023,1.0785327315171944,0.06511514536813771
2,-0.2,2.108256513026052,1.0783990731936661,0.06383449455205824
2,-0.2,2.112625250501002,1.0782478349240892,0.06257213273705045
2,-0.2,2.116993987975952,1.0780797980085641,0.06132842653911646
2,-0.2,2.121362725450902,1.0778957525158652,0.060103697602784216
2,-0.2,2.125731462925852,1.0776964938783464,0.05889822277127773
2,-0.2,2.130100200400802,1.0774828195851751,0.05771223456621413
2,-0.2,2.1344689378757518,1.0772555260052914,0.05654592195613977
2,-0.2,2.1388376753507012,1.0770154053675423,0.05539943138991898
2,-0.2,2.143206412825651,1.0767632429212286,0.05427286806849223
2,-0.2,2.147575150300601,1.0764998142959132,0.053166297426714144
2,-0.2,2.151943887775551,1.0762258830749167,0.05207974679593493
2,-0.2,2.156312625250501,1.0759421985926385,0.051013207217622106
2,-0.2,2.160681362725451,1.0756494939616872,0.049966635378572974
2,-0.2,2.165050100200401,1.0753484843320065,0.04893995563908392
2,-0.2,2.1694188376753507,1.0750398653806514,0.04793306212671899
2,-0.2,2.1737875751503006,1.0747243120278256,0.04694582087000208
2,-0.2,2.1781563126252506,1.0744024773720613,0.04597807194829835
2,-0.2,2.1825250501002005,1.0740749918352401,0.04502963163635781
2,-0.2,2.1868937875751504,1.0737424625062795,0.044100294524269924
2,-0.2,2.1912625250501003,1.0734054726709927,0.04318983559599531
2,-0.2,2.1956312625250503,1.0730645815145385,0.04229801225197296
2,-0.2,2.2,1.0727203239823193,0.04142456626366527
3,-0.4,0.02,0.2563215283930484,-0.4224141533041242
3,-0.4,0.0243687374749499,0.26023097055361194,-0.41806903369028153
3,-0.4,0.0287374749498998,0.2641092339705009,-0.41375327581206
3,-0.4,0.0331062124248497,0.26795665915426964,-0.40946659777633354
3,-0.4,0.0374749498997996,0.2717735843858425,-0.405208721384404
3,-0.4,0.0418436873747495,0.27556034570340093,-0.40097937211657164
3,-0.4,0.046212424849699396,0.27931727688886715,-0.3967782791155774
3,-0.4,0.0505811623246493,0.2830447094540362,-0.39260517516889215
3,-0.4,0.0549498997995992,0.28674297262644294,-0.3884597966898594
3,-0.4,0.0593186372745491,0.29041239333500907,-0.38434188369769495
3,-0.4,0.063687374749499,0.2940532961955604,-0.38025117979632883
3,-0.4,0.0680561122244489,0.29766600349626,-0.3761874321521191
3,-0.4,0.0724248496993988,0.3012508351830356,-0.37215039147043266
3,-0.4,0.0767935871743487,0.304808108845069,-0.36813981197110834
3,-0.4,0.0811623246492986,0.30833813970038837,-0.3641554513628333
3,-0.4,0.0855310621242485,0.3118412405816506,-0.36019707081643754
3,-0.4,0.0898997995991984,0.31531772192216007,-0.35626443493714005
3,-0.4,0.0942685370741483,0.3187678917421716,-0.35235731173578044
3,-0.4,0.0986372745490982,0.32219205563555603,-0.3484754725990446
3,-0.4,0.1030060120240481,0.32559051675685236,-0.34461869225874847
3,-0.4,0.107374749498998,0.32896357580878244,-0.3407867487601864
3,-0.4,0.1117434869739479,0.3323115310302464,-0.3369794234296049
3,-0.4,0.11611222444889781,0.33563467818487686,-0.33319650084082125
3,-0.4,0.1204809619238477,0.3389333105501589,-0.3294377687810523
3,-0.4,0.1248496993987976,0.3422077189071722,-0.32570301821597025
3,-0.4,0.12921843687374748,0.3454581915309952,-0.32199204325405406
3,-0.4,0.13358717434869738,0.348685014181779,-0.3183046411102683
3,-0.4,0.1379559118236473,0.351888470096551,-0.3146406120691169
3,-0.4,0.1423246492985972,0.3550688399817476,-0.31099975944712654
3,-0.4,0.1466933867735471,0.3582264020065129,-0.3073818895548031
3,-0.4,0.151062124248497,0.36136143179677865,-0.30378681165810545
3,-0.4,0.1554308617234469,0.3644742024301403,-0.3002143379394957
3,-0.4,0.15979959919839679,0.36756498443154817,-0.2966642834585997
3,-0.4,0.16416833667334668,0.3706340457698182,-0.2931364661125431
3,-0.4,0.16853707414829658,0.373681651854971,-0.2896307065959929
3,-0.4,0.17290581162324647,0.3767080655364143,-0.2861468283609646
3,-0.4,0.17727454909819637,0.379713547101957,-0.28268465757643496
3,-0.4,0.1816432865731463,0.38269835427766274,-0.2792440230878066
3,-0.4,0.1860120240480962,0.38566274222854247,-0.2758247563762726
3,-0.4,0.1903807615230461,0.3886069635600781,-0.27242669151811594
3,-0.4,0.19474949899799598,0.391531268320574,-0.26904966514399725
3,-0.4,0.19911823647294588,0.39443590400432305,-0.2656935163982605
3,-0.4,0.20348697394789578,0.39732111555558214,-0.2623580868983041
3,-0.4,0.20785571142284567,0.4001871453733405,-0.2590432206940523
3,-0.4,0.2122244488977956,0.40303423331687876,-0.2557487642275619
3,-0.4,0.2165931863727455,0.40586261671208057,-0.25247456629280296
3,-0.4,0.2209619238476954,0.40867253035850554,-0.24922047799564215
3,-0.4,0.2253306613226453,0.4114642065371942,-0.24598635271406652
3,-0.4,0.22969939879759518,0.4142378750191795,-0.2427720460586706
3,-0.4,0.23406813627254508,0.41699376307470376,-0.23957741583344147
3,-0.4,0.23843687374749498,0.4197320954831013,-0.23640232199686464
3,-0.4,0.24280561122244487,0.422453094543337,-0.2332466266233795
3,-0.4,0.24717434869739477,0.4251569800851753,-0.23011019386520343
3,-0.4,0.2515430861723447,0.4278439694809584,-0.22699288991454947
3,-0.4,0.2559118236472946,0.4305142776579673,-0.22389458296625644
3,-0.4,0.2602805611222445,0.43316811711135217,-0.22081514318085652
3,-0.4,0.2646492985971944,0.43580569791759094,-0.21775444264808078
3,-0.4,0.2690180360721443,0.43842722774847265,-0.21471235535084196
3,-0.4,0.27338677354709423,0.4410329118855676,-0.21168875712968674
3,-0.4,0.2777555110220441,0.44362295323516515,-0.20868352564774767
3,-0.4,0.282124248496994,0.4461975523436608,-0.20569654035619134
3,-0.4,0.2864929859719439,0.44875690741335655,-0.20272768246018594
3,-0.4,0.2908617234468938,0.4513012143186636,-0.19977683488538858
3,-0.4,0.2952304609218437,0.4538306666226789,-0.1968438822449604
3,-0.4,0.2995991983967936,0.45634545559411,-0.19392871080712434
3,-0.4,0.30396793587174353,0.4588457702245344,-0.19103120846325927
3,-0.4,0.3083366733466934,0.46133179724595935,-0.18815126469654161
3,-0.4,0.3127054108216433,0.4638037211486699,-0.18528877055113827
3,-0.4,0.3170741482965932,0.4662617241993433,-0.18244361860194735
3,-0.4,0.3214428857715431,0.4687059864593999,-0.17961570292489545
3,-0.4,0.325811623246493,0.4711366858035843,-0.17680491906778778
3,-0.4,0.3301803607214429,0.4735539979387432,-0.1740111640217072
3,-0.4,0.3345490981963928,0.47595809642278963,-0.17123433619297093
3,-0.4,0.3389178356713427,0.47834915268383293,-0.1684743353756348
3,-0.4,0.34328657314629263,0.48072733603945544,-0.16573106272454335
3,-0.4,0.3476553106212425,0.4830928137161144,-0.16300442072892896
3,-0.4,0.3520240480961924,0.48544575086866354,-0.160294313186547
3,-0.4,0.3563927855711423,0.48778631059996075,-0.15760064517835065
3,-0.4,0.3607615230460922,0.4901146539805686,-0.15492332304369705
3,-0.4,0.3651302605210421,0.4924309400685046,-0.15226225435607818
3,-0.4,0.369498997995992,0.4947353259290563,-0.14961734789937853
3,-0.4,0.37386773547094193,0.4970279666546191,-0.1469885136446394
3,-0.4,0.3782364729458918,0.4993090153845679,-0.14437566272734018
3,-0.4,0.3826052104208417,0.5015786233251294,-0.14177870742517734
3,-0.4,0.3869739478957916,0.5038369397692576,-0.13919756113633783
3,-0.4,0.3913426853707415,0.5060841121164918,-0.1366321383582682
3,-0.4,0.3957114228456914,0.5083202858927885,-0.13408235466691373
3,-0.4,0.4000801603206413,0.5105456047703172,-0.13154812669644023
3,-0.4,0.40444889779559123,0.5127602105872118,-0.12902937211941537
3,-0.4,0.4088176352705411,0.5149642433672573,-0.12652600962745086
3,-0.4,0.413186372745491,0.5171578413395208,-0.12403795891229637
3,-0.4,0.4175551102204409,0.5193411409579021,-0.1215651406473697
3,-0.4,0.4219238476953908,0.5215142769205977,-0.11910747646972343
3,-0.4,0.4262925851703407,0.5236773821894862,-0.11666488896244166
3,-0.4,0.4306613226452906,0.525830588009399,-0.11423730163744461
3,-0.4,0.4350300601202405,0.5279740239273016,-0.11182463891871185
3,-0.4,0.4393987975951904,0.5301078178113511,-0.10942682612589882
3,-0.4,0.44376753507014033,0.5322320958698445,-0.10704378945835172
3,-0.4,0.4481362725450902,0.5343469826700366,-0.10467545597950237
3,-0.4,0.4525050100200401,0.5364526011568345,-0.10232175360164314
3,-0.4,0.45687374749499,0.5385490726713543,-0.09998261107106655
3,-0.4,0.4612424849699399,0.5406365169693421,-0.09765795795356816
3,-0.4,0.4656112224448898,0.5427150522394507,-0.09534772462029742
3,-0.4,0.4699799599198397,0.5447847951213671,-0.0930518422339589
3,-0.4,0.4743486973947896,0.5468458607237949,-0.0907702427353423
3,-0.4,0.4787174348697395,0.5488983626422773,-0.0885028588301877
3,-0.4,0.4830861723446894,0.5509424129768667,-0.08624962397636725
3,-0.4,0.4874549098196393,0.5529781223496323,-0.08401047237138153
3,-0.4,0.4918236472945892,0.555005599922005,-0.08178533894016353
3,-0.4,0.4961923847695391,0.5570249534119609,-0.07957415932317843
3,-0.4,0.500561122244489,0.5590362891110306,-0.07737686986481548
3,-0.4,0.5049298597194388,0.5610397119011508,-0.07519340760206585
3,-0.4,0.5092985971943887,0.5630353252713318,-0.07302371025347534
3,-0.4,0.5136673346693387,0.5650232313341664,-0.0708677162083689
3,-0.4,0.5180360721442886,0.5670035308421566,-0.0687253645163372
3,-0.4,0.5224048096192385,0.568976323203868,-0.06659659487698293
3,-0.4,0.5267735470941884,0.5709417064999135,-0.06448134762991392
3,-0.4,0.5311422845691383,0.5728997774987533,-0.06237956374498339
3,-0.4,0.5355110220440882,0.5748506316723275,-0.06029118481276657
3,-0.4,0.5398797595190381,0.5767943632115041,-0.05821615303527014
3,-0.4,0.544248496993988,0.5787310650413534,-0.056154411216865534
3,-0.4,0.548617234468938,0.5806608288362467,-0.05410590275544516
3,-0.4,0.5529859719438878,0.5825837450347728,-0.05207057163378868
3,-0.4,0.5573547094188377,0.584499902854484,-0.0500483624111419
3,-0.4,0.5617234468937876,0.5864093903064579,-0.048039220214998374
3,-0.4,0.5660921843687375,0.5883122942096871,-0.046043090733074145
3,-0.4,0.5704609218436874,0.5902087002052939,-0.04405992020548334
3,-0.4,0.5748296593186373,0.5920986927705633,-0.042089655417092135
3,-0.4,0.5791983967935872,0.5939823552328073,-0.04013224369006207
3,-0.4,0.5835671342685371,0.5958597697830501,-0.03818763287656724
3,-0.4,0.587935871743487,0.5977310174895424,-0.03625577135168837
3,-0.4,0.5923046092184369,0.599596178311101,-0.034336608006469455
3,-0.4,0.5966733466933868,0.6014553311102782,-0.03243009224114269
3,-0.4,0.6010420841683367,0.6033085536663567,-0.030536173958511346
3,-0.4,0.6054108216432866,0.6051559226881785,-0.028654803557489197
3,-0.4,0.6097795591182364,0.6069975138268027,-0.026785931926788065
3,-0.4,0.6141482965931864,0.6088334016879944,-0.02492951043875439
3,-0.4,0.6185170340681363,0.6106636598445478,-0.023085490943347695
3,-0.4,0.6228857715430862,0.6124883608484453,-0.021253825762260217
3,-0.4,0.6272545090180361,0.614307576242848,-0.019434467683169036
3,-0.4,0.631623246492986,0.6161213765739285,-0.017627369954122105
3,-0.4,0.6359919839679359,0.6179298314025349,-0.015832486278050017
3,-0.4,0.6403607214428858,0.6197330093157015,-0.014049770807406745
3,-0.4,0.6447294589178357,0.6215309779379947,-0.01227917813892516
3,-0.4,0.6490981963927855,0.6233238039427039,-0.010520663308498797
3,-0.4,0.6534669338677355,0.6251115530628746,-0.008774181786169146
3,-0.4,0.6578356713426854,0.6268942901021864,-0.007039689471233804
3,-0.4,0.6622044088176353,0.6286720789456772,-0.00531714268745691
3,-0.4,0.6665731462925852,0.6304449825703167,-0.003606498178387255
3,-0.4,0.670941883767535,0.6322130630554261,-0.0019077131027810188
3,-0.4,0.675310621242485,0.6339763815929491,-0.0002207450301217298
3,-0.4,0.6796793587174349,0.6357349984975768,0.0014544480637603992
3,-0.4,0.6840480961923848,0.6374889732167247,0.0031179078009739873
3,-0.4,0.6884168336673347,0.6392383643403617,0.004769675405761678
3,-0.4,0.6927855711422846,0.6409832296107013,0.006409791708604382
3,-0.4,0.6971543086172345,0.6427236259317439,0.008038297150237482
3,-0.4,0.7015230460921844,0.6444596093786837,0.009655231785583371
3,-0.4,0.7058917835671343,0.6461912352071721,0.011260635287601148
3,-0.4,0.7102605210420841,0.6479185578624459,0.012854546951053604
3,-0.4,0.7146292585170341,0.6496416309883171,0.014437005696200081
3,-0.4,0.718997995991984,0.6513605074360278,0.016008050072409626
3,-0.4,0.7233667334669339,0.6530752392729725,0.017567718261700276
3,-0.4,0.7277354709418838,0.6547858777912865,0.01911604808220809
3,-0.4,0.7321042084168337,0.6564924735163046,0.02065307699158409
3,-0.4,0.7364729458917836,0.6581950762148878,0.02217884209032381
3,-0.4,0.7408416833667335,0.6598937349036267,0.023693380125030177
3,-0.4,0.7452104208416834,0.6615884978569114,0.025196727491610005
3,-0.4,0.7495791583166332,0.6632794126148821,0.026688920238411518
3,-0.4,0.7539478957915832,0.6649665259912518,0.028169994069293994
3,-0.4,0.7583166332665331,0.6666498840810059,0.029639984346645887
3,-0.4,0.762685370741483,0.6683295322679839,0.031098926094336968
3,-0.4,0.7670541082164329,0.6700055152323355,0.03254685400061948
3,-0.4,0.7714228456913828,0.6716778769578637,0.03398380242097117
3,-0.4,0.7757915831663327,0.6733466607392454,0.03540980538088501
3,-0.4,0.7801603206412826,0.6750119091891357,0.036824896578609906
3,-0.4,0.7845290581162325,0.6766736642451622,0.03822910938783558
3,-0.4,0.7888977955911824,0.6783319671767994,0.03962247686033117
3,-0.4,0.7932665330661323,0.6799868585921314,0.04100503172853643
3,-0.4,0.7976352705410822,0.6816383784445059,0.04237680640810356
3,-0.4,0.8020040080160321,0.683286566039076,0.04373783300039502
3,-0.4,0.806372745490982,0.6849314600392293,0.04508814329493667
3,-0.4,0.8107414829659318,0.6865730984729166,0.04642776877182899
3,-0.4,0.8151102204408818,0.6882115187388645,0.047756740604113265
3,-0.4,0.8194789579158317,0.6898467576126899,0.049075089660100844
3,-0.4,0.8238476953907816,0.6914788512529026,0.05038284650565882
3,-0.4,0.8282164328657315,0.6931078352068113,0.05168004140646038
3,-0.4,0.8325851703406814,0.6947337444163189,0.05296670433019536
3,-0.4,0.8369539078156313,0.6963566132236225,0.054242864948745105
3,-0.4,0.8413226452905812,0.6979764753768094,0.055508552640321514
3,-0.4,0.8456913827655311,0.6995933640353532,0.05676379649157193
3,-0.4,0.8500601202404809,0.7012073117755127,0.058008625299649785
3,-0.4,0.8544288577154309,0.7028183505956311,0.05924306757425284
3,-0.4,0.8587975951903808,0.7044265119213392,0.06046715153963027
3,-0.4,0.8631663326653307,0.7060318266106617,0.06168090513655758
3,-0.4,0.8675350701402806,0.7076343249590298,0.06288435602428252
3,-0.4,0.8719038076152305,0.7092340367041967,0.06407753158244231
3,-0.4,0.8762725450901804,0.7108309910310632,0.0652604589129511
3,-0.4,0.8806412825651303,0.7124252165764077,0.06643316484186171
3,-0.4,0.8850100200400802,0.7140167414335249,0.06759567592119899
3,-0.4,0.88937875751503,0.7156055931567745,0.06874801843076929
3,-0.4,0.89374749498998,0.7171917987660393,0.06989021837994404
3,-0.4,0.8981162324649299,0.7187753847510917,0.07102230150941775
3,-0.4,0.9024849699398798,0.7203563770758747,0.07214429329294578
3,-0.4,0.9068537074148297,0.7219348011826922,0.07325621893905528
3,-0.4,0.9112224448897795,0.7235106819963146,0.07435810339273849
3,-0.4,0.9155911823647295,0.7250840439279921,0.07544997133712117
3,-0.4,0.9199599198396794,0.7266549108793894,0.07653184719511205
3,-0.4,0.9243286573146293,0.7282233062464301,0.07760375513103376
3,-0.4,0.9286973947895791,0.7297892529230563,0.07866571905223149
3,-0.4,0.9330661322645291,0.731352773304907,0.07971776261066602
3,-0.4,0.937434869739479,0.7329138892929095,0.08075990920448876
3,-0.4,0.9418036072144289,0.7344726222967907,0.08179218197959674
3,-0.4,0.9461723446893788,0.7360289932385028,0.08281460383117667
3,-0.4,0.9505410821643286,0.737583022555571,0.08382719740522793
3,-0.4,0.9549098196392786,0.7391347302043548,0.08482998510007332
3,-0.4,0.9592785571142285,0.7406841356632331,0.08582298906785585
3,-0.4,0.9636472945891784,0.7422312579357058,0.08680623121602035
3,-0.4,0.9680160320641283,0.7437761155534163,0.08777973320878193
3,-0.4,0.9723847695390782,0.745318726579094,0.08874351646858476
3,-0.4,0.9767535070140281,0.7468591086094206,0.08969760217754505
3,-0.4,0.981122244488978,0.7483972787778107,0.09064201127888633
3,-0.4,0.9854909819639279,0.7499332537571216,0.0915767644783631
3,-0.4,0.9898597194388777,0.7514670497622814,0.09250188224567454
3,-0.4,0.9942284569138277,0.7529986825528387,0.09341738481586896
3,-0.4,0.9985971943887776,0.7545281674354387,0.09432329219074014
3,-0.4,1.0029659318637274,0.756055519266217,0.0952196241402171
3,-0.4,1.0073346693386773,0.7575807524531205,0.09610640020374392
3,-0.4,1.0117034068136272,0.7591038809581521,0.0969836396916559
3,-0.4,1.0160721442885772,0.760624918299537,0.09785136168654769
3,-0.4,1.020440881763527,0.7621438775538147,0.0987095850446393
3,-0.4,1.024809619238477,0.7636607713578534,0.09955832839713334
3,-0.4,1.029178356713427,0.7651756119107923,0.10039761015157272
3,-0.4,1.0335470941883769,0.7666884109759066,0.10122744849319276
3,-0.4,1.0379158316633268,0.7681991798823956,0.10204786138627195
3,-0.4,1.0422845691382765,0.7697079295270999,0.10285886657548118
3,-0.4,1.0466533066132264,0.7712146703761402,0.10366048158723114
3,-0.4,1.0510220440881763,0.772719412466485,0.10445272373102012
3,-0.4,1.0553907815631263,0.77422216540744,0.10523561010078256
3,-0.4,1.0597595190380762,0.7757229383820654,0.10600915757623926
3,-0.4,1.0641282565130261,0.77722174014852,0.10677338282424696
3,-0.4,1.068496993987976,0.7787185790413268,0.10752830230015535
3,-0.4,1.072865731462926,0.78021346297257,0.10827393224916315
3,-0.4,1.0772344689378759,0.781706399433012,0.10901028870768187
3,-0.4,1.0816032064128256,0.7831973954931413,0.10973738750470255
3,-0.4,1.0859719438877755,0.7846864578041437,0.11045524426316963
3,-0.4,1.0903406813627254,0.7861735925987996,0.11116387440136183
3,-0.4,1.0947094188376754,0.7876588056923072,0.11186329313427956
3,-0.4,1.0990781563126253,0.7891421024830323,0.1125535154750438
3,-0.4,1.1034468937875752,0.7906234879531818,0.1132345562362994
3,-0.4,1.1078156312625251,0.7921029666694062,0.11390643003163448
3,-0.4,1.112184368737475,0.7935805427833243,0.11456915127700719
3,-0.4,1.116553106212425,0.7950562200319757,0.1152227341921869
3,-0.4,1.1209218436873747,0.7965300017381972,0.1158671928022078
3,-0.4,1.1252905811623246,0.7980018908109261,0.11650254093883565
3,-0.4,1.1296593186372745,0.7994718897454268,0.11712879224205347
3,-0.4,1.1340280561122245,0.8009400006234428,0.11774596016155976
3,-0.4,1.1383967935871744,0.8024062251132754,0.11835405795828557
3,-0.4,1.1427655310621243,0.8038705644697858,0.11895309870592993
3,-0.4,1.1471342685370742,0.8053330195343188,0.11954309529251651
3,-0.4,1.1515030060120242,0.8067935907345565,0.1201240604219685
3,-0.4,1.155871743486974,0.808252278084292,0.12069600661570717
3,-0.4,1.1602404809619238,0.8097090811831267,0.12125894621427395
3,-0.4,1.1646092184368737,0.8111639992160945,0.1218128913789753
3,-0.4,1.1689779559118236,0.8126170309532061,0.12235785409355504
3,-0.4,1.1733466933867736,0.8140681747489177,0.12289384616589195
3,-0.4,1.1777154308617235,0.8155174285415228,0.12342087922972943
3,-0.4,1.1820841683366734,0.8169647898524661,0.12393896474642957
3,-0.4,1.1864529058116233,0.8184102557855799,0.12444811400676468
3,-0.4,1.1908216432865733,0.8198538230262435,0.12494833813273518
3,-0.4,1.1951903807615232,0.8212954878404612,0.12543964807942792
3,-0.4,1.1995591182364729,0.8227352460738657,0.1259220546369057
3,-0.4,1.2039278557114228,0.8241730931506399,0.1263955684321366
3,-0.4,1.2082965931863727,0.8256090240723618,0.1268601999309598
3,-0.4,1.2126653306613226,0.827043033416767,0.1273159594400984
3,-0.4,1.2170340681362726,0.828475115336433,0.12776285710920626
3,-0.4,1.2214028056112225,0.8299052635573851,0.12820090293296577
3,-0.4,1.2257715430861724,0.831333471377619,0.12863010675322809
3,-0.4,1.2301402805611223,0.8327597316655432,0.12905047826120328
3,-0.4,1.2345090180360723,0.834184036858342,0.1294620269997014
3,-0.4,1.238877755511022,0.8356063789602557,0.12986476236542036
3,-0.4,1.243246492985972,0.8370267495407799,0.13025869361129705
3,-0.4,1.2476152304609218,0.838445139732781,0.13064382984890502
3,-0.4,1.2519839679358717,0.8398615402305335,0.13102018005091629
3,-0.4,1.2563527054108217,0.8412759412876685,0.13138775305362352
3,-0.4,1.2607214428857716,0.842688332715045,0.13174655755952505
3,-0.4,1.2650901803607215,0.8440987038785369,0.13209660213996952
3,-0.4,1.2694589178356714,0.8455070436967324,0.13243789523788163
3,-0.4,1.2738276553106214,0.8469133406385554,0.13277044517054287
3,-0.4,1.278196392785571,0.8483175827207993,0.1330942601324571
3,-0.4,1.282565130260521,0.8497197575055796,0.133409348198286
3,-0.4,1.286933867735471,0.8511198520976974,0.13371571732586474
3,-0.4,1.2913026052104208,0.8525178531419237,0.13401337535929825
3,-0.4,1.2956713426853708,0.8539137468201973,0.13430233003214426
3,-0.4,1.3000400801603207,0.8553075188487345,0.13458258897068082
3,-0.4,1.3044088176352706,0.8566991544750608,0.13485415969726386
3,-0.4,1.3087775551102205,0.8580886384749505,0.1351170496337852
3,-0.4,1.3131462925851705,0.8594759551492855,0.1353712661052151
3,-0.4,1.3175150300601204,0.8608610883208302,0.13561681634325884
3,-0.4,1.32188376753507,0.8622440213309157,0.13585370749010903
3,-0.4,1.32625250501002,0.8636247370360467,0.13608194660230427
3,-0.4,1.33062124248497,0.8650032178044177,0.13630154065470867
3,-0.4,1.3349899799599199,0.8663794455123481,0.13651249654459294
3,-0.4,1.3393587174348698,0.8677534015406317,0.13671482109584604
3,-0.4,1.3437274549098197,0.8691250667708029,0.13690852106330362
3,-0.4,1.3480961923847696,0.8704944215813181,0.13709360313720584
3,-0.4,1.3524649298597196,0.8718614458436564,0.137270073947783
3,-0.4,1.3568336673346695,0.8732261189183355,0.13743794006998525
3,-0.4,1.3612024048096192,0.8745884196508453,0.13759720802834396
3,-0.4,1.365571142284569,0.8759483263675042,0.13774788430198076
3,-0.4,1.369939879759519,0.8773058168712273,0.13788997532977013
3,-0.4,1.374308617234469,0.8786608684372238,0.13802348751565108
3,-0.4,1.3786773547094189,0.880013457808609,0.13814842723410037
3,-0.4,1.3830460921843688,0.8813635611919411,0.13826480083577525
3,-0.4,1.3874148296593187,0.8827111542526825,0.1383726146533173
3,-0.4,1.3917835671342687,0.8840562121105815,0.13847187500734046
3,-0.4,1.3961523046092186,0.8853987093349877,0.13856258821259665
3,-0.4,1.4005210420841683,0.8867386199400878,0.13864476058432387
3,-0.4,1.4048897795591182,0.888075917380076,0.1387183984448002
3,-0.4,1.4092585170340681,0.889410574544253,0.1387835081300795
3,-0.4,1.413627254509018,0.8907425637520572,0.13884009599694783
3,-0.4,1.417995991983968,0.8920718567480382,0.13888816843007926
3,-0.4,1.422364729458918,0.8933984246967592,0.1389277318494198
3,-0.4,1.4267334669338678,0.894722238177647,0.1389587927177873
3,-0.4,1.4311022044088177,0.8960432671797827,0.1389813575487077
3,-0.4,1.4354709418837677,0.897361481096636,0.1389954329144916
3,-0.4,1.4398396793587174,0.8986768487207571,0.1390010254545489
3,-0.4,1.4442084168336673,0.8999893382384105,0.138998141883965
3,-0.4,1.4485771543086172,0.9012989172241761,0.1389867890023315
3,-0.4,1.4529458917835671,0.9026055526355035,0.13896697370284736
3,-0.4,1.457314629258517,0.9039092108072347,0.13893870298169816
3,-0.4,1.461683366733467,0.9052098574460953,0.13890198394771255
3,-0.4,1.466052104208417,0.9065074576251616,0.1388568238323178
3,-0.4,1.4704208416833668,0.9078019757783041,0.13880322999979397
3,-0.4,1.4747895791583168,0.9090933756946169,0.13874120995783149
3,-0.4,1.4791583166332665,0.9103816205128413,0.1386707713684142
3,-0.4,1.4835270541082164,0.9116666727157812,0.1385919220590234
3,-0.4,1.4878957915831663,0.9129484941247247,0.13850467003417946
3,-0.4,1.4922645290581162,0.9142270458938782,0.13840902348732217
3,-0.4,1.4966332665330662,0.9155022885048153,0.1383049908130548
3,-0.4,1.501002004008016,0.916774181760952,0.13819258061973877
3,-0.4,1.505370741482966,0.9180426847820595,0.13807180174247186
3,-0.4,1.509739478957916,0.9193077559988168,0.13794266325643437
3,-0.4,1.5141082164328659,0.9205693531474165,0.13780517449064386
3,-0.4,1.5184769539078156,0.9218274332642353,0.13765934504209548
3,-0.4,1.5228456913827655,0.9230819526805748,0.13750518479032106
3,-0.4,1.5272144288577154,0.9243328670174881,0.13734270391236866
3,-0.4,1.5315831663326653,0.9255801311807001,0.13717191289821126
3,-0.4,1.5359519038076153,0.9268236993556395,0.13699282256659515
3,-0.4,1.5403206412825652,0.9280635250025854,0.13680544408134565
3,-0.4,1.544689378757515,0.9292995608519554,0.13660978896812415
3,-0.4,1.549058116232465,0.9305317588997396,0.1364058691316666
3,-0.4,1.553426853707415,0.9317600704030949,0.13619369687349384
3,-0.4,1.5577955911823649,0.9329844458761269,0.13597328491012187
3,-0.4,1.5621643286573146,0.9342048350858598,0.13574464639176706
3,-0.4,1.5665330661322645,0.9354211870484278,0.1355077949215631
3,-0.4,1.5709018036072144,0.9366334500254926,0.1352627445753017
3,-0.4,1.5752705410821644,0.937841571520917,0.1350095099217
3,-0.4,1.5796392785571143,0.9390454982777064,0.13474810604321127
3,-0.4,1.5840080160320642,0.9402451762752461,0.1344785485573785
3,-0.4,1.5883767535070141,0.9414405507268507,0.13420085363875062
3,-0.4,1.592745490981964,0.942631566077654,0.13391503804135999
3,-0.4,1.597114228456914,0.9438181660028568,0.13362111912177993
3,-0.4,1.6014829659318637,0.9450002934063675,0.13331911486275483
3,-0.4,1.6058517034068136,0.9461778904198491,0.13300904389742504
3,-0.4,1.6102204408817635,0.9473508984022122,0.13269092553414644
3,-0.4,1.6145891783567135,0.9485192579395754,0.13236477978190955
3,-0.4,1.6189579158316634,0.9496829088457223,0.13203062737636567
3,-0.4,1.6233266533066133,0.9508417901630927,0.13168848980646414
3,-0.4,1.6276953907815632,0.9519958401643297,0.1313383893417037
3,-0.4,1.6320641282565131,0.9531449963544282,0.1309803490600078
3,-0.4,1.636432865731463,0.954289195473506,0.13061439287621093
3,-0.4,1.6408016032064128,0.955428373500247,0.13024054557117165
3,-0.4,1.6451703406813627,0.9565624656560429,0.1298588328215078
3,-0.4,1.6495390781563126,0.9576914064098743,0.1294692812299455
3,-0.4,1.6539078156312625,0.9588151294839786,0.12907191835629012
3,-0.4,1.6582765531062125,0.9599335678603325,0.12866677274901184
3,-0.4,1.6626452905811624,0.9610466537880025,0.12825387397742813
3,-0.4,1.6670140280561123,0.9621543187914012,0.12783325266449883
3,-0.4,1.6713827655310622,0.963256493679497,0.12740494052020435
3,-0.4,1.6757515030060122,0.96435310855602,0.12696897037550336
3,-0.4,1.6801202404809619,0.9654440928307155,0.12652537621686094
3,-0.4,1.6844889779559118,0.9665293752316904,0.12607419322132665
3,-0.4,1.6888577154308617,0.9676088838189039,0.12561545779214708
3,-0.4,1.6932264529058116,0.9686825459988511,0.125149207594892
3,-0.4,1.6975951903807616,0.9697502885404955,0.1246754815940714
3,-0.4,1.7019639278557115,0.9708120375924963,0.1241943200902232
3,-0.4,1.7063326653306614,0.9718677187017939,0.12370576475743458
3,-0.4,1.7107014028056113,0.9729172568335945,0.12320985868127632
3,-0.4,1.7150701402805613,0.9739605763928252,0.1227066463971054
3,-0.4,1.719438877755511,0.9749976012470986,0.12219617392870492
3,-0.4,1.7238076152304609,0.9760282547512581,0.12167848882722052
3,-0.4,1.7281763527054108,0.9770524597735467,0.12115364021034536
3,-0.4,1.7325450901803607,0.9780701387234687,0.12062167880170503
3,-0.4,1.7369138276553107,0.9790812135813893,0.1200826569703905
3,-0.4,1.7412825651302606,0.9800856059299357,0.11953662877058702
3,-0.4,1.7456513026052105,0.9810832369872553,0.11898364998122656
3,-0.4,1.7500200400801604,0.982074027642179,0.11842377814561189
3,-0.4,1.7543887775551104,0.9830578984913553,0.11785707261093016
3,-0.4,1.75875751503006,0.9840347698783958,0.11728359456759134
3,-0.4,1.76312625250501,0.9850045619350958,0.11670340708829867
3,-0.4,1.76749498997996,0.9859671946247686,0.11611657516678554
3,-0.4,1.7718637274549098,0.98692258778775,0.11552316575610484
3,-0.4,1.7762324649298598,0.9878706611891142,0.11492324780640321
3,-0.4,1.7806012024048097,0.9888113345686409,0.11431689230204804
3,-0.4,1.7849699398797596,0.9897445276930813,0.11370417229803507
3,-0.4,1.7893386773547095,0.9906701604107503,0.11308516295553804
3,-0.4,1.7937074148296595,0.9915881527084769,0.11245994157650095
3,-0.4,1.7980761523046092,0.99249842477095,0.11182858763714504
3,-0.4,1.802444889779559,0.9934008970424676,0.11119118282026136
3,-0.4,1.806813627254509,0.9942954902911141,0.11054781104616324
3,-0.4,1.811182364729459,0.9951821256753787,0.10989855850215687
3,-0.4,1.8155511022044089,0.9960607248132126,0.10924351367038702
3,-0.4,1.8199198396793588,0.9969312098535273,0.10858276735391477
3,-0.4,1.8242885771543087,0.9977935035501195,0.10791641270087497
3,-0.4,1.8286573146292586,0.9986475293380107,0.10724454522655079
3,-0.4,1.8330260521042085,0.9994932114121701,0.1065672628332195
3,-0.4,1.8373947895791582,1.0003304748085848,0.10588466582759443
3,-0.4,1.8417635270541082,1.0011592454876344,0.10519685693569518
3,-0.4,1.846132264529058,1.0019794504197124,0.10450394131499707
3,-0.4,1.850501002004008,1.0027910176730281,0.10380602656365526
3,-0.4,1.854869739478958,1.003593876503515,0.10310322272666801
3,-0.4,1.8592384769539079,1.0043879574467456,0.10239564229877512
3,-0.4,1.8636072144288578,1.0051731924117688,0.1016834002239376
3,-0.4,1.8679759519038077,1.0059495147767377,0.10096661389121273
3,-0.4,1.8723446893787576,1.0067168594862121,0.10024540312686364
3,-0.4,1.8767134268537076,1.0074751631499907,0.09951989018252703
3,-0.4,1.8810821643286573,1.0082243641433242,0.0987901997192756
3,-0.4,1.8854509018036072,1.008964402708333,0.09805645878741295
3,-0.4,1.8898196392785571,1.009695221056458,0.097318796801845
3,-0.4,1.894188376753507,1.0104167634717414,0.09657734551288111
3,-0.4,1.898557114228457,1.0111289764147326,0.09583223897231609
3,-0.4,1.902925851703407,1.011831808626796,0.09508361349466536
3,-0.4,1.9072945891783568,1.012525211234578,0.09433160761342702
3,-0.4,1.9116633266533067,1.0132091378543937,0.09357636203226069
3,-0.4,1.9160320641282567,1.0138835446962615,0.09281801957098461
3,-0.4,1.9204008016032064,1.0145483906673107,0.09205672510629502
3,-0.4,1.9247695390781563,1.0152036374742806,0.09129262550715173
3,-0.4,1.9291382765531062,1.01584924972481,0.09052586956476837
3,-0.4,1.9335070140280561,1.0164851950272042,0.08975660791716132
3,-0.4,1.937875751503006,1.0171114440883713,0.08898499296825756
3,-0.4,1.942244488977956,1.0177279708095945,0.08821117880154633
3,-0.4,1.946613226452906,1.0183347523798112,0.0874353210882968
3,-0.4,1.9509819639278558,1.0189317693660653,0.08665757699040555
3,-0.4,1.9553507014028058,1.019519005800786,0.08587810505790772
3,-0.4,1.9597194388777555,1.0200964492655513,0.08509706512127542
3,-0.4,1.9640881763527054,1.0206640909709983,0.08431461817858812
3,-0.4,1.9684569138276553,1.0212219258325268,0.08353092627773563
3,-0.4,1.9728256513026052,1.0217699525414716,0.08274615239380553
3,-0.4,1.9771943887775552,1.0223081736313961,0.08196046030184671
3,-0.4,1.981563126252505,1.0228365955391896,0.08117401444522124
3,-0.4,1.985931863727455,1.0233552286606513,0.08038697979979628
3,-0.4,1.990300601202405,1.023864087400251,0.07959952173421635
3,-0.4,1.9946693386773549,1.0243631902147787,0.07881180586657276
3,-0.4,1.9990380761523046,1.0248525596506073,0.0780239979177576
3,-0.4,2.0034068136272545,1.0253322223743067,0.07723626356185641
3,-0.4,2.0077755511022044,1.025802209196382,0.07644876827392742
3,-0.4,2.0121442885771543,1.0262625550879059,0.0756616771755457
3,-0.4,2.0165130260521043,1.0267132991898615,0.0748751548785031
3,-0.4,2.020881763527054,1.027154484815035,0.07408936532709638
3,-0.4,2.025250501002004,1.027586159442304,0.07330447163940491
3,-0.4,2.029619238476954,1.0280083747032251,0.07252063594801887
3,-0.4,2.033987975951904,1.0284211863608386,0.07173801924066908
3,-0.4,2.038356713426854,1.028824654280631,0.07095678120120819
3,-0.4,2.042725450901804,1.0292188423936544,0.07017708005142505
3,-0.4,2.0470941883767537,1.0296038186518075,0.06939907239415319
3,-0.4,2.0514629258517036,1.029979654975332,0.06862291305814788
3,-0.4,2.0558316633266536,1.0303464271926082,0.067848754945208
3,-0.4,2.060200400801603,1.0307042149723658,0.06707674888000012
3,-0.4,2.064569138276553,1.031053101748458,0.06630704346304661
3,-0.4,2.068937875751503,1.0313931746373834,0.06553978492732626
3,-0.4,2.073306613226453,1.0317245243487707,0.06477511699892788
3,-0.4,2.0776753507014027,1.032047245089069,0.06401318076216338
3,-0.4,2.0820440881763527,1.0323614344587226,0.06325411452956332
3,-0.4,2.0864128256513026,1.0326671933431286,0.06249805371711791
3,-0.4,2.0907815631262525,1.0329646257977052,0.061745130725132887
3,-0.4,2.0951503006012024,1.0332538389274384,0.0609954748250409
3,-0.4,2.0995190380761524,1.0335349427612595,0.06024921205246427
3,-0.4,2.1038877755511023,1.0338080501216722,0.059506465106821
3,-0.4,2.108256513026052,1.0340732764900258,0.0587673532577219
3,-0.4,2.112625250501002,1.0343307398678763,0.0580319922583764
3,-0.4,2.116993987975952,1.034580560634865,0.05730049426620673
3,-0.4,2.121362725450902,1.0348228614035726,0.056572967770811326
3,-0.4,2.125731462925852,1.0350577668718066,0.05584951752941724
3,-0.4,2.130100200400802,1.0352854036727799,0.055130244509900894
3,-0.4,2.1344689378757518,1.035505900223648,0.05441524584144194
3,-0.4,2.1388376753507012,1.0357193865728684,0.0537046147728311
3,-0.4,2.143206412825651,1.0359259942468362,0.052998440638425404
3,-0.4,2.147575150300601,1.0361258560962545,0.052296808831713025
3,-0.4,2.151943887775551,1.0363191061426846,0.051599800786418334
3,-0.4,2.156312625250501,1.0365058794257018,0.050907493965045646
3,-0.4,2.160681362725451,1.036686311851089,0.05021996185473985
3,-0.4,2.165050100200401,1.0368605400404634,0.049537273970302734
3,-0.4,2.1694188376753507,1.0370287011827328,0.0488594958641935
3,-0.4,2.1737875751503006,1.0371909328877489,0.0481866891433107
3,-0.4,2.1781563126252506,1.0373473730425047,0.047518911492322374
3,-0.4,2.1825250501002005,1.0374981596702177,0.046856216703321234
3,-0.4,2.1868937875751504,1.0376434307925948,0.04619865471152953
3,-0.4,2.1912625250501003,1.0377833242955663,0.04554627163677776
3,-0.4,2.1956312625250503,1.0379179777987546,0.04489910983048218
3,-0.4,2.2,1.038047528528916,0.04425720792781025
4,-0.6,0.02,0.48397509118804555,-0.5662126381705087
4,-0.6,0.0243687374749499,0.4862331347996301,-0.5607637801466511
4,-0.6,0.0287374749498998,0.4884750158928913,-0.5553561090734482
4,-0.6,0.0331062124248497,0.4907009088599333,-0.5499892622919647
4,-0.6,0.0374749498997996,0.4929109868860591,-0.5446628807885319
4,-0.6,0.0418436873747495,0.495105421952278,-0.5393766091673825
4,-0.6,0.046212424849699396,0.4972843848376726,-0.5341300956233277
4,-0.6,0.0505811623246493,0.49944804512163987,-0.5289229919144779
4,-0.6,0.0549498997995992,0.5015965711860143,-0.5237549533349972
4,-0.6,0.0593186372745491,0.5037301302170781,-0.518625638687893
4,-0.6,0.063687374749499,0.5058488882074659,-0.513534710257841
4,-0.6,0.0680561122244489,0.5079530099579751,-0.5084818337840354
4,-0.6,0.0724248496993988,0.5100426590792894,-0.5034666784330718
4,-0.6,0.0767935871743487,0.5121179979936192,-0.49848891677185164
4,-0.6,0.0811623246492986,0.5141791879362712,-0.4935482247405138
4,-0.6,0.0855310621242485,0.5162263889571548,-0.48864428162539025
4,-0.6,0.0898997995991984,0.5182597599222282,-0.48377677003198466
4,-0.6,0.0942685370741483,0.5202794585148962,-0.4789453758579735
4,-0.6,0.0986372745490982,0.5222856412373715,-0.47414978826622817
4,-0.6,0.1030060120240481,0.5242784634119888,-0.4693896996578618
4,-0.6,0.107374749498998,0.5262580791825076,-0.4646648056452975
4,-0.6,0.1117434869739479,0.5282246415153816,-0.4599748050253625
4,-0.6,0.11611222444889781,0.5301783022010222,-0.455319399752401
4,-0.6,0.1204809619238477,0.5321192118550531,-0.4506982949114197
4,-0.6,0.1248496993987976,0.5340475199195658,-0.4461111986912545
4,-0.6,0.12921843687374748,0.5359633746643822,-0.4415578223577691
4,-0.6,0.13358717434869738,0.5378669231883315,-0.437037880227082
4,-0.6,0.1379559118236473,0.5397583114205411,-0.4325510896388251
4,-0.6,0.1423246492985972,0.5416376841217602,-0.42809717092943883
4,-0.6,0.1466933867735471,0.5435051848857113,-0.4236758474055034
4,-0.6,0.151062124248497,0.5453609561404742,-0.41928684531710797
4,-0.6,0.1554308617234469,0.5472051391499186,-0.4149298938312619
4,-0.6,0.15979959919839679,0.5490378740151804,-0.4106047250053561
4,-0.6,0.16416833667334668,0.550859299676189,-0.40631107376066294
4,-0.6,0.16853707414829658,0.552669553913251,-0.4020486778558971
4,-0.6,0.17290581162324647,0.5544687733487008,-0.3978172778608253
4,-0.6,0.17727454909819637,0.5562570934486056,-0.3936166171299333
4,-0.6,0.1816432865731463,0.5580346485245505,-0.3894464417761605
4,-0.6,0.1860120240480962,0.5598015717354883,-0.3853065006446908
4,-0.6,0.1903807615230461,0.5615579950896721,-0.3811965452868213
4,-0.6,0.19474949899799598,0.5633040494466608,-0.37711632993389615
4,-0.6,0.19911823647294588,0.5650398645194159,-0.37306561147131995
4,-0.6,0.20348697394789578,0.5667655688764743,-0.36904414941265273
4,-0.6,0.20785571142284567,0.568481289944218,-0.36505170587378516
4,-0.6,0.2122244488977956,0.570187154009228,-0.36108804554720586
4,-0.6,0.2165931863727455,0.5718832862207348,-0.3571529356763587
4,-0.6,0.2209619238476954,0.5735698105931603,-0.353246146030093
4,-0.6,0.2253306613226453,0.5752468500087596,-0.34936744887722126
4,-0.6,0.22969939879759518,0.5769145262203575,-0.3455166189611726
4,-0.6,0.23406813627254508,0.5785729598541839,-0.3416934334747592
4,-0.6,0.23843687374749498,0.5802222704128139,-0.33789767203505267
4,-0.6,0.24280561122244487,0.5818625762782018,-0.3341291166583747
4,-0.6,0.24717434869739477,0.583493994714822,-0.33038755173540973
4,-0.6,0.2515430861723447,0.5851166418729095,-0.3266727640064379
4,-0.6,0.2559118236472946,0.5867306327918037,-0.32298454253669723
4,-0.6,0.2602805611222445,0.5883360814033932,-0.3193226786918759
4,-0.6,0.2646492985971944,0.5899331005356664,-0.3156869661137362
4,-0.6,0.2690180360721443,0.5915218019163582,-0.31207720069587913
4,-0.6,0.27338677354709423,0.593102296176705,-0.3084931805596472
4,-0.6,0.2777555110220441,0.5946746928552942,-0.3049347060301774
4,-0.6,0.282124248496994,0.5962391004020198,-0.3014015796125907
4,-0.6,0.2864929859719439,0.5977956261821346,-0.29789360596834635
4,-0.6,0.2908617234468938,0.5993443764803993,-0.2944105918917383
4,-0.6,0.2952304609218437,0.600885456505333,-0.2909523462865549
4,-0.6,0.2995991983967936,0.6024189703935557,-0.28751868014289683
4,-0.6,0.30396793587174353,0.6039450212142277,-0.28410940651415617
4,-0.6,0.3083366733466934,0.605463710973581,-0.28072434049416284
4,-0.6,0.3127054108216433,0.6069751406195435,-0.2773632991944964
4,-0.6,0.3170741482965932,0.6084794100464506,-0.27402610172197156
4,-0.6,0.3214428857715431,0.609976618099847,-0.2707125691562901
4,-0.6,0.325811623246493,0.6114668625813754,-0.26742252452787363
4,-0.6,0.3301803607214429,0.6129502402537444,-0.26415579279587037
4,-0.6,0.3345490981963928,0.6144268468457836,-0.2609122008263399
4,-0.6,0.3389178356713427,0.6158967770575776,-0.25769157737061865
4,-0.6,0.34328657314629263,0.6173601245656739,-0.2544937530438701
4,-0.6,0.3476553106212425,0.6188169820283729,-0.2513185603038153
4,-0.6,0.3520240480961924,0.6202674410910857,-0.24816583342965148
4,-0.6,0.3563927855711423,0.6217115923917632,-0.24503540850115582
4,-0.6,0.3607615230460922,0.6231495255663992,-0.2419271233779777
4,-0.6,0.3651302605210421,0.6245813292545901,-0.23884081767912135
4,-0.6,0.369498997995992,0.6260070911051694,-0.23577633276261564
4,-0.6,0.37386773547094193,0.6274268977818924,-0.23273351170537918
4,-0.6,0.3782364729458918,0.6288408349691896,-0.22971219928327352
4,-0.6,0.3826052104208417,0.6302489873779673,-0.2267122419513516
4,-0.6,0.3869739478957916,0.63165143875147,-0.22373348782429853
4,-0.6,0.3913426853707415,0.6330482718711872,-0.2207757866570667
4,-0.6,0.3957114228456914,0.634439568562814,-0.21783898982570216
4,-0.6,0.4000801603206413,0.6358254097022534,-0.21492295030837233
4,-0.6,0.40444889779559123,0.6372058752216677,-0.21202752266657937
4,-0.6,0.4088176352705411,0.6385810441155629,-0.20915256302657695
4,-0.6,0.413186372745491,0.6399509944469209,-0.20629792906097416
4,-0.6,0.4175551102204409,0.6413158033533615,-0.20346347997054204
4,-0.6,0.4219238476953908,0.6426755470533374,-0.20064907646620644
4,-0.6,0.4262925851703407,0.6440303008523673,-0.1978545807512418
4,-0.6,0.4306613226452906,0.6453801391492898,-0.1950798565036553
4,-0.6,0.4350300601202405,0.6467251354425468,-0.1923247688587664
4,-0.6,0.4393987975951904,0.6480653623364919,-0.18958918439197786
4,-0.6,0.44376753507014033,0.6494008915477185,-0.18687297110173948
4,-0.6,0.4481362725450902,0.6507317939114085,-0.1841759983927067
4,-0.6,0.4525050100200401,0.6520581393876954,-0.18149813705908438
4,-0.6,0.45687374749499,0.6533799970680454,-0.17883925926816738
4,-0.6,0.4612424849699399,0.6546974351816478,-0.17619923854406624
4,-0.6,0.4656112224448898,0.656010521101818,-0.1735779497516234
4,-0.6,0.4699799599198397,0.6573193213524073,-0.17097526908051539
4,-0.6,0.4743486973947896,0.6586239016142182,-0.16839107402954515
4,-0.6,0.4787174348697395,0.6599243267314235,-0.16582524339111507
4,-0.6,0.4830861723446894,0.6612206607179895,-0.16327765723588833
4,-0.6,0.4874549098196393,0.6625129667640955,-0.16074819689763215
4,-0.6,0.4918236472945892,0.6638013072425554,-0.1582367449582423
4,-0.6,0.4961923847695391,0.6650857437152286,-0.15574318523294886
4,-0.6,0.500561122244489,0.6663663369394337,-0.15326740275570222
4,-0.6,0.5049298597194388,0.6676431468743459,-0.15080928376473612
4,-0.6,0.5092985971943887,0.6689162326873915,-0.14836871568830848
4,-0.6,0.5136673346693387,0.670185652760628,-0.1459455871306152
4,-0.6,0.5180360721442886,0.6714514646971095,-0.1435397878578811
4,-0.6,0.5224048096192385,0.6727137253272425,-0.14115120878462017
4,-0.6,0.5267735470941884,0.6739724907151221,-0.1387797419600686
4,-0.6,0.5311422845691383,0.6752278161648477,-0.13642528055478695
4,-0.6,0.5355110220440882,0.6764797562268292,-0.13408771884742743
4,-0.6,0.5398797595190381,0.6777283647040596,-0.13176695221167195
4,-0.6,0.544248496993988,0.6789736946583762,-0.1294628771033311
4,-0.6,0.548617234468938,0.6802157984166918,-0.1271753910476051
4,-0.6,0.5529859719438878,0.6814547275772044,-0.12490439262651226
4,-0.6,0.5573547094188377,0.6826905330155802,-0.12264978146646761
4,-0.6,0.5617234468937876,0.6839232648911052,-0.12041145822602886
4,-0.6,0.5660921843687375,0.685152972652817,-0.11818932458379175
4,-0.6,0.5704609218436874,0.6863797050455962,-0.11598328322644265
4,-0.6,0.5748296593186373,0.6876035101162374,-0.11379323783696456
4,-0.6,0.5791983967935872,0.6888244352194784,-0.11161909308299288
4,-0.6,0.5835671342685371,0.6900425270240054,-0.10946075460532083
4,-0.6,0.587935871743487,0.6912578315184159,-0.10731812900655387
4,-0.6,0.5923046092184369,0.692470394017154,-0.10519112383990675
4,-0.6,0.5966733466933868,0.6936802591664056,-0.10307964759814936
4,-0.6,0.6010420841683367,0.6948874709499576,-0.10098360970269035
4,-0.6,0.6054108216432866,0.6960920726950194,-0.09890292049280544
4,-0.6,0.6097795591182364,0.6972941070780073,-0.09683749121500164
4,-0.6,0.6141482965931864,0.6984936161302893,-0.0947872340125197
4,-0.6,0.6185170340681363,0.6996906412438866,-0.09275206191497384
4,-0.6,0.6228857715430862,0.7008852231771434,-0.09073188882812283
4,-0.6,0.6272545090180361,0.7020774020603414,-0.08872662952377292
4,-0.6,0.631623246492986,0.7032672174012878,-0.08673619962981363
4,-0.6,0.6359919839679359,0.7044547080908494,-0.08476051562037998
4,-0.6,0.6403607214428858,0.7056399124084489,-0.08279949480614204
4,-0.6,0.6447294589178357,0.7068228680275151,-0.08085305532471908
4,-0.6,0.6490981963927855,0.7080036120208926,-0.07892111613122031
4,-0.6,0.6534669338677355,0.7091821808662023,-0.07700359698890134
4,-0.6,0.6578356713426854,0.7103586104511593,-0.07510041845994764
4,-0.6,0.6622044088176353,0.7115329360788464,-0.07321150189637143
4,-0.6,0.6665731462925852,0.7127051924729376,-0.07133676943102706
4,-0.6,0.670941883767535,0.7138754137828801,-0.06947614396874154
4,-0.6,0.675310621242485,0.7150436335890263,-0.06762954917755877
4,-0.6,0.6796793587174349,0.7162098849077216,-0.06579690948009505
4,-0.6,0.6840480961923848,0.7173742001963399,-0.06397815004500505
4,-0.6,0.6884168336673347,0.7185366113582787,-0.0621731967785547
4,-0.6,0.6927855711422846,0.7196971497479,-0.06038197631630568
4,-0.6,0.6971543086172345,0.720855846175428,-0.05860441601489975
4,-0.6,0.7015230460921844,0.7220127309117933,-0.05684044394395025
4,-0.6,0.7058917835671343,0.723167833693435,-0.05508998887803501
4,-0.6,0.7102605210420841,0.7243211837270479,-0.05335298028878974
4,-0.6,0.7146292585170341,0.7254728096942872,-0.051629348337101436
4,-0.6,0.718997995991984,0.7266227397564158,-0.049919023865397635
4,-0.6,0.7233667334669339,0.7277710015589138,-0.04822193839003515
4,-0.6,0.7277354709418838,0.7289176222360287,-0.04653802409377824
4,-0.6,0.7321042084168337,0.7300626284152809,-0.04486721381837545
4,-0.6,0.7364729458917836,0.7312060462219214,-0.04320944105722559
4,-0.6,0.7408416833667335,0.732347901283336,-0.041564639948132476
4,-0.6,0.7452104208416834,0.7334882187334046,-0.039932745266151565
4,-0.6,0.7495791583166332,0.7346270232168064,-0.0383136924165213
4,-0.6,0.7539478957915832,0.7357643388932815,-0.03670741742768203
4,-0.6,0.7583166332665331,0.7369001894418364,-0.035113856944379844
4,-0.6,0.762685370741483,0.7380345980649059,-0.033532948220850574
4,-0.6,0.7670541082164329,0.7391675874924628,-0.03196462911408986
4,-0.6,0.7714228456913828,0.7402991799860779,-0.03040883807720007
4,-0.6,0.7757915831663327,0.7414293973429348,-0.02886551415281789
4,-0.6,0.7801603206412826,0.7425582608997884,-0.027334596966619797
4,-0.6,0.7845290581162325,0.7436857915368814,-0.025816026720903346
4,-0.6,0.7888977955911824,0.7448120096818075,-0.02430974418824368
4,-0.6,0.7932665330661323,0.7459369353133282,-0.022815690705224028
4,-0.6,0.7976352705410822,0.7470605879651385,-0.021333808166238234
4,-0.6,0.8020040080160321,0.7481829867295858,-0.019864039017365512
4,-0.6,0.806372745490982,0.7493041502613399,-0.018406326250313933
4,-0.6,0.8107414829659318,0.7504240967810141,-0.016960613396434454
4,-0.6,0.8151102204408818,0.7515428440787368,-0.015526844520798989
4,-0.6,0.8194789579158317,0.7526604095176795,-0.014104964216349748
4,-0.6,0.8238476953907816,0.7537768100375317,-0.012694917598109463
4,-0.6,0.8282164328657315,0.7548920621579291,-0.011296650297456943
4,-0.6,0.8325851703406814,0.7560061819818397,-0.009910108456466336
4,-0.6,0.8369539078156313,0.757119185198892,-0.008535238722305433
4,-0.6,0.8413226452905812,0.7582310870886672,-0.00717198824169762
4,-0.6,0.8456913827655311,0.7593419025239362,-0.005820304655440247
4,-0.6,0.8500601202404809,0.7604516459738538,-0.004480136092981195
4,-0.6,0.8544288577154309,0.7615603315071041,-0.003151431167055866
4,-0.6,0.8587975951903808,0.7626679727950028,-0.0018341389683737403
4,-0.6,0.8631663326653307,0.7637745831145483,-0.0005282090603670077
4,-0.6,0.8675350701402806,0.7648801753514316,0.0007664085260139283
4,-0.6,0.8719038076152305,0.7659847620029959,0.002049763297448134
4,-0.6,0.8762725450901804,0.767088355181156,0.0033219043033417546
4,-0.6,0.8806412825651303,0.7681909666152678,0.004582880140875736
4,-0.6,0.8850100200400802,0.7692926076549538,0.0058327389600033586
4,-0.6,0.88937875751503,0.7703932892728851,0.007071528468400674
4,-0.6,0.89374749498998,0.7714930220675181,0.008299295936367806
4,-0.6,0.8981162324649299,0.7725918162657869,0.009516088201687017
4,-0.6,0.9024849699398798,0.7736896817257503,0.01072195167443233
4,-0.6,0.9068537074148297,0.7747866279391963,0.011916932341737851
4,-0.6,0.9112224448897795,0.7758826640342038,0.013101075772520735
4,-0.6,0.9155911823647295,0.7769777987776592,0.014274427122164804
4,-0.6,0.9199599198396794,0.778072040577731,0.015437031137159786
4,-0.6,0.9243286573146293,0.7791653974862996,0.016588932159702596
4,-0.6,0.9286973947895791,0.7802578772013495,0.017730174132260093
4,-0.6,0.9330661322645291,0.7813494870693118,0.018860800602090427
4,-0.6,0.937434869739479,0.7824402340873723,0.019980854725731592
4,-0.6,0.9418036072144289,0.7835301249057329,0.021090379273450265
4,-0.6,0.9461723446893788,0.7846191658298329,0.022189416633657203
4,-0.6,0.9505410821643286,0.78570736282253,0.023278008817287494
4,-0.6,0.9549098196392786,0.786794721506239,0.02435619746214842
4,-0.6,0.9592785571142285,0.7878812471650317,0.025424023837234157
4,-0.6,0.9636472945891784,0.7889669447466953,0.026481528847008787
4,-0.6,0.9680160320641283,0.7900518188647505,0.027528753035659707
4,-0.6,0.9723847695390782,0.7911358738004299,0.028565736591320535
4,-0.6,0.9767535070140281,0.7922191135046207,0.029592519350266657
4,-0.6,0.981122244488978,0.7933015415997603,0.030609140801080573
4,-0.6,0.9854909819639279,0.7943831613817031,0.03161564008879294
4,-0.6,0.9898597194388777,0.7954639758215402,0.03261205601899742
4,-0.6,0.9942284569138277,0.7965439875673864,0.033598427061938524
4,-0.6,0.9985971943887776,0.7976231989461262,0.03457479135657704
4,-0.6,1.0029659318637274,0.7987016119651248,0.035541186714632585
4,-0.6,1.0073346693386773,0.7997792283139,0.03649765062460193
4,-0.6,1.0117034068136272,0.8008560493657596,0.037444220255758734
4,-0.6,1.0160721442885772,0.8019320761793967,0.03838093246213016
4,-0.6,1.020440881763527,0.8030073095004572,0.03930782378645471
4,-0.6,1.024809619238477,0.804081749763065,0.04022493046412319
4,-0.6,1.029178356713427,0.8051553970913123,0.04113228842709912
4,-0.6,1.0335470941883769,0.8062282513007191,0.042029933307823585
4,-0.6,1.0379158316633268,0.8073003118996528,0.042917900443104035
4,-0.6,1.0422845691382765,0.8083715780907155,0.04379622487798795
4,-0.6,1.0466533066132264,0.8094420487720986,0.04466494136962309
4,-0.6,1.0510220440881763,0.8105117225389006,0.04552408439110134
4,-0.6,1.0553907815631263,0.8115805976844136,0.0463736881352944
4,-0.6,1.0597595190380762,0.812648672201376,0.04721378651867505
4,-0.6,1.0641282565130261,0.8137159437831962,0.048044413185128254
4,-0.6,1.068496993987976,0.814782409825134,0.048865601509752825
4,-0.6,1.072865731462926,0.8158480674254643,0.04967738460265415
4,-0.6,1.0772344689378759,0.8169129133865978,0.05047979531272945
4,-0.6,1.0816032064128256,0.8179769442161761,0.05127286623144416
4,-0.6,1.0859719438877755,0.8190401561281349,0.052056629696605315
4,-0.6,1.0903406813627254,0.8201025450437378,0.052831117796124996
4,-0.6,1.0947094188376754,0.8211641065925794,0.05359636237178383
4,-0.6,1.0990781563126253,0.8222248361135588,0.054352395022989386
4,-0.6,1.1034468937875752,0.8232847286558266,0.055099247110530394
4,-0.6,1.1078156312625251,0.8243437789796999,0.055836949760331704
4,-0.6,1.112184368737475,0.825401981557551,0.05656553386720676
4,-0.6,1.116553106212425,0.8264593305746725,0.057285030098611335
4,-0.6,1.1209218436873747,0.8275158199301064,0.05799546889839704
4,-0.6,1.1252905811623246,0.8285714432374569,0.058696880490568336
4,-0.6,1.1296593186372745,0.829626193825669,0.059389294883040684
4,-0.6,1.1340280561122245,0.8306800647397862,0.06007274187140388
4,-0.6,1.1383967935871744,0.8317330487416835,0.060747251042688924
4,-0.6,1.1427655310621243,0.832785138310771,0.06141285177914233
4,-0.6,1.1471342685370742,0.833836325644681,0.06206957326200401
4,-0.6,1.1515030060120242,0.8348866026599248,0.06271744447529569
4,-0.6,1.155871743486974,0.8359359609925323,0.06335649420961569
4,-0.6,1.1602404809619238,0.8369843919986655,0.0639867510659442
4,-0.6,1.1646092184368737,0.8380318867552121,0.06460824345945851
4,-0.6,1.1689779559118236,0.8390784360603597,0.06522099962335823
4,-0.6,1.1733466933867736,0.8401240304341461,0.065825047612705
4,-0.6,1.1777154308617235,0.8411686601189929,0.06642041530827365
4,-0.6,1.1820841683366734,0.8422123150802192,0.06700713042041746
4,-0.6,1.1864529058116233,0.8432549850065373,0.06758522049295032
4,-0.6,1.1908216432865733,0.8442966593105304,0.06815471290704068
4,-0.6,1.1951903807615232,0.8453373271291128,0.06871563488512825
4,-0.6,1.1995591182364729,0.846376977323976,0.06926801349485329
4,-0.6,1.2039278557114228,0.8474155984820179,0.06981187565300807
4,-0.6,1.2082965931863727,0.8484531789157571,0.07034724812950569
4,-0.6,1.2126653306613226,0.8494897066637348,0.07087415755137429
4,-0.6,1.2170340681362726,0.850525169490903,0.07139263040676541
4,-0.6,1.2214028056112225,0.8515595548889995,0.07190269304899315
4,-0.6,1.2257715430861724,0.852592850076915,0.07240437170059077
4,-0.6,1.2301402805611223,0.8536250420010445,0.07289769245739772
4,-0.6,1.2345090180360723,0.8546561173356366,0.07338268129266583
4,-0.6,1.238877755511022,0.855686062483126,0.07385936406119778
4,-0.6,1.243246492985972,0.8567148635744639,0.07432776650351107
4,-0.6,1.2476152304609218,0.8577425064694424,0.07478791425002916
4,-0.6,1.2519839679358717,0.8587689767570097,0.07523983282530476
4,-0.6,1.2563527054108217,0.8597942597555817,0.07568354765227342
4,-0.6,1.2607214428857716,0.8608183405133546,0.0761190840565349
4,-0.6,1.2650901803607215,0.86184120380861,0.07654646727067342
4,-0.6,1.2694589178356714,0.8628628341500196,0.07696572243860571
4,-0.6,1.2738276553106214,0.8638832157769533,0.07737687461996785
4,-0.6,1.278196392785571,0.8649023326597856,0.07777994879453311
4,-0.6,1.282565130260521,0.865920168500205,0.07817496986666965
4,-0.6,1.286933867735471,0.8669367067315294,0.07856196266983696
4,-0.6,1.2913026052104208,0.8679519305190226,0.07894095197111467
4,-0.6,1.2956713426853708,0.8689658227602207,0.07931196247577693
4,-0.6,1.3000400801603207,0.8699783660852652,0.07967501883190282
4,-0.6,1.3044088176352706,0.8709895428572452,0.08003014563503041
4,-0.6,1.3087775551102205,0.8719993351725512,0.08037736743285065
4,-0.6,1.3131462925851705,0.8730077248612399,0.0807167087299481
4,-0.6,1.3175150300601204,0.874014693487413,0.08104819399258094
4,-0.6,1.32188376753507,0.875020222349614,0.08137184765350763
4,-0.6,1.32625250501002,0.8760242924812381,0.08168769411686194
4,-0.6,1.33062124248497,0.8770268846509632,0.081995757763069
4,-0.6,1.3349899799599199,0.8780279793632022,0.08229606295381503
4,-0.6,1.3393587174348698,0.8790275568585735,0.08258863403705984
4,-0.6,1.3437274549098197,0.8800255971144031,0.08287349535210015
4,-0.6,1.3480961923847696,0.8810220798452434,0.08315067123468577
4,-0.6,1.3524649298597196,0.8820169845034262,0.08342018602218407
4,-0.6,1.3568336673346695,0.8830102902796452,0.0836820640587908
4,-0.6,1.3612024048096192,0.884001976103567,0.08393632970080436
4,-0.6,1.365571142284569,0.8849920206444793,0.08418300732194282
4,-0.6,1.369939879759519,0.8859804023119742,0.08442212131871758
4,-0.6,1.374308617234469,0.8869670992566683,0.08465369611586374
4,-0.6,1.3786773547094189,0.8879520893709661,0.0848777561718214
4,-0.6,1.3830460921843688,0.8889353502898647,0.08509432598427498
4,-0.6,1.3874148296593187,0.8899168593918019,0.08530343009574658
4,-0.6,1.3917835671342687,0.8908965937995555,0.08550509309924789
4,-0.6,1.3961523046092186,0.8918745303811918,0.08569933964398449
4,-0.6,1.4005210420841683,0.8928506457510637,0.08588619444112416
4,-0.6,1.4048897795591182,0.8938249162708665,0.08606568226961689
4,-0.6,1.4092585170340681,0.8947973180507527,0.08623782798207544
4,-0.6,1.413627254509018,0.8957678269505044,0.08640265651071391
4,-0.6,1.417995991983968,0.89673641858077,0.08656019287334404
4,-0.6,1.422364729458918,0.8977030683043703,0.08671046217943286
4,-0.6,1.4267334669338678,0.8986677512376671,0.08685348963621228
4,-0.6,1.4311022044088177,0.8996304422520103,0.08698930055485876
4,-0.6,1.4354709418837677,0.9005911159752565,0.08711792035671714
4,-0.6,1.4398396793587174,0.9015497467933662,0.08723937457959804
4,-0.6,1.4442084168336673,0.9025063088520834,0.08735368888412195
4,-0.6,1.4485771543086172,0.9034607760586977,0.08746088906012824
4,-0.6,1.4529458917835671,0.9044131220838976,0.08756100103314021
4,-0.6,1.457314629258517,0.9053633203637094,0.08765405087088673
4,-0.6,1.461683366733467,0.9063113441015375,0.08774006478988258
4,-0.6,1.466052104208417,0.907257166270296,0.08781906916206333
4,-0.6,1.4704208416833668,0.9082007596146464,0.08789109052147664
4,-0.6,1.4747895791583168,0.9091420966533393,0.0879561555710313
4,-0.6,1.4791583166332665,0.9100811496816618,0.08801429118929513
4,-0.6,1.4835270541082164,0.9110178907740024,0.08806552443735072
4,-0.6,1.4878957915831663,0.9119522917865269,0.08810988256569928
4,-0.6,1.4922645290581162,0.9128843243599791,0.08814739302121709
4,-0.6,1.4966332665330662,0.9138139599226008,0.0881780834541649
4,-0.6,1.501002004008016,0.9147411696931818,0.08820198172523677
4,-0.6,1.505370741482966,0.9156659246842428,0.08821911591266185
4,-0.6,1.509739478957916,0.9165881957053506,0.08822951431935117
4,-0.6,1.5141082164328659,0.9175079533665744,0.08823320548008255
4,-0.6,1.5184769539078156,0.9184251680820896,0.08823021816872852
4,-0.6,1.5228456913827655,0.919339810073922,0.08822058140552234
4,-0.6,1.5272144288577154,0.9202518493758494,0.08820432446436412
4,-0.6,1.5315831663326653,0.92116125583746,0.08818147688015021
4,-0.6,1.5359519038076153,0.9220679991283673,0.08815206845614762
4,-0.6,1.5403206412825652,0.9229720487425934,0.08811612927138388
4,-0.6,1.544689378757515,0.9238733740031173,0.0880736896880686
4,-0.6,1.549058116232465,0.9247719440666008,0.08802478035903456
4,-0.6,1.553426853707415,0.9256677279282904,0.0879694322352019
4,-0.6,1.5577955911823649,0.9265606944270967,0.08790767657304915
4,-0.6,1.5621643286573146,0.9274508122508675,0.08783954494210049
4,-0.6,1.5665330661322645,0.9283380499418428,0.08776506923242018
4,-0.6,1.5709018036072144,0.9292223759023138,0.08768428166210866
4,-0.6,1.5752705410821644,0.9301037584004695,0.087597214784797
4,-0.6,1.5796392785571143,0.9309821655764563,0.08750390149713554
4,-0.6,1.5840080160320642,0.9318575654486382,0.08740437504626962
4,-0.6,1.5883767535070141,0.93272992592007,0.08729866903730514
4,-0.6,1.592745490981964,0.9335992147851875,0.08718681744074386
4,-0.6,1.597114228456914,0.9344653997367124,0.08706885459989872
4,-0.6,1.6014829659318637,0.9353284483727867,0.08694481523827362
4,-0.6,1.6058517034068136,0.9361883282043264,0.08681473446690291
4,-0.6,1.6102204408817635,0.937045006662612,0.08667864779165145
4,-0.6,1.6145891783567135,0.9378984511071099,0.0865365911204523
4,-0.6,1.6189579158316634,0.9387486288335307,0.08638860077049915
4,-0.6,1.6233266533066133,0.9395955070821335,0.08623471347536037
4,-0.6,1.6276953907815632,0.9404390530462655,0.08607496639203188
4,-0.6,1.6320641282565131,0.9412792338811604,0.08590939710789906
4,-0.6,1.636432865731463,0.9421160167129747,0.08573804364761756
4,-0.6,1.6408016032064128,0.9429493686480873,0.08556094447989553
4,-0.6,1.6451703406813627,0.9437792567826477,0.0853781385241685
4,-0.6,1.6495390781563126,0.9446056482123846,0.08518966515716399
4,-0.6,1.6539078156312625,0.9454285100426737,0.08499556421934513
4,-0.6,1.6582765531062125,0.9462478093988672,0.08479587602121726
4,-0.6,1.6626452905811624,0.9470635134368864,0.08459064134949718
4,-0.6,1.6670140280561123,0.947875589354078,0.08437990147313403
4,-0.6,1.6713827655310622,0.9486840044003384,0.08416369814916407
4,-0.6,1.6757515030060122,0.9494887258894996,0.08394207362840038
4,-0.6,1.6801202404809619,0.9502897212109862,0.08371507066093699
4,-0.6,1.6844889779559118,0.9510869578417365,0.08348273250146462
4,-0.6,1.6888577154308617,0.9518804033583916,0.08324510291438193
4,-0.6,1.6932264529058116,0.9526700254497465,0.08300222617869438
4,-0.6,1.6975951903807616,0.9534557919294717,0.0827541470926871
4,-0.6,1.7019639278557115,0.9542376707490915,0.08250091097836246
4,-0.6,1.7063326653306614,0.9550156300112292,0.08224256368562667
4,-0.6,1.7107014028056113,0.9557896379831053,0.08197915159622209
4,-0.6,1.7150701402805613,0.9565596631102984,0.08171072162737952
4,-0.6,1.719438877755511,0.9573256740307512,0.08143732123519641
4,-0.6,1.7238076152304609,0.9580876395890342,0.08115899841770682
4,-0.6,1.7281763527054108,0.9588455288508446,0.08087580171765446
4,-0.6,1.7325450901803607,0.9595993111177529,0.08058778022493285
4,-0.6,1.7369138276553107,0.9603489559421792,0.08029498357870152
4,-0.6,1.7412825651302606,0.9610944331425997,0.0799974619691489
4,-0.6,1.7456513026052105,0.9618357128189767,0.07969526613889885
4,-0.6,1.7500200400801604,0.9625727653683985,0.07938844738404491
4,-0.6,1.7543887775551104,0.963305561500933,0.0790770575547961
4,-0.6,1.75875751503006,0.964034072255676,0.07876114905573418
4,-0.6,1.76312625250501,0.9647582690169861,0.0784407748456484
4,-0.6,1.76749498997996,0.9654781235309116,0.07811598843696141
4,-0.6,1.7718637274549098,0.9661936079217738,0.07778684389470987
4,-0.6,1.7762324649298598,0.9669046947089183,0.07745339583508112
4,-0.6,1.7806012024048097,0.9676113568236084,0.0771156994234946
4,-0.6,1.7849699398797596,0.9683135676260597,0.07677381037220832
4,-0.6,1.7893386773547095,0.9690113009225908,0.0764277849374439
4,-0.6,1.7937074148296595,0.9697045309828869,0.07607767991601731
4,-0.6,1.7980761523046092,0.9703932325573568,0.07572355264147031
4,-0.6,1.802444889779559,0.9710773808945681,0.07536546097967713
4,-0.6,1.806813627254509,0.971756951758749,0.07500346332393687
4,-0.6,1.811182364729459,0.9724319214473343,0.07463761858952168
4,-0.6,1.8155511022044089,0.9731022668085442,0.0742679862076888
4,-0.6,1.8199198396793588,0.9737679652589756,0.07389462611913201
4,-0.6,1.8242885771543087,0.9744289948011893,0.07351759876688112
4,-0.6,1.8286573146292586,0.9750853340412685,0.07313696508862286
4,-0.6,1.8330260521042085,0.9757369622063402,0.0727527865084557
4,-0.6,1.8373947895791582,0.9763838591620255,0.07236512492805651
4,-0.6,1.8417635270541082,0.977026005429812,0.07197404271726486
4,-0.6,1.846132264529058,0.9776633822043168,0.07157960270407142
4,-0.6,1.850501002004008,0.9782959713704208,0.0711818681640148
4,-0.6,1.854869739478958,0.9789237555202571,0.07078090280897634
4,-0.6,1.8592384769539079,0.9795467179700229,0.07037677077537485
4,-0.6,1.8636072144288578,0.9801648427765982,0.06996953661175977
4,-0.6,1.8679759519038077,0.9807781147539455,0.06955926526580354
4,-0.6,1.8723446893787576,0.9813865194892636,0.06914602207068749
4,-0.6,1.8767134268537076,0.9819900433588783,0.06872987273089094
4,-0.6,1.8810821643286573,0.9825886735438373,0.0683108833073839
4,-0.6,1.8854509018036072,0.9831823980451905,0.06788912020222268
4,-0.6,1.8898196392785571,0.9837712056989313,0.067464650142558
4,-0.6,1.894188376753507,0.984355086190567,0.06703754016406469
4,-0.6,1.898557114228457,0.9849340300693032,0.06660785759378987
4,-0.6,1.902925851703407,0.9855080287618083,0.06617567003243861
4,-0.6,1.9072945891783568,0.9860770745855377,0.06574104533609838
4,-0.6,1.9116633266533067,0.9866411607615955,0.06530405159742286
4,-0.6,1.9160320641282567,0.9872002814271008,0.06486475712627554
4,-0.6,1.9204008016032064,0.9877544316470422,0.06442323042985665
4,-0.6,1.9247695390781563,0.9883036074255954,0.0639795401923178
4,-0.6,1.9291382765531062,0.988847805716872,0.06353375525389107
4,-0.6,1.9335070140280561,0.9893870244350913,0.06308594458954528
4,-0.6,1.937875751503006,0.9899212624641354,0.06263617728717728
4,-0.6,1.942244488977956,0.9904505196664808,0.062184522525375
4,-0.6,1.946613226452906,0.9909747968914724,0.06173104955076256
4,-0.6,1.9509819639278558,0.99149409598293,0.06127582765494875
4,-0.6,1.9553507014028058,0.9920084197860611,0.06081892615110706
4,-0.6,1.9597194388777555,0.9925177721536577,0.06036041435020349
4,-0.6,1.9640881763527054,0.9930221579515707,0.05990036153690573
4,-0.6,1.9684569138276553,0.9935215830634317,0.05943883694519392
4,-0.6,1.9728256513026052,0.9940160543946178,0.05897590973370248
4,-0.6,1.9771943887775552,0.994505579875431,0.058511648960816925
4,-0.6,1.981563126252505,0.9949901684634945,0.05804612355956202
4,-0.6,1.985931863727455,0.9954698301453381,0.05757940231230262
4,-0.6,1.990300601202405,0.9959445759371732,0.057111553825295494
4,-0.6,1.9946693386773549,0.9964144178848405,0.05664264650311336
4,-0.6,1.9990380761523046,0.996879369062923,0.05617274852298454
4,-0.6,2.0034068136272545,0.9973394435730212,0.05570192780907372
4,-0.6,2.0077755511022044,0.9977946565411786,0.05523025200673126
4,-0.6,2.0121442885771543,0.9982450241144606,0.05475778845676116
4,-0.6,2.0165130260521043,0.998690563456674,0.05428460416971929
4,-0.6,2.020881763527054,0.9991312927432402,0.05381076580029868
4,-0.6,2.025250501002004,0.9995672311552104,0.053336339621816324
4,-0.6,2.029619238476954,0.9999983988724267,0.05286139150084472
4,-0.6,2.033987975951904,1.000424817065842,0.05238598687202369
4,-0.6,2.038356713426854,1.000846507888993,0.051910190713082734
4,-0.6,2.042725450901804,1.0012634944686387,0.05143406752011097
4,-0.6,2.0470941883767537,1.0016758008945719,0.050957681283098695
4,-0.6,2.0514629258517036,1.0020834522086157,0.05048109546180404
4,-0.6,2.0558316633266536,1.0024864743928152,0.05000437296195506
4,-0.6,2.060200400801603,1.0028848943568307,0.04952757611182947
4,-0.6,2.064569138276553,1.0032787399245686,0.04905076663925121
4,-0.6,2.068937875751503,1.0036680398200362,0.04857400564902196
4,-0.6,2.073306613226453,1.0040528236524635,0.04809735360082118
4,-0.6,2.0776753507014027,1.0044331219007006,0.04762087028761155
4,-0.6,2.0820440881763527,1.0048089658969093,0.047144614814569864
4,-0.6,2.0864128256513026,1.0051803878095766,0.04666864557857265
4,-0.6,2.0907815631262525,1.0055474206258705,0.046193020248266166
4,-0.6,2.0951503006012024,1.0059100981333597,0.04571779574474372
4,-0.6,2.0995190380761524,1.0062684549011314,0.04524302822285288
4,-0.6,2.1038877755511023,1.0066225262603203,0.04476877305315852
4,-0.6,2.108256513026052,1.0069723482840938,0.044295084804579395
4,-0.6,2.112625250501002,1.007317957767103,0.04382201722772571
4,-0.6,2.116993987975952,1.0076593922044426,0.04334962323894214
4,-0.6,2.121362725450902,1.0079966897701484,0.04287795490509445
4,-0.6,2.125731462925852,1.008329889295253,0.04240706342909086
4,-0.6,2.130100200400802,1.0086590302454466,0.04193699913617699
4,-0.6,2.1344689378757518,1.0089841526983585,0.04146781146099608
4,-0.6,2.1388376753507012,1.0093052973205066,0.04099954893543875
4,-0.6,2.143206412825651,1.0096225053439367,0.04053225917729046
4,-0.6,2.147575150300601,1.0099358185425926,0.040065988879676856
4,-0.6,2.151943887775551,1.0102452792084402,0.03960078380131783
4,-0.6,2.156312625250501,1.0105509301273916,0.03913668875760692
4,-0.6,2.160681362725451,1.01085281455505,0.038673747612492856
4,-0.6,2.165050100200401,1.01115097619232,0.03821200327119144
4,-0.6,2.1694188376753507,1.0114454591609052,0.03775149767371504
4,-0.6,2.1737875751503006,1.0117363079787334,0.03729227178921236
4,-0.6,2.1781563126252506,1.01202356753534,0.03683436561113627
4,-0.6,2.1825250501002005,1.0123072830672413,0.03637781815321166
4,-0.6,2.1868937875751504,1.012587500133325,0.035922667446213585
4,-0.6,2.1912625250501003,1.012864264590303,0.03546895053554355
4,-0.6,2.1956312625250503,1.0131376225682296,0.035016703479589704
4,-0.6,2.2,1.0134076204461526,0.03456596134887652
5,-0.8,0.02,0.7454301758758581,-0.6242779664562516
5,-0.8,0.0243687374749499,0.7456696110078411,-0.6184831822759408
5,-0.8,0.0287374749498998,0.7459103772329648,-0.6127337237289446
5,-0.8,0.0331062124248497,0.7461524805042564,-0.6070292032678289
5,-0.8,0.0374749498997996,0.7463959269169912,-0.6013692369727
5,-0.8,0.0418436873747495,0.7466407227040893,-0.5957534445208514
5,-0.8,0.046212424849699396,0.7468868742315105,-0.5901814491566372
5,-0.8,0.0505811623246493,0.7471343879936592,-0.5846528776615498
5,-0.8,0.0549498997995992,0.7473832706087894,-0.5791673603245182
5,-0.8,0.0593186372745491,0.7476335288144202,-0.5737245309124066
5,-0.8,0.063687374749499,0.7478851694627545,-0.5683240266407281
5,-0.8,0.0680561122244489,0.7481381995161124,-0.562965488144557
5,-0.8,0.0724248496993988,0.7483926260423699,-0.5576485594496453
5,-0.8,0.0767935871743487,0.7486484562104155,-0.5523728879437371
5,-0.8,0.0811623246492986,0.7489056972856138,-0.5471381243480838
5,-0.8,0.0855310621242485,0.74916435662529,-0.5419439226891507
5,-0.8,0.0898997995991984,0.7494244416742262,-0.5367899402705206
5,-0.8,0.0942685370741483,0.7496859599601793,-0.5316758376449838
5,-0.8,0.0986372745490982,0.7499489190894126,-0.5266012785868234
5,-0.8,0.1030060120240481,0.7502133267422546,-0.5215659300642809
5,-0.8,0.107374749498998,0.7504791906686729,-0.5165694622122148
5,-0.8,0.1117434869739479,0.7507465186838764,-0.5116115483049378
5,-0.8,0.11611222444889781,0.7510153186639368,-0.5066918647292363
5,-0.8,0.1204809619238477,0.751285598541443,-0.5018100909575717
5,-0.8,0.1248496993987976,0.7515573663011734,-0.49696590952146213
5,-0.8,0.12921843687374748,0.7518306299758049,-0.4921590059850355
5,-0.8,0.13358717434869738,0.7521053976416442,-0.4873890689187644
5,-0.8,0.1379559118236473,0.7523816774143971,-0.4826557898733728
5,-0.8,0.1423246492985972,0.7526594774449615,-0.4779588633539142
5,-0.8,0.1466933867735471,0.7529388059152631,-0.47329798679402263
5,-0.8,0.151062124248497,0.753219671034115,-0.4686728605303356
5,-0.8,0.1554308617234469,0.7535020810331211,-0.4640831877770805
5,-0.8,0.15979959919839679,0.7537860441626121,-0.45952867460083624
5,-0.8,0.16416833667334668,0.7540715686876192,-0.45500902989545533
5,-0.8,0.16853707414829658,0.7543586628838886,-0.4505239653571544
5,-0.8,0.17290581162324647,0.754647335033932,-0.44607319545976803
5,-0.8,0.17727454909819637,0.7549375934231207,-0.4416564374301676
5,-0.8,0.1816432865731463,0.7552294463358226,-0.4372734112238413
5,-0.8,0.1860120240480962,0.7555229020515748,-0.4329238395006351
5,-0.8,0.1903807615230461,0.7558179688413109,-0.42860744760065567
5,-0.8,0.19474949899799598,0.7561146549636217,-0.42432396352033386
5,-0.8,0.19911823647294588,0.756412968661065,-0.4200731178886451
5,-0.8,0.20348697394789578,0.7567129181565281,-0.4158546439434869
5,-0.8,0.20785571142284567,0.7570145116496226,-0.4116682775082222
5,-0.8,0.2122244488977956,0.7573177573131415,-0.40751375696836584
5,-0.8,0.2165931863727455,0.7576226632895552,-0.4033908232484385
5,-0.8,0.2209619238476954,0.7579292376875578,-0.3992992197889743
5,-0.8,0.2253306613226453,0.7582374885786677,-0.39523869252367433
5,-0.8,0.22969939879759518,0.7585474239938707,-0.3912089898567284
5,-0.8,0.23406813627254508,0.7588590519203201,-0.38720986264027907
5,-0.8,0.23843687374749498,0.7591723802980836,-0.38324106415204445
5,-0.8,0.24280561122244487,0.7594874170169459,-0.37930235007309276
5,-0.8,0.24717434869739477,0.7598041699132575,-0.37539347846576565
5,-0.8,0.2515430861723447,0.7601226467668423,-0.3715142097517595
5,-0.8,0.2559118236472946,0.7604428552979526,-0.36766430669035344
5,-0.8,0.2602805611222445,0.7607648031642827,-0.36384353435678674
5,-0.8,0.2646492985971944,0.7610884979580296,-0.36005166012079237
5,-0.8,0.2690180360721443,0.7614139472030114,-0.3562884536252736
5,-0.8,0.27338677354709423,0.7617411583518416,-0.35255368676513593
5,-0.8,0.2777555110220441,0.7620701387831519,-0.3488471336662643
5,-0.8,0.282124248496994,0.7624008957988723,-0.34516857066465045
5,-0.8,0.2864929859719439,0.7627334366215676,-0.34151777628567004
5,-0.8,0.2908617234468938,0.763067768391824,-0.3378945312235035
5,-0.8,0.2952304609218437,0.7634038981656941,-0.33429861832071
5,-0.8,0.2995991983967936,0.7637418329121944,-0.3307298225479453
5,-0.8,0.30396793587174353,0.7640815795108592,-0.32718793098382687
5,-0.8,0.3083366733466934,0.7644231447493461,-0.323672732794947
5,-0.8,0.3127054108216433,0.7647665353210977,-0.32018401921603135
5,-0.8,0.3170741482965932,0.765111757823061,-0.31672158353024293
5,-0.8,0.3214428857715431,0.7654588187534532,-0.3132852210496341
5,-0.8,0.325811623246493,0.7658077245095906,-0.3098747290957403
5,-0.8,0.3301803607214429,0.7661584813857644,-0.3064899069803226
5,-0.8,0.3345490981963928,0.7665110955711744,-0.30313055598625266
5,-0.8,0.3389178356713427,0.7668655731479131,-0.2997964793485426
5,-0.8,0.34328657314629263,0.7672219200890085,-0.2964874822355177
5,-0.8,0.3476553106212425,0.7675801422565113,-0.29320337173013666
5,-0.8,0.3520240480961924,0.7679402453996429,-0.28994395681145096
5,-0.8,0.3563927855711423,0.7683022351529913,-0.28670904833620947
5,-0.8,0.3607615230460922,0.7686661170347605,-0.28349845902060455
5,-0.8,0.3651302605210421,0.7690318964450694,-0.2803120034221623
5,-0.8,0.369498997995992,0.7693995786643061,-0.2771494979217736
5,-0.8,0.37386773547094193,0.7697691688515288,-0.274010760705866
5,-0.8,0.3782364729458918,0.7701406720429166,-0.2708956117487185
5,-0.8,0.3826052104208417,0.770514093150276,-0.2678038727949164
5,-0.8,0.3869739478957916,0.7708894369595898,-0.2647353673419465
5,-0.8,0.3913426853707415,0.7712667081296184,-0.26168992062293167
5,-0.8,0.3957114228456914,0.7716459111905498,-0.258667359589508
5,-0.8,0.4000801603206413,0.7720270505426955,-0.25566751289483725
5,-0.8,0.40444889779559123,0.7724101304552347,-0.25269021087676014
5,-0.8,0.4088176352705411,0.7727951550650053,-0.24973528554108915
5,-0.8,0.413186372745491,0.773182128375341,-0.24680257054503627
5,-0.8,0.4175551102204409,0.7735710542549523,-0.2438919011807807
5,-0.8,0.4219238476953908,0.7739619364368562,-0.2410031143591732
5,-0.8,0.4262925851703407,0.7743547785173466,-0.23813604859357532
5,-0.8,0.4306613226452906,0.7747495839550095,-0.23529054398383586
5,-0.8,0.4350300601202405,0.7751463560697802,-0.23246644220040466
5,-0.8,0.4393987975951904,0.7755450980420473,-0.2296635864685757
5,-0.8,0.44376753507014033,0.7759458129117932,-0.22688182155287262
5,-0.8,0.4481362725450902,0.7763485035777767,-0.22412099374156103
5,-0.8,0.4525050100200401,0.776753172796761,-0.2213809508312976
5,-0.8,0.45687374749499,0.7771598231827715,-0.21866154211191255
5,-0.8,0.4612424849699399,0.777568457206406,-0.2159626183513228
5,-0.8,0.4656112224448898,0.7779790771941697,-0.2132840317805757
5,-0.8,0.4699799599198397,0.7783916853278589,-0.21062563607902762
5,-0.8,0.4743486973947896,0.7788062836439742,-0.20798728635964944
5,-0.8,0.4787174348697395,0.7792228740331749,-0.2053688391544636
5,-0.8,0.4830861723446894,0.7796414582397648,-0.20277015240010934
5,-0.8,0.4874549098196393,0.7800620378612192,-0.2001910854235373
5,-0.8,0.4918236472945892,0.7804846143477374,-0.1976314989278319
5,-0.8,0.4961923847695391,0.7809091890018377,-0.19509125497815968
5,-0.8,0.500561122244489,0.7813357629779784,-0.1925702169878473
5,-0.8,0.5049298597194388,0.7817643372822144,-0.19006824970458172
5,-0.8,0.5092985971943887,0.7821949127718859,-0.1875852191967376
5,-0.8,0.5136673346693387,0.782627490155333,-0.1851209928398286
5,-0.8,0.5180360721442886,0.7830620699916484,-0.1826754393030833
5,-0.8,0.5224048096192385,0.7834986526904499,-0.1802484285361434
5,-0.8,0.5267735470941884,0.7839372385116903,-0.1778398317558827
5,-0.8,0.5311422845691383,0.7843778275654898,-0.17544952143335213
5,-0.8,0.5355110220440882,0.7848204198119962,-0.17307737128083953
5,-0.8,0.5398797595190381,0.7852650150612743,-0.1707232562390554
5,-0.8,0.544248496993988,0.7857116129732212,-0.16838705246443242
5,-0.8,0.548617234468938,0.786160213057501,-0.1660686373165482
5,-0.8,0.5529859719438878,0.7866108146735106,-0.16376788934566422
5,-0.8,0.5573547094188377,0.7870634170303695,-0.16148468828037815
5,-0.8,0.5617234468937876,0.7875180191869259,-0.1592189150153988
5,-0.8,0.5660921843687375,0.7879746200517938,-0.15697045159943046
5,-0.8,0.5704609218436874,0.7884332183834063,-0.15473918122317623
5,-0.8,0.5748296593186373,0.7888938127900914,-0.15252498820745025
5,-0.8,0.5791983967935872,0.7893564017301731,-0.1503277579914084
5,-0.8,0.5835671342685371,0.7898209835120824,-0.14814737712088674
5,-0.8,0.587935871743487,0.7902875562944996,-0.14598373323685168
5,-0.8,0.5923046092184369,0.7907561180865063,-0.14383671506396406
5,-0.8,0.5966733466933868,0.7912266667477594,-0.14170621239924583
5,-0.8,0.6010420841683367,0.7916991999886837,-0.1395921161008653
5,-0.8,0.6054108216432866,0.7921737153706793,-0.13749431807701754
5,-0.8,0.6097795591182364,0.792650210306344,-0.13541271127492346
5,-0.8,0.6141482965931864,0.7931286820597171,-0.133347189669929
5,-0.8,0.6185170340681363,0.7936091277465318,-0.13129764825470946
5,-0.8,0.6228857715430862,0.7940915443344889,-0.12926398302857975
5,-0.8,0.6272545090180361,0.7945759286435383,-0.1272460909869071
5,-0.8,0.631623246492986,0.7950622773461771,-0.12524387011062738
5,-0.8,0.6359919839679359,0.7955505869677629,-0.1232572193558616
5,-0.8,0.6403607214428858,0.7960408538868354,-0.12128603864363499
5,-0.8,0.6447294589178357,0.7965330743354527,-0.1193302288496932
5,-0.8,0.6490981963927855,0.7970272443995384,-0.1173896917944208
5,-0.8,0.6534669338677355,0.7975233600192403,-0.1154643302328561
5,-0.8,0.6578356713426854,0.7980214169892971,-0.11355404784480154
5,-0.8,0.6622044088176353,0.7985214109594199,-0.1116587492250346
5,-0.8,0.6665731462925852,0.7990233374346783,-0.10977833987361003
5,-0.8,0.670941883767535,0.7995271917758989,-0.10791272618625908
5,-0.8,0.675310621242485,0.8000329692000707,-0.10606181544488152
5,-0.8,0.6796793587174349,0.8005406647807598,-0.10422551580812901
5,-0.8,0.6840480961923848,0.8010502734485311,-0.10240373630208316
5,-0.8,0.6884168336673347,0.8015617899913765,-0.10059638681102316
5,-0.8,0.6927855711422846,0.8020752090551543,-0.09880337806828214
5,-0.8,0.6971543086172345,0.8025905251440285,-0.09702462164719339
5,-0.8,0.7015230460921844,0.8031077326209191,-0.09526002995212705
5,-0.8,0.7058917835671343,0.8036268257079571,-0.09350951620961064
5,-0.8,0.7102605210420841,0.804147798486944,-0.09177299445953718
5,-0.8,0.7146292585170341,0.804670644899816,-0.09005037954646142
5,-0.8,0.718997995991984,0.8051953587491153,-0.08834158711097626
5,-0.8,0.7233667334669339,0.8057219336984615,-0.0866465335811764
5,-0.8,0.7277354709418838,0.8062503632730308,-0.0849651361642033
5,-0.8,0.7321042084168337,0.8067806408600372,-0.08329731283787202
5,-0.8,0.7364729458917836,0.8073127597092168,-0.08164298234238082
5,-0.8,0.7408416833667335,0.8078467129333143,-0.08000206417209688
5,-0.8,0.7452104208416834,0.8083824935085745,-0.07837447856742817
5,-0.8,0.7495791583166332,0.8089200942752336,-0.0767601465067657
5,-0.8,0.7539478957915832,0.8094595079380128,-0.07515898969851005
5,-0.8,0.7583166332665331,0.8100007270666184,-0.07357093057316975
5,-0.8,0.762685370741483,0.8105437440962324,-0.0719958922755391
5,-0.8,0.7670541082164329,0.8110885513280184,-0.07043379865694845
5,-0.8,0.7714228456913828,0.8116351409296171,-0.06888457426758951
5,-0.8,0.7757915831663327,0.8121835049356471,-0.06734814434891344
5,-0.8,0.7801603206412826,0.8127336352482079,-0.0658244348261023
5,-0.8,0.7845290581162325,0.8132855236373777,-0.06431337230061063
5,-0.8,0.7888977955911824,0.8138391617417184,-0.06281488404277837
5,-0.8,0.7932665330661323,0.8143945410687726,-0.061328897984513187
5,-0.8,0.7976352705410822,0.8149516529955668,-0.0598553427120419
5,-0.8,0.8020040080160321,0.8155104887691105,-0.05839414745873074
5,-0.8,0.806372745490982,0.816071039506894,-0.056945242097970826
5,-0.8,0.8107414829659318,0.8166332961973887,-0.05550855713613256
5,-0.8,0.8151102204408818,0.8171972497005406,-0.054084023705584065
5,-0.8,0.8194789579158317,0.8177628907482709,-0.052671573557772716
5,-0.8,0.8238476953907816,0.8183302099449644,-0.05127113905637606
5,-0.8,0.8282164328657315,0.8188991977679662,-0.049882653170508266
5,-0.8,0.8325851703406814,0.8194698445680693,-0.04850604946799599
5,-0.8,0.8369539078156313,0.820042140570005,-0.047141262108710454
5,-0.8,0.8413226452905812,0.8206160758729306,-0.04578822583796274
5,-0.8,0.8456913827655311,0.8211916404509094,-0.04444687597995869
5,-0.8,0.8500601202404809,0.8217688241533981,-0.04311714843131306
5,-0.8,0.8544288577154309,0.8223476167057228,-0.041798979654619595
5,-0.8,0.8587975951903808,0.8229280077095578,-0.040492306672081375
5,-0.8,0.8631663326653307,0.8235099866434012,-0.03919706705919715
5,-0.8,0.8675350701402806,0.8240935428630444,-0.037913198938502625
5,-0.8,0.8719038076152305,0.824678665602043,-0.03664064097336694
5,-0.8,0.8762725450901804,0.8252653439721823,-0.03537933236184539
5,-0.8,0.8806412825651303,0.825853566963943,-0.034129212830582914
5,-0.8,0.8850100200400802,0.8264433234469585,-0.0328902226287712
5,-0.8,0.88937875751503,0.8270346021704748,-0.03166230252216077
5,-0.8,0.89374749498998,0.8276273917638053,-0.030445393787118143
5,-0.8,0.8981162324649299,0.82822168073678,-0.029239438204741137
5,-0.8,0.9024849699398798,0.828817457480196,-0.02804437805501703
5,-0.8,0.9068537074148297,0.8294147102662626,-0.026860156111035063
5,-0.8,0.9112224448897795,0.8300134272490424,-0.025686715633242783
5,-0.8,0.9155911823647295,0.8306135964648913,-0.024524000363753257
5,-0.8,0.9199599198396794,0.8312152058328937,-0.023371954520698478
5,-0.8,0.9243286573146293,0.8318182431552964,-0.02223052279262764
5,-0.8,0.9286973947895791,0.8324226961179366,-0.021099650332951907
5,-0.8,0.9330661322645291,0.8330285522906705,-0.019979282754432347
5,-0.8,0.937434869739479,0.8336357991277945,-0.018869366123715144
5,-0.8,0.9418036072144289,0.834244423968468,-0.017769846955906332
5,-0.8,0.9461723446893788,0.8348544140371277,-0.01668067220919191
5,-0.8,0.9505410821643286,0.8354657564439056,-0.0156017892794965
5,-0.8,0.9549098196392786,0.8360784381850397,-0.014533145995188118
5,-0.8,0.9592785571142285,0.8366924461432796,-0.013474690611819468
5,-0.8,0.9636472945891784,0.8373077670882968,-0.012426371806909725
5,-0.8,0.9680160320641283,0.8379243876770849,-0.011388138674767113
5,-0.8,0.9723847695390782,0.8385422944543623,-0.01035994072134818
5,-0.8,0.9767535070140281,0.8391614738529689,-0.009341727859155479
5,-0.8,0.981122244488978,0.8397819121942618,-0.008333450402174484
5,-0.8,0.9854909819639279,0.8404035956885093,-0.007335059060842312
5,-0.8,0.9898597194388777,0.8410265104352819,-0.006346504937057586
5,-0.8,0.9942284569138277,0.8416506424238399,-0.005367739519220885
5,-0.8,0.9985971943887776,0.8422759775335222,-0.004398714677314536
5,-0.8,1.0029659318637274,0.8429025015341295,-0.0034393826580118004
5,-0.8,1.0073346693386773,0.8435302000863093,-0.002489696079821824
5,-0.8,1.0117034068136272,0.8441590587419346,-0.0015496079282679128
5,-0.8,1.0160721442885772,0.8447890629444882,-0.0006190715510951065
5,-0.8,1.020440881763527,0.8454201980294381,0.0003019593464871847
5,-0.8,1.024809619238477,0.846052449224616,0.001213530706533872
5,-0.8,1.029178356713427,0.8466858016505939,0.00211568812306336
5,-0.8,1.0335470941883769,0.8473202403210611,0.003008476846724291
5,-0.8,1.0379158316633268,0.8479557501431978,0.003891941789436577
5,-0.8,1.0422845691382765,0.8485923159180501,0.004766127528999459
5,-0.8,1.0466533066132264,0.8492299223409033,0.005631078313677417
5,-0.8,1.0510220440881763,0.84986855400166,0.006486838066752382
5,-0.8,1.0553907815631263,0.8505081953852092,0.007333450391055456
5,-0.8,1.0597595190380762,0.8511488308718057,0.008170958573466829
5,-0.8,1.0641282565130261,0.8517904447374418,0.00899940558939366
5,-0.8,1.068496993987976,0.8524330211542258,0.009818834107221735
5,-0.8,1.072865731462926,0.8530765441907577,0.01062928649274101
5,-0.8,1.0772344689378759,0.8537209978125083,0.011430804813551087
5,-0.8,1.0816032064128256,0.8543663658821985,0.012223430843438573
5,-0.8,1.0859719438877755,0.8550126321601813,0.01300720606673348
5,-0.8,1.0903406813627254,0.8556597803048251,0.013782171682644504
5,-0.8,1.0947094188376754,0.856307793872899,0.014548368609570298
5,-0.8,1.0990781563126253,0.8569566563199633,0.01530583748938899
5,-0.8,1.1034468937875752,0.857606351000758,0.01605461869173029
5,-0.8,1.1078156312625251,0.8582568611695995,0.016794752318221598
5,-0.8,1.112184368737475,0.8589081699807768,0.01752627820671924
5,-0.8,1.116553106212425,0.859560260488954,0.018249235935516868
5,-0.8,1.1209218436873747,0.8602131156495767,0.01896366482753666
5,-0.8,1.1252905811623246,0.8608667183192792,0.019669603954501385
5,-0.8,1.1296593186372745,0.8615210512563019,0.020367092141088138
5,-0.8,1.1340280561122245,0.8621760971209107,0.021056167969064364
5,-0.8,1.1383967935871744,0.8628318384758202,0.02173686978140685
5,-0.8,1.1427655310621243,0.8634882577866274,0.022409235686404804
5,-0.8,1.1471342685370742,0.8641453374222458,0.023073303561744328
5,-0.8,1.1515030060120242,0.8648030596553496,0.023729111058580485
5,-0.8,1.155871743486974,0.8654614066628258,0.024376695605589072
5,-0.8,1.1602404809619238,0.8661203605262286,0.025016094413008443
5,-0.8,1.1646092184368737,0.8667799032322475,0.025647344476662344
5,-0.8,1.1689779559118236,0.867440016673176,0.02627048258197133
5,-0.8,1.1733466933867736,0.8681006826473983,0.026885545307948247
5,-0.8,1.1777154308617235,0.8687618828598749,0.027492569031181417
5,-0.8,1.1820841683366734,0.8694235989226444,0.028091589929803984
5,-0.8,1.1864529058116233,0.8700858123553324,0.02868264398745067
5,-0.8,1.1908216432865733,0.8707485045856692,0.02926576699720141
5,-0.8,1.1951903807615232,0.8714116569500224,0.02984099456551322
5,-0.8,1.1995591182364729,0.8720752506939345,0.030408362116140977
5,-0.8,1.2039278557114228,0.8727392669726761,0.030967904894044457
5,-0.8,1.2082965931863727,0.8734036868518114,0.03151965796928643
5,-0.8,1.2126653306613226,0.8740684913077734,0.03206365624091751
5,-0.8,1.2170340681362726,0.8747336612284533,0.032599934440853705
5,-0.8,1.2214028056112225,0.875399177413803,0.03312852713773883
5,-0.8,1.2257715430861724,0.8760650205764532,0.03364946874080064
5,-0.8,1.2301402805611223,0.8767311713423435,0.034162793503694576
5,-0.8,1.2345090180360723,0.8773976102513678,0.03466853552833926
5,-0.8,1.238877755511022,0.8780643177580374,0.03516672876874292
5,-0.8,1.243246492985972,0.8787312742321566,0.03565740703481854
5,-0.8,1.2476152304609218,0.8793984599595179,0.03614060399618979
5,-0.8,1.2519839679358717,0.8800658551426133,0.03661635318599149
5,-0.8,1.2563527054108217,0.8807334399013602,0.037084688004657404
5,-0.8,1.2607214428857716,0.8814011942738521,0.03754564172370207
5,-0.8,1.2650901803607215,0.8820690982171213,0.037999247489490955
5,-0.8,1.2694589178356714,0.8827371316079252,0.038445538327007665
5,-0.8,1.2738276553106214,0.8834052742435502,0.03888454714360633
5,-0.8,1.278196392785571,0.8840735058426376,0.03931630673276082
5,-0.8,1.282565130260521,0.8847418060460304,0.03974084977780425
5,-0.8,1.286933867735471,0.8854101544176411,0.040158208855660314
5,-0.8,1.2913026052104208,0.886078530445341,0.04056841644056444
5,-0.8,1.2956713426853708,0.8867469135418771,0.04097150490778395
5,-0.8,1.3000400801603207,0.8874152830458042,0.04136750653732087
5,-0.8,1.3044088176352706,0.8880836182224519,0.04175645351761406
5,-0.8,1.3087775551102205,0.8887518982649055,0.042138377949230865
5,-0.8,1.3131462925851705,0.8894201022950208,0.04251331184854946
5,-0.8,1.3175150300601204,0.8900882093644634,0.04288128715143419
5,-0.8,1.32188376753507,0.8907561984557675,0.04324233571690659
5,-0.8,1.32625250501002,0.8914240484834347,0.04359648933079959
5,-0.8,1.33062124248497,0.8920917382950507,0.04394377970941002
5,-0.8,1.3349899799599199,0.8927592466724348,0.04428423850314359
5,-0.8,1.3393587174348698,0.8934265523328191,0.04461789730014387
5,-0.8,1.3437274549098197,0.894093633930058,0.0449447876299202
5,-0.8,1.3480961923847696,0.8947604700558675,0.04526494096696223
5,-0.8,1.3524649298597196,0.8954270392410938,0.04557838873434597
5,-0.8,1.3568336673346695,0.896093319957022,0.045885162307330855
5,-0.8,1.3612024048096192,0.8967592906167076,0.046185293016947446
5,-0.8,1.365571142284569,0.8974249295763516,0.046478812153572295
5,-0.8,1.369939879759519,0.8980902151366983,0.046765750970496345
5,-0.8,1.374308617234469,0.8987551255444823,0.04704614068747977
5,-0.8,1.3786773547094189,0.8994196389938965,0.04732001249429475
5,-0.8,1.3830460921843688,0.9000837336281101,0.047587397554261286
5,-0.8,1.3874148296593187,0.9007473875408126,0.047848327007766776
5,-0.8,1.3917835671342687,0.901410578777803,0.04810283197577311
5,-0.8,1.3961523046092186,0.9020732853386131,0.04835094356331499
5,-0.8,1.4005210420841683,0.9027354851781734,0.04859269286297867
5,-0.8,1.4048897795591182,0.9033971562085154,0.048828110958374485
5,-0.8,1.4092585170340681,0.9040582763005196,0.04905722892758594
5,-0.8,1.413627254509018,0.9047188232856972,0.049280077846611606
5,-0.8,1.417995991983968,0.9053787749580203,0.04949668879278823
5,-0.8,1.422364729458918,0.9060381090757937,0.04970709284819502
5,-0.8,1.4267334669338678,0.9066968033635661,0.04991132110304513
5,-0.8,1.4311022044088177,0.9073548355140896,0.05010940465905713
5,-0.8,1.4354709418837677,0.9080121831903216,0.0503013746328095
5,-0.8,1.4398396793587174,0.9086688240274724,0.05048726215907338
5,-0.8,1.4442084168336673,0.9093247356350972,0.050667098394128335
5,-0.8,1.4485771543086172,0.9099798955992393,0.050840914519055085
5,-0.8,1.4529458917835671,0.9106342814846141,0.05100874174300749
5,-0.8,1.457314629258517,0.9112878708368446,0.05117061130646307
5,-0.8,1.461683366733467,0.911940641184745,0.051326554484447375
5,-0.8,1.466052104208417,0.912592570042652,0.05147660258973682
5,-0.8,1.4704208416833668,0.9132436349128054,0.05162078697603338
5,-0.8,1.4747895791583168,0.9138938132877793,0.05175913904111613
5,-0.8,1.4791583166332665,0.914543082652965,0.051891690229961256
5,-0.8,1.4835270541082164,0.9151914204891007,0.0520184720378374
5,-0.8,1.4878957915831663,0.9158388042748585,0.052139516013369046
5,-0.8,1.4922645290581162,0.9164852114894771,0.05225485376157061
5,-0.8,1.4966332665330662,0.9171306196154518,0.05236451694684696
5,-0.8,1.501002004008016,0.9177750061412737,0.05246853729596009
5,-0.8,1.505370741482966,0.9184183485642238,0.05256694660096574
5,-0.8,1.509739478957916,0.9190606243932211,0.0526597767221093
5,-0.8,1.5141082164328659,0.9197018111517227,0.05274705959068691
5,-0.8,1.5184769539078156,0.9203418863806775,0.05282882721186923
5,-0.8,1.5228456913827655,0.9209808276415385,0.05290511166748268
5,-0.8,1.5272144288577154,0.9216186125193235,0.05297594511875205
5,-0.8,1.5315831663326653,0.9222552186257365,0.05304135980899925
5,-0.8,1.5359519038076153,0.9228906236023373,0.05310138806629946
5,-0.8,1.5403206412825652,0.9235248051237748,0.05315606230608949
5,-0.8,1.544689378757515,0.9241577409010683,0.05320541503372937
5,-0.8,1.549058116232465,0.9247894086849455,0.05324947884702108
5,-0.8,1.553426853707415,0.9254197862692378,0.05328828643866459
5,-0.8,1.5577955911823649,0.9260488514943307,0.053321870598677566
5,-0.8,1.5621643286573146,0.926676582250665,0.053350264216748836
5,-0.8,1.5665330661322645,0.927302956482301,0.053373500284542484
5,-0.8,1.5709018036072144,0.9279279521905271,0.05339161189794677
5,-0.8,1.5752705410821644,0.9285515474375317,0.05340463225926037
5,-0.8,1.5796392785571143,0.9291737203501282,0.0534125946793201
5,-0.8,1.5840080160320642,0.9297944491235267,0.053415532579566945
5,-0.8,1.5883767535070141,0.93041371202517,0.053413479494048774
5,-0.8,1.592745490981964,0.9310314873986139,0.05340646907135506
5,-0.8,1.597114228456914,0.9316477536674657,0.05339453507648967
5,-0.8,1.6014829659318637,0.9322624893393718,0.053377711392664694
5,-0.8,1.6058517034068136,0.9328756730100601,0.05335603202303427
5,-0.8,1.6102204408817635,0.9334872833674281,0.0533295310923481
5,-0.8,1.6145891783567135,0.9340972991956858,0.053298242848531505
5,-0.8,1.6189579158316634,0.9347056993795467,0.05326220166419141
5,-0.8,1.6233266533066133,0.935312462908468,0.05322144203803994
5,-0.8,1.6276953907815632,0.9359175688809336,0.05317599859624089
5,-0.8,1.6320641282565131,0.9365209965087916,0.05312590609366925
5,-0.8,1.636432865731463,0.9371227251216313,0.053071199415092966
5,-0.8,1.6408016032064128,0.9377227341712063,0.053011913576261456
5,-0.8,1.6451703406813627,0.9383210032359018,0.05294808372491099
5,-0.8,1.6495390781563126,0.9389175120252414,0.052879745141676954
5,-0.8,1.6539078156312625,0.9395122403844391,0.052806933240915115
5,-0.8,1.6582765531062125,0.9401051682989833,0.052729683571429285
5,-0.8,1.6626452905811624,0.9406962758992656,0.05264803181710344
5,-0.8,1.6670140280561123,0.9412855434652413,0.052562013797433554
5,-0.8,1.6713827655310622,0.9418729514311255,0.05247166546796516
5,-0.8,1.6757515030060122,0.9424584803901213,0.052377022920622865
5,-0.8,1.6801202404809619,0.9430421110991805,0.05227812238394179
5,-0.8,1.6844889779559118,0.9436238244837907,0.052175000223192575
5,-0.8,1.6888577154308617,0.944203601642792,0.052067692940398244
5,-0.8,1.6932264529058116,0.9447814238532172,0.05195623717424571
5,-0.8,1.6975951903807616,0.9453572725751525,0.05184066969988174
5,-0.8,1.7019639278557115,0.9459311294566247,0.05172102742860465
5,-0.8,1.7063326653306614,0.9465029763385016,0.051597347407436336
5,-0.8,1.7107014028056113,0.9470727952594077,0.051469666818579715
5,-0.8,1.7150701402805613,0.9476405684606589,0.05133802297876634
5,-0.8,1.719438877755511,0.9482062783912023,0.051202453338475944
5,-0.8,1.7238076152304609,0.948769907712568,0.051062995481044045
5,-0.8,1.7281763527054108,0.9493314393038224,0.05091968712164702
5,-0.8,1.7325450901803607,0.9498908562665305,0.05077256610616294
5,-0.8,1.7369138276553107,0.9504481419297128,0.05062167040991333
5,-0.8,1.7412825651302606,0.9510032798548008,0.05046703813627471
5,-0.8,1.7456513026052105,0.9515562538405873,0.050308707515170185
5,-0.8,1.7500200400801604,0.9521070479281687,0.050146716901430785
5,-0.8,1.7543887775551104,0.9526556464058707,0.04998110477303279
5,-0.8,1.75875751503006,0.9532020338141661,0.04981190972920173
5,-0.8,1.76312625250501,0.9537461949505651,0.049639170488392274
5,-0.8,1.76749498997996,0.9542881148744914,0.04946292588613597
5,-0.8,1.7718637274549098,0.9548277789121302,0.04928321487275967
5,-0.8,1.7762324649298598,0.9553651726612435,0.04910007651096932
5,-0.8,1.7806012024048097,0.9559002819959619,0.048913549973311404
5,-0.8,1.7849699398797596,0.9564330930715319,0.04872367453949055
5,-0.8,1.7893386773547095,0.956963592329028,0.048530489593569495
5,-0.8,1.7937074148296595,0.9574917665000219,0.04833403462102368
5,-0.8,1.7980761523046092,0.9580176026112047,0.04813434920567451
5,-0.8,1.802444889779559,0.9585410879889564,0.04793147302648587
5,-0.8,1.806813627254509,0.9590622102638638,0.04772544585423222
5,-0.8,1.811182364729459,0.9595809573751792,0.047516307548032544
5,-0.8,1.8155511022044089,0.9600973175752163,0.04730409805175811
5,-0.8,1.8199198396793588,0.9606112794336843,0.04708885739030926
5,-0.8,1.8242885771543087,0.9611228318419446,0.046870625665760654
5,-0.8,1.8286573146292586,0.9616319640172037,0.04664944305338226
5,-0.8,1.8330260521042085,0.9621386655066202,0.04642534979753528
5,-0.8,1.8373947895791582,0.9626429261913355,0.04619838620743378
5,-0.8,1.8417635270541082,0.9631447362904176,0.04596859265279457
5,-0.8,1.846132264529058,0.963644086364716,0.04573600955935177
5,-0.8,1.850501002004008,0.964140967320623,0.045500677404262245
5,-0.8,1.854869739478958,0.9646353704137399,0.04526263671137967
5,-0.8,1.8592384769539079,0.9651272872524395,0.04502192804642336
5,-0.8,1.8636072144288578,0.9656167098013269,0.044778592012020835
5,-0.8,1.8679759519038077,0.9661036303845908,0.04453266924264404
5,-0.8,1.8723446893787576,0.9665880416892434,0.04428420039943227
5,-0.8,1.8767134268537076,0.9670699367682429,0.04403322616490752
5,-0.8,1.8810821643286573,0.9675493090434979,0.04377978723758015
5,-0.8,1.8854509018036072,0.9680261523087504,0.04352392432646042
5,-0.8,1.8898196392785571,0.9685004607323267,0.043265678145458036
5,-0.8,1.894188376753507,0.968972228859766,0.04300508940769529
5,-0.8,1.898557114228457,0.9694414516163105,0.042742198819718615
5,-0.8,1.902925851703407,0.9699081243092588,0.04247704707562408
5,-0.8,1.9072945891783568,0.9703722426301822,0.042209674851093906
5,-0.8,1.9116633266533067,0.9708338026569963,0.04194012279734692
5,-0.8,1.9160320641282567,0.9712928008558873,0.04166843153501692
5,-0.8,1.9204008016032064,0.9717492340830873,0.04139464164794207
5,-0.8,1.9247695390781563,0.9722030995865012,0.041118793676895936
5,-0.8,1.9291382765531062,0.9726543950071771,0.04084092811324204
5,-0.8,1.9335070140280561,0.9731031183806198,0.04056108539252443
5,-0.8,1.937875751503006,0.9735492681379465,0.04027930588800241
5,-0.8,1.942244488977956,0.9739928431068772,0.039995629904128305
5,-0.8,1.946613226452906,0.9744338425125658,0.039710097669974354
5,-0.8,1.9509819639278558,0.9748722659782619,0.03942274933261318
5,-0.8,1.9553507014028058,0.9753081135258059,0.039133624950456185
5,-0.8,1.9597194388777555,0.9757413855759561,0.038842764486557636
5,-0.8,1.9640881763527054,0.9761720829485412,0.03855020780188635
5,-0.8,1.9684569138276553,0.9766002068624434,0.03825599464856606
5,-0.8,1.9728256513026052,0.9770257589354078,0.03796016466310245
5,-0.8,1.9771943887775552,0.9774487411836732,0.03766275735958467
5,-0.8,1.981563126252505,0.9778691560214334,0.03736381212288103
5,-0.8,1.985931863727455,0.9782870062601157,0.0370633682018255
5,-0.8,1.990300601202405,0.978702295107487,0.036761464702403615
5,-0.8,1.9946693386773549,0.9791150261665792,0.03645814058094406
5,-0.8,1.9990380761523046,0.9795252034344412,0.036153434637313984
5,-0.8,2.0034068136272545,0.9799328313007083,0.03584738550813881
5,-0.8,2.0077755511022044,0.9803379145459984,0.03554003166002991
5,-0.8,2.0121442885771543,0.9807404583401272,0.03523141138284793
5,-0.8,2.0165130260521043,0.9811404682401522,0.03492156278298946
5,-0.8,2.020881763527054,0.9815379501882351,0.03461052377671495
5,-0.8,2.025250501002004,0.9819329105093346,0.03429833208351488
5,-0.8,2.029619238476954,0.9823253559087212,0.033985025219520223
5,-0.8,2.033987975951904,0.9827152934693207,0.03367064049097165
5,-0.8,2.038356713426854,0.9831027306488909,0.03335521498773636
5,-0.8,2.042725450901804,0.9834876752770217,0.03303878557689833
5,-0.8,2.0470941883767537,0.9838701355519736,0.03272138889640335
5,-0.8,2.0514629258517036,0.9842501200373492,0.03240306134878511
5,-0.8,2.0558316633266536,0.9846276376586004,0.032083839094966045
5,-0.8,2.060200400801603,0.9850026976993748,0.0317637580481414
5,-0.8,2.064569138276553,0.9853753097977066,0.03144285386774613
5,-0.8,2.068937875751503,0.985745483942048,0.031121161953517787
5,-0.8,2.073306613226453,0.986113230467152,0.03079871743965481
5,-0.8,2.0776753507014027,0.9864785600498011,0.03047555518907484
5,-0.8,2.0820440881763527,0.9868414837043943,0.030151709787779295
5,-0.8,2.0864128256513026,0.9872020127783889,0.029827215539326744
5,-0.8,2.0907815631262525,0.9875601589476014,0.02950210645941969
5,-0.8,2.0951503006012024,0.9879159342113738,0.029176416270609386
5,-0.8,2.0995190380761524,0.9882693508876126,0.02885017839712677
5,-0.8,2.1038877755511023,0.9886204216076887,0.02852342595982989
5,-0.8,2.108256513026052,0.988969159311224,0.028196191771287477
5,-0.8,2.112625250501002,0.9893155772407534,0.02786850833099468
5,-0.8,2.116993987975952,0.9896596889362707,0.027540407820721126
5,-0.8,2.121362725450902,0.9900015082296653,0.027211922100001985
5,-0.8,2.125731462925852,0.9903410492390501,0.02688308270176792
5,-0.8,2.130100200400802,0.9906783263629895,0.026553920828123575
5,-0.8,2.1344689378757518,0.9910133542746279,0.026224467346269494
5,-0.8,2.1388376753507012,0.9913461479157255,0.025894752784576973
5,-0.8,2.143206412825651,0.99167672249061,0.025564807328815917
5,-0.8,2.147575150300601,0.99200509346004,0.025234660818534427
5,-0.8,2.151943887775551,0.9923312765349914,0.024904342743597027
5,-0.8,2.156312625250501,0.9926552876703744,0.02457388224088148
5,-0.8,2.160681362725451,0.992977143058679,0.024243308091134647
5,-0.8,2.165050100200401,0.9932968591235573,0.023912648715988083
5,-0.8,2.1694188376753507,0.9936144525133507,0.023581932175141637
5,-0.8,2.1737875751503006,0.9939299400945607,0.023251186163702853
5,-0.8,2.1781563126252506,0.9942433389452751,0.022920438009698757
5,-0.8,2.1825250501002005,0.9945546663485488,0.022589714671746627
5,-0.8,2.1868937875751504,0.9948639397857509,0.02225904273689459
5,-0.8,2.1912625250501003,0.995171176929874,0.021928448418626706
5,-0.8,2.1956312625250503,0.9954763956388222,0.021597957555033864
5,-0.8,2.2,0.9957796139486718,0.021267595607149824
6,-1.0,0.02,1.0041632568276961,-0.5878755029390396
6,-1.0,0.0243687374749499,1.0023701925415507,-0.5825434753094912
6,-1.0,0.0287374749498998,1.0005956447366724,-0.5772533251318753
6,-1.0,0.0331062124248497,0.9988394611186395,-0.5720047030115013
6,-1.0,0.0374749498997996,0.9971014908863376,-0.5667972627280037
6,-1.0,0.0418436873747495,0.9953815847167305,-0.5616306612077812
6,-1.0,0.046212424849699396,0.9936795947497494,-0.5565045584966697
6,-1.0,0.0505811623246493,0.9919953745732967,-0.5514186177328387
6,-1.0,0.0549498997995992,0.9903287792083679,-0.5463725051199199
6,-1.0,0.0593186372745491,0.988679665094288,-0.5413658899003524
6,-1.0,0.063687374749499,0.9870478900740641,-0.5363984443289542
6,-1.0,0.0680561122244489,0.9854333133798522,-0.5314698436467128
6,-1.0,0.0724248496993988,0.9838357956185367,-0.5265797660547877
6,-1.0,0.0767935871743487,0.9822551987574256,-0.5217278926887378
6,-1.0,0.0811623246492986,0.9806913861100595,-0.5169139075929466
6,-1.0,0.0855310621242485,0.9791442223221289,-0.5121374976952754
6,-1.0,0.0898997995991984,0.9776135733575093,-0.5073983527819114
6,-1.0,0.0942685370741483,0.9760993064844041,-0.5026961654724289
6,-1.0,0.0986372745490982,0.9746012902616009,-0.49803063119505336
6,-1.0,0.1030060120240481,0.9731193945248373,-0.4934014481621286
6,-1.0,0.107374749498998,0.9716534903732786,-0.4888083173457845
6,-1.0,0.1117434869739479,0.9702034501561043,-0.48425094245380185
6,-1.0,0.11611222444889781,0.9687691474592052,-0.47972902990567823
6,-1.0,0.1204809619238477,0.9673504570919872,-0.47524228880888153
6,-1.0,0.1248496993987976,0.9659472550742876,-0.4707904309353058
6,-1.0,0.12921843687374748,0.9645594186233961,-0.46637317069791046
6,-1.0,0.13358717434869738,0.9631868261411861,-0.46199022512755256
6,-1.0,0.1379559118236473,0.9618293572013508,-0.45764131385000667
6,-1.0,0.1423246492985972,0.9604868925367495,-0.4533261590631704
6,-1.0,0.1466933867735471,0.9591593140268581,-0.44904448551445286
6,-1.0,0.151062124248497,0.9578465046853253,-0.44479602047834815
6,-1.0,0.1554308617234469,0.9565483486476372,-0.4405804937341876
6,-1.0,0.15979959919839679,0.9552647311588839,-0.43639763754407135
6,-1.0,0.16416833667334668,0.9539955385616339,-0.43224718663097966
6,-1.0,0.16853707414829658,0.9527406582839097,-0.4281288781570574
6,-1.0,0.17290581162324647,0.9514999788272714,-0.4240424517020751
6,-1.0,0.17727454909819637,0.9502733897549999,-0.41998764924205984
6,-1.0,0.1816432865731463,0.9490607816803858,-0.4159642151281034
6,-1.0,0.1860120240480962,0.9478620462551207,-0.4119718960653325
6,-1.0,0.1903807615230461,0.9466770761577886,-0.40801044109205425
6,-1.0,0.19474949899799598,0.9455057650824635,-0.404079601559063
6,-1.0,0.19911823647294588,0.9443480077274039,-0.400179131109117
6,-1.0,0.20348697394789578,0.9432036997838503,-0.3963087856565777
6,-1.0,0.20785571142284567,0.9420727379249256,-0.3924683233672084
6,-1.0,0.2122244488977956,0.9409550197946297,-0.38865750463813903
6,-1.0,0.2165931863727455,0.9398504439969412,-0.3848760920779891
6,-1.0,0.2209619238476954,0.9387589100850126,-0.38112385048714714
6,-1.0,0.2253306613226453,0.9376803185504659,-0.37740054683820884
6,-1.0,0.22969939879759518,0.9366145708127893,-0.37370595025657327
6,-1.0,0.23406813627254508,0.9355615692088274,-0.3700398320011902
6,-1.0,0.23843687374749498,0.9345212169823726,-0.36640196544546166
6,-1.0,0.24280561122244487,0.9334934182738515,-0.3627921260582976
6,-1.0,0.24717434869739477,0.9324780781101095,-0.3592100913853193
6,-1.0,0.2515430861723447,0.9314751023942884,-0.3556556410302163
6,-1.0,0.2559118236472946,0.9304843978958055,-0.35212855663624737
6,-1.0,0.2602805611222445,0.9295058722404194,-0.34862862186789384
6,-1.0,0.2646492985971944,0.9285394339004005,-0.34515562239265296
6,-1.0,0.2690180360721443,0.9275849921847868,-0.34170934586298213
6,-1.0,0.27338677354709423,0.9266424572297403,-0.33828958189838354
6,-1.0,0.2777555110220441,0.9257117399889907,-0.33489612206763236
6,-1.0,0.282124248496994,0.924792752224379,-0.33152875987114705
6,-1.0,0.2864929859719439,0.9238854064964858,-0.3281872907235001
6,-1.0,0.2908617234468938,0.9229896161553577,-0.32487151193606656
6,-1.0,0.2952304609218437,0.9221052953313207,-0.3215812226998147
6,-1.0,0.2995991983967936,0.9212323589258886,-0.3183162240682303
6,-1.0,0.30396793587174353,0.9203707226027567,-0.3150763189403789
6,-1.0,0.3083366733466934,0.9195203027788905,-0.3118613120441043
6,-1.0,0.3127054108216433,0.9186810166157002,-0.3086710099193593
6,-1.0,0.3170741482965932,0.9178527820103056,-0.305505220901672
6,-1.0,0.3214428857715431,0.9170355175868884,-0.30236375510574226
6,-1.0,0.325811623246493,0.9162291426881346,-0.29924642440917193
6,-1.0,0.3301803607214429,0.915433577366759,-0.29615304243632323
6,-1.0,0.3345490981963928,0.9146487423771225,-0.29308342454230907
6,-1.0,0.3389178356713427,0.9138745591669344,-0.2900373877971073
6,-1.0,0.34328657314629263,0.9131109498690337,-0.28701475096981033
6,-1.0,0.3476553106212425,0.9123578372932661,-0.28401533451299454
6,-1.0,0.3520240480961924,0.9116151449184372,-0.28103896054721605
6,-1.0,0.3563927855711423,0.910882796884354,-0.27808545284563857
6,-1.0,0.3607615230460922,0.910160717983947,-0.2751546368187735
6,-1.0,0.3651302605210421,0.9094488336554801,-0.2722463394993554
6,-1.0,0.369498997995992,0.9087470699748359,-0.2693603895273299
6,-1.0,0.37386773547094193,0.9080553536478898,-0.2664966171349703
6,-1.0,0.3782364729458918,0.9073736120029594,-0.2636548541321084
6,-1.0,0.3826052104208417,0.9067017729833403,-0.260834933891491
6,-1.0,0.3869739478957916,0.906039765139915,-0.2580366913342508
6,-1.0,0.3913426853707415,0.90538751762385,-0.255259962915498
6,-1.0,0.3957114228456914,0.904744960179364,-0.2525045866100275
6,-1.0,0.4000801603206413,0.9041120231365791,-0.24977040189814345
6,-1.0,0.40444889779559123,0.9034886374044482,-0.24705724975159932
6,-1.0,0.4088176352705411,0.9028747344637591,-0.24436497261965245
6,-1.0,0.413186372745491,0.902270246360218,-0.2416934144152328
6,-1.0,0.4175551102204409,0.9016751056976059,-0.2390424205012245
6,-1.0,0.4219238476953908,0.9010892456310107,-0.23641183767686186
6,-1.0,0.4262925851703407,0.9005125998601373,-0.2338015141642322
6,-1.0,0.4306613226452906,0.8999451026226886,-0.23121129959489542
6,-1.0,0.4350300601202405,0.8993866886878216,-0.22864104499661095
6,-1.0,0.4393987975951904,0.8988372933496773,-0.22609060278017212
6,-1.0,0.44376753507014033,0.898296852420982,-0.2235598267263531
6,-1.0,0.4481362725450902,0.897765302226719,-0.22104857197296032
6,-1.0,0.4525050100200401,0.8972425795978773,-0.21855669500199296
6,-1.0,0.45687374749499,0.8967286218652635,-0.21608405362690938
6,-1.0,0.4612424849699399,0.8962233668533897,-0.21363050697999827
6,-1.0,0.4656112224448898,0.8957267528744282,-0.2111959154998555
6,-1.0,0.4699799599198397,0.8952387187222358,-0.20878014091896518
6,-1.0,0.4743486973947896,0.8947592036664455,-0.20638304625138346
6,-1.0,0.4787174348697395,0.8942881474466283,-0.204004495780526
6,-1.0,0.4830861723446894,0.89382549026652,-0.20164435504705583
6,-1.0,0.4874549098196393,0.8933711727883139,-0.19930249083687415
6,-1.0,0.4918236472945892,0.8929251361270218,-0.19697877116921125
6,-1.0,0.4961923847695391,0.8924873218449003,-0.19467306528481626
6,-1.0,0.500561122244489,0.8920576719459375,-0.19238524363424658
6,-1.0,0.5049298597194388,0.8916361288704108,-0.19011517786625642
6,-1.0,0.5092985971943887,0.8912226354895013,-0.18786274081628207
6,-1.0,0.5136673346693387,0.8908171350999771,-0.18562780649502433
6,-1.0,0.5180360721442886,0.890419571418933,-0.18341025007712863
6,-1.0,0.5224048096192385,0.8900298885785992,-0.18120994788995745
6,-1.0,0.5267735470941884,0.8896480311212022,-0.17902677740246273
6,-1.0,0.5311422845691383,0.8892739439938956,-0.1768606172141462
6,-1.0,0.5355110220440882,0.8889075725437442,-0.17471134704411975
6,-1.0,0.5398797595190381,0.8885488625127685,-0.17257884772025417
6,-1.0,0.544248496993988,0.8881977600330535,-0.17046300116842145
6,-1.0,0.548617234468938,0.8878542116219066,-0.16836369040182828
6,-1.0,0.5529859719438878,0.8875181641770806,-0.16628079951044225
6,-1.0,0.5573547094188377,0.8871895649720507,-0.16421421365050562
6,-1.0,0.5617234468937876,0.8868683616513482,-0.16216381903413926
6,-1.0,0.5660921843687375,0.88655450222595,-0.16012950291903752
6,-1.0,0.5704609218436874,0.8862479350687246,-0.1581111535982478
6,-1.0,0.5748296593186373,0.8859486089099314,-0.15610866039003987
6,-1.0,0.5791983967935872,0.8856564728327744,-0.15412191362786207
6,-1.0,0.5835671342685371,0.8853714762690102,-0.15215080465038333
6,-1.0,0.587935871743487,0.8850935689946102,-0.15019522579161898
6,-1.0,0.5923046092184369,0.8848227011254713,-0.14825507037114516
6,-1.0,0.5966733466933868,0.8845588231131823,-0.1463302326843928
6,-1.0,0.6010420841683367,0.8843018857408421,-0.14442060799303003
6,-1.0,0.6054108216432866,0.8840518401189235,-0.1425260925154227
6,-1.0,0.6097795591182364,0.8838086376811949,-0.14064658341718125
6,-1.0,0.6141482965931864,0.8835722301806855,-0.13878197880178697
6,-1.0,0.6185170340681363,0.8833425696857033,-0.1369321777012978
6,-1.0,0.6228857715430862,0.8831196085758988,-0.13509708006713994
6,-1.0,0.6272545090180361,0.8829032995383801,-0.1332765867609717
6,-1.0,0.631623246492986,0.8826935955638745,-0.1314705995456323
6,-1.0,0.6359919839679359,0.8824904499429355,-0.12967902107616672
6,-1.0,0.6403607214428858,0.8822938162621982,-0.12790175489092778
6,-1.0,0.6447294589178357,0.8821036484006817,-0.12613870540275698
6,-1.0,0.6490981963927855,0.8819199005261327,-0.12438977789024067
6,-1.0,0.6534669338677355,0.8817425270914198,-0.12265487848903969
6,-1.0,0.6578356713426854,0.8815714828309698,-0.12093391418330265
6,-1.0,0.6622044088176353,0.8814067227572444,-0.11922679279714299
6,-1.0,0.6665731462925852,0.8812482021572696,-0.11753342298619658
6,-1.0,0.670941883767535,0.8810958765891971,-0.11585371422925264
6,-1.0,0.675310621242485,0.8809497018789172,-0.11418757681995328
6,-1.0,0.6796793587174349,0.8808096341167104,-0.11253492185857093
6,-1.0,0.6840480961923848,0.8806756296539371,-0.11089566124385176
6,-1.0,0.6884168336673347,0.8805476450997763,-0.109269707664934
6,-1.0,0.6927855711422846,0.8804256373179992,-0.10765697459333415
6,-1.0,0.6971543086172345,0.8803095634237825,-0.1060573762750046
6,-1.0,0.7015230460921844,0.8801993807805667,-0.10447082772245857
6,-1.0,0.7058917835671343,0.8800950469969483,-0.1028972447069646
6,-1.0,0.7102605210420841,0.8799965199236133,-0.10133654375081078
6,-1.0,0.7146292585170341,0.8799037576503105,-0.09978864211963062
6,-1.0,0.718997995991984,0.8798167185028586,-0.09825345781480206
6,-1.0,0.7233667334669339,0.8797353610401967,-0.09673090956590902
6,-1.0,0.7277354709418838,0.8796596440514666,-0.09522091682326865
6,-1.0,0.7321042084168337,0.8795895265531332,-0.09372339975052489
6,-1.0,0.7364729458917836,0.879524967786144,-0.09223827921730436
6,-1.0,0.7408416833667335,0.8794659272131221,-0.09076547679193726
6,-1.0,0.7452104208416834,0.8794123645155951,-0.08930491473424274
6,-1.0,0.7495791583166332,0.8793642395912564,-0.08785651598837438
6,-1.0,0.7539478957915832,0.8793215125512681,-0.08642020417572596
6,-1.0,0.7583166332665331,0.8792841437175904,-0.08499590358790664
6,-1.0,0.762685370741483,0.879252093620351,-0.08358353917976657
6,-1.0,0.7670541082164329,0.879225322995243,-0.08218303656249139
6,-1.0,0.7714228456913828,0.8792037927809611,-0.08079432199675111
6,-1.0,0.7757915831663327,0.8791874641166654,-0.07941732238590994
6,-1.0,0.7801603206412826,0.8791762983394816,-0.07805196526929495
6,-1.0,0.7845290581162325,0.8791702569820314,-0.07669817881552343
6,-1.0,0.7888977955911824,0.8791693017699946,-0.07535589181588494
6,-1.0,0.7932665330661323,0.8791733946197047,-0.07402503367778307
6,-1.0,0.7976352705410822,0.8791824976357706,-0.07270553441823316
6,-1.0,0.8020040080160321,0.8791965731087356,-0.0713973246574141
6,-1.0,0.806372745490982,0.8792155835127599,-0.07010033561227713
6,-1.0,0.8107414829659318,0.8792394915033407,-0.06881449909020912
6,-1.0,0.8151102204408818,0.8792682599150524,-0.06753974748274903
6,-1.0,0.8194789579158317,0.8793018517593271,-0.06627601375935918
6,-1.0,0.8238476953907816,0.8793402302222543,-0.06502323146124925
6,-1.0,0.8282164328657315,0.8793833586624165,-0.06378133469525184
6,-1.0,0.8325851703406814,0.8794312006087486,-0.06255025812775358
6,-1.0,0.8369539078156313,0.8794837197584287,-0.06132993697867197
6,-1.0,0.8413226452905812,0.879540879974794,-0.06012030701548879
6,-1.0,0.8456913827655311,0.8796026452852879,-0.05892130454733096
6,-1.0,0.8500601202404809,0.8796689798794286,-0.05773286641910334
6,-1.0,0.8544288577154309,0.8797398481068119,-0.05655493000566827
6,-1.0,0.8587975951903808,0.8798152144751354,-0.05538743320607643
6,-1.0,0.8631663326653307,0.8798950436482509,-0.054230314437845775
6,-1.0,0.8675350701402806,0.8799793004442428,-0.053083512631288333
6,-1.0,0.8719038076152305,0.8800679498335339,-0.05194696722388361
6,-1.0,0.8762725450901804,0.8801609569370156,-0.05082061815470003
6,-1.0,0.8806412825651303,0.8802582870242026,-0.04970440585886241
6,-1.0,0.8850100200400802,0.8803599055114152,-0.048598271262066124
6,-1.0,0.88937875751503,0.8804657779599843,-0.047502155775135994
6,-1.0,0.89374749498998,0.8805758700744842,-0.04641600128862968
6,-1.0,0.8981162324649299,0.8806901477009866,-0.04533975016748789
6,-1.0,0.9024849699398798,0.8808085768253407,-0.04427334524572623
6,-1.0,0.9068537074148297,0.880931123571477,-0.04321672982117259
6,-1.0,0.9112224448897795,0.8810577541997364,-0.04216984765024555
6,-1.0,0.9155911823647295,0.8811884351052197,-0.04113264294277891
6,-1.0,0.9199599198396794,0.8813231328161654,-0.04010506035688443
6,-1.0,0.9243286573146293,0.881461813992346,-0.039087044993859295
6,-1.0,0.9286973947895791,0.881604445423491,-0.03807854239313413
6,-1.0,0.9330661322645291,0.8817509940277302,-0.037079498527261966
6,-1.0,0.937434869739479,0.8819014268500632,-0.03608985979694629
6,-1.0,0.9418036072144289,0.8820557110608466,-0.03510957302611209
6,-1.0,0.9461723446893788,0.88221381395431,-0.03413858545701356
6,-1.0,0.9505410821643286,0.882375702947086,-0.03317684474538322
6,-1.0,0.9549098196392786,0.8825413455767726,-0.03222429895561769
6,-1.0,0.9592785571142285,0.8827107095005079,-0.03128089655600449
6,-1.0,0.9636472945891784,0.8828837624935721,-0.030346586413983436
6,-1.0,0.9680160320641283,0.88306047244801,-0.029421317791448888
6,-1.0,0.9723847695390782,0.8832408073712752,-0.028505040340086593
6,-1.0,0.9767535070140281,0.8834247353848942,-0.027597704096748353
6,-1.0,0.981122244488978,0.8836122247231544,-0.026699259478863244
6,-1.0,0.9854909819639279,0.8838032437318112,-0.02580965727988329
6,-1.0,0.9898597194388777,0.8839977608668163,-0.024928848664767713
6,-1.0,0.9942284569138277,0.8841957446930679,-0.024056785165498185
6,-1.0,0.9985971943887776,0.8843971638831811,-0.023193418676631713
6,-1.0,1.0029659318637274,0.8846019872162801,-0.022338701450887444
6,-1.0,1.0073346693386773,0.8848101835768072,-0.02149258609476638
6,-1.0,1.0117034068136272,0.8850217219533582,-0.02065502556420706
6,-1.0,1.0160721442885772,0.8852365714375325,-0.019825973160271723
6,-1.0,1.020440881763527,0.8854547012228093,-0.019005382524865416
6,-1.0,1.024809619238477,0.8856760806034368,-0.018193207636492296
6,-1.0,1.029178356713427,0.8859006789733487,-0.01738940280603787
6,-1.0,1.0335470941883769,0.8861284658250965,-0.016593922672586796
6,-1.0,1.0379158316633268,0.8863594107488038,-0.015806722199271536
6,-1.0,1.0422845691382765,0.8865934834311371,-0.015027756669152244
6,-1.0,1.0466533066132264,0.8868306536543032,-0.01425698168112674
6,-1.0,1.0510220440881763,0.8870708912950596,-0.013494353145872294
6,-1.0,1.0553907815631263,0.887314166323746,-0.012739827281816848
6,-1.0,1.0597595190380762,0.887560448803342,-0.011993360611139155
6,-1.0,1.0641282565130261,0.8878097088885335,-0.011254909955801147
6,-1.0,1.068496993987976,0.8880619168248092,-0.010524432433607667
6,-1.0,1.072865731462926,0.8883170429475683,-0.009801885454295384
6,-1.0,1.0772344689378759,0.8885750576812547,-0.009087226715650513
6,-1.0,1.0816032064128256,0.8888359315385053,-0.008380414199655226
6,-1.0,1.0859719438877755,0.8890996351193217,-0.007681406168662691
6,-1.0,1.0903406813627254,0.8893661391102581,-0.0069901611615983275
6,-1.0,1.0947094188376754,0.8896354142836316,-0.0063066379901901394
6,-1.0,1.0990781563126253,0.889907431496749,-0.005630795735226183
6,-1.0,1.1034468937875752,0.8901821616911562,-0.0049625937428385124
6,-1.0,1.1078156312625251,0.8904595758919047,-0.0043019916208143355
6,-1.0,1.112184368737475,0.8907396452068388,-0.003648949234933089
6,-1.0,1.116553106212425,0.8910223408258995,-0.0030034267053316737
6,-1.0,1.1209218436873747,0.8913076340204528,-0.0023653844028925374
6,-1.0,1.1252905811623246,0.8915954961426321,-0.001734782945661805
6,-1.0,1.1296593186372745,0.8918858986247041,-0.0011115831952884566
6,-1.0,1.1340280561122245,0.8921788129784514,-0.0004957462534930005
6,-1.0,1.1383967935871744,0.8924742107945767,0.00011276654144200551
6,-1.0,1.1427655310621243,0.892772063742123,0.0007139936181533604
6,-1.0,1.1471342685370742,0.8930723435679183,0.001307973175657145
6,-1.0,1.1515030060120242,0.8933750220960363,0.001894743186780811
6,-1.0,1.155871743486974,0.8936800712272752,0.002474341401573525
6,-1.0,1.1602404809619238,0.8939874629386622,0.0030468053506910397
6,-1.0,1.1646092184368737,0.89429716928297,0.003612172348755762
6,-1.0,1.1689779559118236,0.8946091623882594,0.004170479497695805
6,-1.0,1.1733466933867736,0.8949234144574372,0.00472176369005664
6,-1.0,1.1777154308617235,0.8952398977678334,0.005266061612292423
6,-1.0,1.1820841683366734,0.8955585846708052,0.005803409748031272
6,-1.0,1.1864529058116233,0.8958794475913501,0.006333844381319938
6,-1.0,1.1908216432865733,0.8962024590277475,0.006857401599843344
6,-1.0,1.1951903807615232,0.896527591551216,0.007374117298121988
6,-1.0,1.1995591182364729,0.8968548178055918,0.007884027180687094
6,-1.0,1.2039278557114228,0.8971841105070257,0.008387166765230453
6,-1.0,1.2082965931863727,0.8975154424437032,0.008883571385735842
6,-1.0,1.2126653306613226,0.8978487864755811,0.009373276195584031
6,-1.0,1.2170340681362726,0.8981841155341448,0.009856316170638132
6,-1.0,1.2214028056112225,0.8985214026221909,0.010332726112304468
6,-1.0,1.2257715430861724,0.8988606208136205,0.010802540650573386
6,-1.0,1.2301402805611223,0.8992017432532626,0.01126579424703514
6,-1.0,1.2345090180360723,0.8995447431567104,0.011722521197877228
6,-1.0,1.238877755511022,0.8998895938101822,0.012172755636856273
6,-1.0,1.243246492985972,0.9002362685704018,0.012616531538250418
6,-1.0,1.2476152304609218,0.9005847408644994,0.013053882719787968
6,-1.0,1.2519839679358717,0.9009349841899312,0.013484842845555841
6,-1.0,1.2563527054108217,0.9012869721144233,0.013909445428884792
6,-1.0,1.2607214428857716,0.9016406782759332,0.01432772383521351
6,-1.0,1.2650901803607215,0.901996076382634,0.014739711284930576
6,-1.0,1.2694589178356714,0.9023531402129177,0.015145440856195595
6,-1.0,1.2738276553106214,0.9027118436154211,0.01554494548773545
6,-1.0,1.278196392785571,0.9030721605090721,0.01593825798162455
6,-1.0,1.282565130260521,0.9034340648831558,0.016325411006036187
6,-1.0,1.286933867735471,0.9037975307974044,0.01670643709797872
6,-1.0,1.2913026052104208,0.9041625323821045,0.017081368666003054
6,-1.0,1.2956713426853708,0.9045290438382292,0.017450237992896248
6,-1.0,1.3000400801603207,0.9048970394375905,0.017813077238344955
6,-1.0,1.3044088176352706,0.9052664935230108,0.018169918441584332
6,-1.0,1.3087775551102205,0.9056373805085178,0.01852079352401782
6,-1.0,1.3131462925851705,0.906009674879562,0.01886573429182045
6,-1.0,1.3175150300601204,0.9063833511932526,0.019204772438517943
6,-1.0,1.32188376753507,0.9067583840786165,0.01953793954754176
6,-1.0,1.32625250501002,0.9071347482368811,0.019865267094765337
6,-1.0,1.33062124248497,0.9075124184417727,0.020186786451014453
6,-1.0,1.3349899799599199,0.9078913695398446,0.02050252888455706
6,-1.0,1.3393587174348698,0.9082715764508191,0.02081252556356945
6,-1.0,1.3437274549098197,0.9086530141679567,0.02111680755858124
6,-1.0,1.3480961923847696,0.9090356577584445,0.02141540584489418
6,-1.0,1.3524649298597196,0.9094194823638084,0.021708351304981565
6,-1.0,1.3568336673346695,0.9098044632003445,0.02199567473086163
6,-1.0,1.3612024048096192,0.910190575559573,0.02227740682644981
6,-1.0,1.365571142284569,0.9105777948087169,0.022553578209885135
6,-1.0,1.369939879759519,0.9109660963911986,0.022824219415833596
6,-1.0,1.374308617234469,0.9113554558271602,0.023089360897770073
6,-1.0,1.3786773547094189,0.9117458487140073,0.02334903303023302
6,-1.0,1.3830460921843688,0.9121372507269703,0.023603266111055496
6,-1.0,1.3874148296593187,0.9125296376196926,0.023852090363573712
6,-1.0,1.3917835671342687,0.9129229852248372,0.024095535938807446
6,-1.0,1.3961523046092186,0.9133172694547175,0.024333632917619825
6,-1.0,1.4005210420841683,0.9137124663019459,0.024566411312849524
6,-1.0,1.4048897795591182,0.914108551840112,0.024793901071415964
6,-1.0,1.4092585170340681,0.914505502224473,0.025016132076401684
6,-1.0,1.413627254509018,0.9149032936926721,0.025233134149110485
6,-1.0,1.417995991983968,0.9153019025654783,0.02544493705109311
6,-1.0,1.422364729458918,0.9157013052475454,0.02565157048615394
6,-1.0,1.4267334669338678,0.9161014782281923,0.02585306410232526
6,-1.0,1.4311022044088177,0.916502398082209,0.026049447493819277
6,-1.0,1.4354709418837677,0.9169040414706794,0.02624075020294902
6,-1.0,1.4398396793587174,0.9173063851418269,0.026427001722025743
6,-1.0,1.4442084168336673,0.9177094059318825,0.026608231495224722
6,-1.0,1.4485771543086172,0.9181130807659732,0.026784468920425145
6,-1.0,1.4529458917835671,0.9185173866590296,0.02695574335102324
6,-1.0,1.457314629258517,0.9189223007167177,0.027122084097712846
6,-1.0,1.461683366733467,0.91932780013639,0.027283520430239707
6,-1.0,1.466052104208417,0.9197338622080552,0.02744008157912825
6,-1.0,1.4704208416833668,0.9201404643153721,0.02759179673737327
6,-1.0,1.4747895791583168,0.9205475839366601,0.027738695062107438
6,-1.0,1.4791583166332665,0.9209551986459336,0.027880805676235864
6,-1.0,1.4835270541082164,0.9213632861139536,0.028018157670040466
6,-1.0,1.4878957915831663,0.9217718241092974,0.028150780102752657
6,-1.0,1.4922645290581162,0.922180790499455,0.028278702004096292
6,-1.0,1.4966332665330662,0.9225901632519362,0.02840195237579948
6,-1.0,1.501002004008016,0.9229999204354017,0.02852056019307151
6,-1.0,1.505370741482966,0.9234100402208135,0.028634554406050606
6,-1.0,1.509739478957916,0.9238205008826004,0.028743963941217445
6,-1.0,1.5141082164328659,0.9242312807998462,0.028848817702775954
6,-1.0,1.5184769539078156,0.9246423584574905,0.028949144574001606
6,-1.0,1.5228456913827655,0.9250537124475544,0.029044973418554117
6,-1.0,1.5272144288577154,0.9254653214703762,0.029136333081758566
6,-1.0,1.5315831663326653,0.9258771643358715,0.029223252391849353
6,-1.0,1.5359519038076153,0.9262892199648033,0.029305760161181745
6,-1.0,1.5403206412825652,0.9267014673900721,0.029383885187406387
6,-1.0,1.544689378757515,0.9271138857580254,0.029457656254610325
6,-1.0,1.549058116232465,0.9275264543297747,0.02952710213441913
6,-1.0,1.553426853707415,0.927939152482536,0.02959225158706742
6,-1.0,1.5577955911823649,0.928351959710981,0.02965313336242585
6,-1.0,1.5621643286573146,0.9287648556286027,0.029709776200999096
6,-1.0,1.5665330661322645,0.9291778199690984,0.029762208834879362
6,-1.0,1.5709018036072144,0.9295908325877629,0.029810459988668873
6,-1.0,1.5752705410821644,0.9300038734628967,0.029854558380356267
6,-1.0,1.5796392785571143,0.930416922697228,0.02989453272216215
6,-1.0,1.5840080160320642,0.9308299605193424,0.029930411721342986
6,-1.0,1.5883767535070141,0.9312429672851325,0.02996222408095447
6,-1.0,1.592745490981964,0.9316559234792509,0.02998999850057628
6,-1.0,1.597114228456914,0.9320688097165769,0.030013763676999504
6,-1.0,1.6014829659318637,0.9324816067436974,0.030033548304869595
6,-1.0,1.6058517034068136,0.9328942954403896,0.030049381077292818
6,-1.0,1.6102204408817635,0.9333068568211197,0.030061290686400715
6,-1.0,1.6145891783567135,0.9337192720365456,0.030069305823870386
6,-1.0,1.6189579158316634,0.9341315223750327,0.03007345518141078
6,-1.0,1.6233266533066133,0.9345435892641698,0.030073767451197848
6,-1.0,1.6276953907815632,0.9349554542722984,0.030070271326276887
6,-1.0,1.6320641282565131,0.935367099110045,0.030062995500916876
6,-1.0,1.636432865731463,0.9357785056318575,0.030051968670923267
6,-1.0,1.6408016032064128,0.9361896558375497,0.03003721953390916
6,-1.0,1.6451703406813627,0.9366005318738473,0.03001877678952583
6,-1.0,1.6495390781563126,0.937011116035938,0.02999666913964303
6,-1.0,1.6539078156312625,0.937421390769024,0.02997092528849457
6,-1.0,1.6582765531062125,0.9378313386698767,0.02994157394277321
6,-1.0,1.6626452905811624,0.9382409424883924,0.029908643811686668
6,-1.0,1.6670140280561123,0.9386501851291487,0.029872163606965565
6,-1.0,1.6713827655310622,0.9390590496529588,0.02983216204283236
6,-1.0,1.6757515030060122,0.939467519278428,0.029788667835919724
6,-1.0,1.6801202404809619,0.9398755773835039,0.02974170970515059
6,-1.0,1.6844889779559118,0.9402832075070278,0.029691316371568993
6,-1.0,1.6888577154308617,0.9406903933502805,0.029637516558129066
6,-1.0,1.6932264529058116,0.9410971187785235,0.029580338989438782
6,-1.0,1.6975951903807616,0.9415033678225362,0.029519812391458514
6,-1.0,1.7019639278557115,0.9419091246801437,0.02945596549115452
6,-1.0,1.7063326653306614,0.9423143737177437,0.02938882701610801
6,-1.0,1.7107014028056113,0.9427190994718206,0.02931842569407987
6,-1.0,1.7150701402805613,0.9431232866504502,0.029244790252529993
6,-1.0,1.719438877755511,0.9435269201347994,0.029167949418091223
6,-1.0,1.7238076152304609,0.9439299849806119,0.029087931916000564
6,-1.0,1.7281763527054108,0.9443324664196822,0.02900476646948296
6,-1.0,1.7325450901803607,0.9447343498613204,0.028918481799092437
6,-1.0,1.7369138276553107,0.9451356208937998,0.028829106622008265
6,-1.0,1.7412825651302606,0.9455362652857935,0.028736669651287187
6,-1.0,1.7456513026052105,0.9459362689877943,0.028641199595070214
6,-1.0,1.7500200400801604,0.9463356181335175,0.028542725155747073
6,-1.0,1.7543887775551104,0.9467342990412907,0.02844127502907625
6,-1.0,1.75875751503006,0.947132298215421,0.0283368779032596
6,-1.0,1.76312625250501,0.9475296023475456,0.02822956245797832
6,-1.0,1.76749498997996,0.947926198317963,0.028119357363381305
6,-1.0,1.7718637274549098,0.9483220731969412,0.028006291279032036
6,-1.0,1.7762324649298598,0.9487172142460083,0.027890392852814878
6,-1.0,1.7806012024048097,0.9491116089192154,0.027771690719798715
6,-1.0,1.7849699398797596,0.9495052448643791,0.027650213501056203
6,-1.0,1.7893386773547095,0.9498981099242991,0.02752598980244598
6,-1.0,1.7937074148296595,0.950290192137949,0.027399048213351786
6,-1.0,1.7980761523046092,0.9506814797416415,0.027269417305380392
6,-1.0,1.802444889779559,0.9510719611701678,0.02713712563102335
6,-1.0,1.806813627254509,0.9514616250579043,0.02700220172227466
6,-1.0,1.811182364729459,0.951850460239895,0.02686467408921411
6,-1.0,1.8155511022044089,0.9522384557528993,0.0267245712185484
6,-1.0,1.8199198396793588,0.9526256008364147,0.026581921572118913
6,-1.0,1.8242885771543087,0.9530118849336594,0.0264367535853688
6,-1.0,1.8286573146292586,0.9533972976925291,0.02628909566577432
6,-1.0,1.8330260521042085,0.9537818289665178,0.026138976191244338
6,-1.0,1.8373947895791582,0.9541654688155999,0.025986423508480093
6,-1.0,1.8417635270541082,0.9545482075070865,0.025831465931300753
6,-1.0,1.846132264529058,0.9549300355164327,0.025674131738942584
6,-1.0,1.850501002004008,0.9553109435280197,0.025514449174313485
6,-1.0,1.854869739478958,0.9556909224358913,0.02535244644222866
6,-1.0,1.8592384769539079,0.956069963344454,0.025188151707603895
6,-1.0,1.8636072144288578,0.9564480575691384,0.02502159309362689
6,-1.0,1.8679759519038077,0.9568251966370181,0.024852798679893734
6,-1.0,1.8723446893787576,0.9572013722873909,0.024681796500521106
6,-1.0,1.8767134268537076,0.9575765764723151,0.0245086145422284
6,-1.0,1.8810821643286573,0.9579508013571048,0.024333280742392195
6,-1.0,1.8854509018036072,0.9583240393207799,0.024155822987080647
6,-1.0,1.8898196392785571,0.9586962829564786,0.02397626910905456
6,-1.0,1.894188376753507,0.9590675250718157,0.023794646885754726
6,-1.0,1.898557114228457,0.959437758689205,0.023610984037259083
6,-1.0,1.902925851703407,0.9598069770461294,0.0234253082242216
6,-1.0,1.9072945891783568,0.9601751735953694,0.02323764704579154
6,-1.0,1.9116633266533067,0.9605423420051828,0.02304802803750918
6,-1.0,1.9160320641282567,0.9609084761594349,0.022856478669190328
6,-1.0,1.9204008016032064,0.961273570157686,0.02266302634278708
6,-1.0,1.9247695390781563,0.9616376183152266,0.02246769839023661
6,-1.0,1.9291382765531062,0.9620006151630656,0.022270522071293018
6,-1.0,1.9335070140280561,0.9623625554478689,0.022071524571348432
6,-1.0,1.937875751503006,0.9627234341318492,0.02187073299923638
6,-1.0,1.942244488977956,0.9630832463926056,0.02166817438503315
6,-1.0,1.946613226452906,0.9634419876229122,0.021463875677837193
6,-1.0,1.9509819639278558,0.9637996534304588,0.021257863743550636
6,-1.0,1.9553507014028058,0.9641562396375394,0.021050165362647984
6,-1.0,1.9597194388777555,0.964511742280689,0.02084080722793844
6,-1.0,1.9640881763527054,0.964866157610272,0.02062981594232475
6,-1.0,1.9684569138276553,0.9652194820900165,0.020417218016558797
6,-1.0,1.9728256513026052,0.965571712396501,0.02020303986699256
6,-1.0,1.9771943887775552,0.9659228454185856,0.019987307813331096
6,-1.0,1.981563126252505,0.9662728782567965,0.019770048076381556
6,-1.0,1.985931863727455,0.9666218082226553,0.01955128677580756
6,-1.0,1.990300601202405,0.9669696328379573,0.019331049927884394
6,-1.0,1.9946693386773549,0.9673163498340036,0.019109363443258576
6,-1.0,1.9990380761523046,0.9676619571507742,0.01888625312471217
6,-1.0,2.0034068136272545,0.9680064529360565,0.01866174466493374
6,-1.0,2.0077755511022044,0.9683498355445214,0.018435863644299517
6,-1.0,2.0121442885771543,0.9686921035367453,0.018208635528659062
6,-1.0,2.0165130260521043,0.969033255678188,0.017980085667136256
6,-1.0,2.020881763527054,0.9693732909381146,0.017750239289938703
6,-1.0,2.025250501002004,0.9697122084884708,0.017519121506181446
6,-1.0,2.029619238476954,0.9700500077027113,0.017286757301725006
6,-1.0,2.033987975951904,0.9703866881545694,0.01705317153702772
6,-1.0,2.038356713426854,0.9707222496167923,0.016818388945015725
6,-1.0,2.042725450901804,0.9710566920598157,0.016582434128971882
6,-1.0,2.0470941883767537,0.9713900156503972,0.01634533156044068
6,-1.0,2.0514629258517036,0.9717222207502024,0.016107105577156604
6,-1.0,2.0558316633266536,0.9720533079143407,0.015867780380993412
6,-1.0,2.060200400801603,0.9723832778898605,0.01562738003593384
6,-1.0,2.064569138276553,0.9727121316141937,0.015385928466066163
6,-1.0,2.068937875751503,0.9730398702135593,0.015143449453603413
6,-1.0,2.073306613226453,0.9733664950013216,0.014899966636930223
6,-1.0,2.0776753507014027,0.9736920074763039,0.014655503508675668
6,-1.0,2.0820440881763527,0.9740164093210628,0.014410083413815786
6,-1.0,2.0864128256513026,0.974339702400117,0.01416372954780179
6,-1.0,2.0907815631262525,0.9746618887581389,0.01391646495472483
6,-1.0,2.0951503006012024,0.9749829706181004,0.013668312525504996
6,-1.0,2.0995190380761524,0.9753029503793877,0.013419294996118982
6,-1.0,2.1038877755511023,0.9756218306158687,0.013169434945855409
6,-1.0,2.108256513026052,0.9759396140739303,0.012918754795607999
6,-1.0,2.112625250501002,0.9762563036704732,0.012667276806201621
6,-1.0,2.116993987975952,0.9765719024908761,0.012415023076757459
6,-1.0,2.121362725450902,0.976886413786921,0.012162015543089095
6,-1.0,2.125731462925852,0.9771998409746885,0.011908275976144134
6,-1.0,2.130100200400802,0.9775121876324161,0.011653825980474672
6,-1.0,2.1344689378757518,0.9778234574983309,0.011398686992756642
6,-1.0,2.1388376753507012,0.9781336544684434,0.011142880280340032
6,-1.0,2.143206412825651,0.9784427825943217,0.010886426939847505
6,-1.0,2.147575150300601,0.9787508460808283,0.01062934789580716
6,-1.0,2.151943887775551,0.9790578492838352,0.01037166389933141
6,-1.0,2.156312625250501,0.9793637967079112,0.010113395526837972
6,-1.0,2.160681362725451,0.9796686930039821,0.009854563178811287
6,-1.0,2.165050100200401,0.979972542966971,0.009595187078610222
6,-1.0,2.1694188376753507,0.9802753515334117,0.0093352872713173
6,-1.0,2.1737875751503006,0.9805771237790438,0.009074883622633341
6,-1.0,2.1781563126252506,0.9808778649163856,0.008813995817817463
6,-1.0,2.1825250501002005,0.9811775802922852,0.008552643360670981
6,-1.0,2.1868937875751504,0.9814762753854611,0.008290845572568172
6,-1.0,2.1912625250501003,0.9817739558040172,0.008028621591530926
6,-1.0,2.1956312625250503,0.9820706272829474,0.007765990371352507
6,-1.0,2.2,0.9823662956816233,0.007502970680763169
7,-1.2,0.02,1.2243224132128296,-0.4641444845850504
7,-1.2,0.0243687374749499,1.2208135393332715,-0.4600039807011037
7,-1.2,0.0287374749498998,1.217337248573389,-0.4558952805073438
7,-1.2,0.0331062124248497,1.213893262363697,-0.4518181301405508
7,-1.2,0.0374749498997996,1.210481304735629,-0.4477722779814254
7,-1.2,0.0418436873747495,1.2071011022966753,-0.4437574746347088
7,-1.2,0.046212424849699396,1.2037523842057327,-0.4397734729094907
7,-1.2,0.0505811623246493,1.2004348821486717,-0.4358200277996863
7,-1.2,0.0549498997995992,1.1971483303141084,-0.43189689646469687
7,-1.2,0.0593186372745491,1.1938924653693888,-0.4280038382102423
7,-1.2,0.063687374749499,1.1906670264367807,-0.4241406144693676
7,-1.2,0.0680561122244489,1.1874717550698692,-0.42030698878361783
7,-1.2,0.0724248496993988,1.1843063952301578,-0.4165027267843868
7,-1.2,0.0767935871743487,1.1811706932638737,-0.4127275961744293
7,-1.2,0.0811623246492986,1.1780643978789713,-0.4089813667095409
7,-1.2,0.0855310621242485,1.1749872601223386,-0.40526381018040447
7,-1.2,0.0898997995991984,1.1719390333572002,-0.40157470039459436
7,-1.2,0.0942685370741483,1.1689194732407175,-0.3979138131587446
7,-1.2,0.0986372745490982,1.1659283377017855,-0.39428092626087835
7,-1.2,0.1030060120240481,1.162965386919021,-0.3906758194528882
7,-1.2,0.107374749498998,1.160030383298947,-0.3870982744331802
7,-1.2,0.1117434869739479,1.1571230914543624,-0.38354807482946884
7,-1.2,0.11611222444889781,1.1542432781829104,-0.38002500618172325
7,-1.2,0.1204809619238477,1.1513907124458242,-0.3765288559252674
7,-1.2,0.1248496993987976,1.1485651653468705,-0.37305941337403004
7,-1.2,0.12921843687374748,1.1457664101114697,-0.36961646970394146
7,-1.2,0.13358717434869738,1.1429942220660059,-0.3661998179364782
7,-1.2,0.1379559118236473,1.140248378617315,-0.3628092529223522
7,-1.2,0.1423246492985972,1.1375286592323606,-0.35944457132534396
7,-1.2,0.1466933867735471,1.1348348454180828,-0.3561055716062793
7,-1.2,0.151062124248497,1.1321667207014314,-0.3527920540071458
7,-1.2,0.1554308617234469,1.129524070609572,-0.3495038205353483
7,-1.2,0.15979959919839679,1.126906682650272,-0.34624067494810346
7,-1.2,0.16416833667334668,1.1243143462924587,-0.343002422736973
7,-1.2,0.16853707414829658,1.1217468529469534,-0.33978887111252687
7,-1.2,0.17290581162324647,1.1192039959473754,-0.3365998289891471
7,-1.2,0.17727454909819637,1.1166855705312144,-0.33343510696995854
7,-1.2,0.1816432865731463,1.1141913738210822,-0.330294517331895
7,-1.2,0.1860120240480962,1.1117212048061205,-0.3271778740108934
7,-1.2,0.1903807615230461,1.1092748643235841,-0.3240849925872174
7,-1.2,0.19474949899799598,1.106852155040588,-0.3210156902709077
7,-1.2,0.19911823647294588,1.1044528814360168,-0.31796978588736075
7,-1.2,0.20348697394789578,1.1020768497826006,-0.3149470998630303
7,-1.2,0.20785571142284567,1.099723868129149,-0.3119474542112516
7,-1.2,0.2122244488977956,1.097393746282953,-0.3089706725181921
7,-1.2,0.2165931863727455,1.0950862957923388,-0.3060165799289211
7,-1.2,0.2209619238476954,1.0928013299293835,-0.3030850031335987
7,-1.2,0.2253306613226453,1.090538663672791,-0.30017577035378434
7,-1.2,0.22969939879759518,1.088298113690918,-0.29728871132886575
7,-1.2,0.23406813627254508,1.0860794983249595,-0.2944236573026005
7,-1.2,0.23843687374749498,1.0838826375722876,-0.29158044100977537
7,-1.2,0.24280561122244487,1.08170735306994,-0.28875889666297994
7,-1.2,0.24717434869739477,1.0795534680782635,-0.28595885993949266
7,-1.2,0.2515430861723447,1.0774208074647058,-0.2831801679682813
7,-1.2,0.2559118236472946,1.0753091976877571,-0.28042265931711113
7,-1.2,0.2602805611222445,1.0732184667810396,-0.2776861739797667
7,-1.2,0.2646492985971944,1.071148444337543,-0.27497055336337983
7,-1.2,0.2690180360721443,1.0690989614940076,-0.27227564027586726
7,-1.2,0.27338677354709423,1.0670698509154513,-0.2696012789134737
7,-1.2,0.2777555110220441,1.06506094677984,-0.26694731484842465
7,-1.2,0.282124248496994,1.0630720847628983,-0.2643135950166779
7,-1.2,0.2864929859719439,1.0611031020230668,-0.261699967705785
7,-1.2,0.2908617234468938,1.0591538371865934,-0.25910628254285145
7,-1.2,0.2952304609218437,1.0572241303327712,-0.2565323904826025
7,-1.2,0.2995991983967936,1.0553138229793046,-0.25397814379554545
7,-1.2,0.30396793587174353,1.0534227580678233,-0.2514433960562363
7,-1.2,0.3083366733466934,1.0515507799495234,-0.24892800213164465
7,-1.2,0.3127054108216433,1.049697734370949,-0.24643181816961485
7,-1.2,0.3170741482965932,1.0478634684599046,-0.24395470158742508
7,-1.2,0.3214428857715431,1.0460478307115024,-0.24149651106044523
7,-1.2,0.325811623246493,1.0442506709743398,-0.23905710651088793
7,-1.2,0.3301803607214429,1.0424718404368079,-0.23663634909665415
7,-1.2,0.3345490981963928,1.0407111916135312,-0.2342341012002744
7,-1.2,0.3389178356713427,1.0389685783319338,-0.2318502264179406
7,-1.2,0.34328657314629263,1.0372438557189343,-0.22948458954863307
7,-1.2,0.3476553106212425,1.0355368801877698,-0.22713705658333405
7,-1.2,0.3520240480961924,1.0338475094249382,-0.22480749469433808
7,-1.2,0.3563927855711423,1.0321756023772752,-0.2224957722246454
7,-1.2,0.3607615230460922,1.0305210192391476,-0.22020175867744765
7,-1.2,0.3651302605210421,1.0288836214397712,-0.21792532470570247
7,-1.2,0.369498997995992,1.027263271630653,-0.2156663421017918
7,-1.2,0.37386773547094193,1.025659833673148,-0.21342468378727075
7,-1.2,0.3782364729458918,1.0240731726261445,-0.21120022380269698
7,-1.2,0.3826052104208417,1.0225031547338603,-0.2089928372975517
7,-1.2,0.3869739478957916,1.02094964741376,-0.20680240052023713
7,-1.2,0.3913426853707415,1.0194125192445904,-0.20462879080816418
7,-1.2,0.3957114228456914,1.0178916399545295,-0.20247188657791818
7,-1.2,0.4000801603206413,1.0163868804094518,-0.20033156731550772
7,-1.2,0.40444889779559123,1.0148981126013061,-0.19820771356669642
7,-1.2,0.4088176352705411,1.0134252096366099,-0.1961002069274127
7,-1.2,0.413186372745491,1.0119680457250524,-0.19400893003423994
7,-1.2,0.4175551102204409,1.0105264961682097,-0.19193376655498662
7,-1.2,0.4219238476953908,1.0091004373483716,-0.18987460117933602
7,-1.2,0.4262925851703407,1.007689746717476,-0.18783131960956762
7,-1.2,0.4306613226452906,1.0062943027861553,-0.18580380855136278
7,-1.2,0.4350300601202405,1.0049139851128832,-0.18379195570468404
7,-1.2,0.4393987975951904,1.0035486742932382,-0.18179564975472726
7,-1.2,0.44376753507014033,1.0021982519492663,-0.17981478036295245
7,-1.2,0.4481362725450902,1.0008626007189467,-0.1778492381581885
7,-1.2,0.4525050100200401,0.9995416042457705,-0.17589891472780933
7,-1.2,0.45687374749499,0.9982351471684124,-0.17396370260898542
7,-1.2,0.4612424849699399,0.9969431151105131,-0.1720434952800065
7,-1.2,0.4656112224448898,0.995665394670558,-0.17013818715167633
7,-1.2,0.4699799599198397,0.9944018734118568,-0.1682476735587805
7,-1.2,0.4743486973947896,0.9931524398526275,-0.16637185075162075
7,-1.2,0.4787174348697395,0.991916983456173,-0.16451061588762333
7,-1.2,0.4830861723446894,0.9906953946211599,-0.162663867023015
7,-1.2,0.4874549098196393,0.9894875646719951,-0.16083150310456718
7,-1.2,0.4918236472945892,0.9882933858492936,-0.15901342396141002
7,-1.2,0.4961923847695391,0.9871127513004493,-0.1572095302969127
7,-1.2,0.500561122244489,0.9859455550702938,-0.15541972368063167
7,-1.2,0.5049298597194388,0.9847916920918536,-0.15364390654032486
7,-1.2,0.5092985971943887,0.9836510581771981,-0.1518819821540313
7,-1.2,0.5136673346693387,0.9825235500083827,-0.1501338546422186
7,-1.2,0.5180360721442886,0.981409065128478,-0.14839942895999125
7,-1.2,0.5224048096192385,0.9803075019326971,-0.14667861088936762
7,-1.2,0.5267735470941884,0.9792187596596046,-0.14497130703161618
7,-1.2,0.5311422845691383,0.9781427383824235,-0.14327742479965927
7,-1.2,0.5355110220440882,0.9770793390004235,-0.14159687241053626
7,-1.2,0.5398797595190381,0.9760284632303996,-0.13992955887793032
7,-1.2,0.544248496993988,0.9749900135982381,-0.13827539400475708
7,-1.2,0.548617234468938,0.9739638934305678,-0.1366342883758132
7,-1.2,0.5529859719438878,0.9729500068464959,-0.13500615335048596
7,-1.2,0.5573547094188377,0.9719482587494302,-0.1333909010555244
7,-1.2,0.5617234468937876,0.9709585548189839,-0.13178844437786752
7,-1.2,0.5660921843687375,0.9699808015029623,-0.130198696957533
7,-1.2,0.5704609218436874,0.9690149060094356,-0.12862157318056533
7,-1.2,0.5748296593186373,0.9680607762988885,-0.12705698817203964
7,-1.2,0.5791983967935872,0.9671183210764536,-0.12550485778912507
7,-1.2,0.5835671342685371,0.9661874497842261,-0.12396509861420503
7,-1.2,0.587935871743487,0.9652680725936525,-0.12243762794805299
7,-1.2,0.5923046092184369,0.9643601003980053,-0.12092236380306622
7,-1.2,0.5966733466933868,0.9634634448049291,-0.11941922489655232
7,-1.2,0.6010420841683367,0.9625780181290686,-0.1179281306440757
7,-1.2,0.6054108216432866,0.9617037333847711,-0.11644900115285318
7,-1.2,0.6097795591182364,0.9608405042788641,-0.11498175721520773
7,-1.2,0.6141482965931864,0.9599882452035106,-0.11352632030207616
7,-1.2,0.6185170340681363,0.9591468712291357,-0.11208261255656686
7,-1.2,0.6228857715430862,0.9583162980974322,-0.11065055678757477
7,-1.2,0.6272545090180361,0.9574964422144312,-0.10923007646344494
7,-1.2,0.631623246492986,0.9566872206436546,-0.10782109570569214
7,-1.2,0.6359919839679359,0.9558885510993315,-0.10642353928276746
7,-1.2,0.6403607214428858,0.9551003519396911,-0.10503733260388043
7,-1.2,0.6447294589178357,0.9543225421603233,-0.10366240171286986
7,-1.2,0.6490981963927855,0.9535550413876094,-0.1022986732821251
7,-1.2,0.6534669338677355,0.9527977698722243,-0.1009460746065559
7,-1.2,0.6578356713426854,0.9520506484827035,-0.09960453359761637
7,-1.2,0.6622044088176353,0.9513135986990827,-0.09827397877737172
7,-1.2,0.6665731462925852,0.9505865426065995,-0.0969543392726196
7,-1.2,0.670941883767535,0.9498694028894673,-0.09564554480905424
7,-1.2,0.675310621242485,0.94916210282471,-0.09434752570548359
7,-1.2,0.6796793587174349,0.9484645662760655,-0.09306021286809023
7,-1.2,0.6840480961923848,0.947776717687955,-0.09178353778474062
7,-1.2,0.6884168336673347,0.9470984820795136,-0.09051743251934136
7,-1.2,0.6927855711422846,0.946429785038685,-0.08926182970624132
7,-1.2,0.6971543086172345,0.9457705527163814,-0.08801666254467991
7,-1.2,0.7015230460921844,0.9451207118207051,-0.08678186479327925
7,-1.2,0.7058917835671343,0.94448018961123,-0.08555737076458522
7,-1.2,0.7102605210420841,0.9438489138933484,-0.08434311531964811
7,-1.2,0.7146292585170341,0.9432268130126742,-0.08313903386265217
7,-1.2,0.718997995991984,0.9426138158495092,-0.08194506233558659
7,-1.2,0.7233667334669339,0.9420098518133685,-0.08076113721296099
7,-1.2,0.7277354709418838,0.9414148508375645,-0.07958719549656353
7,-1.2,0.7321042084168337,0.940828743373851,-0.07842317471026253
7,-1.2,0.7364729458917836,0.9402514603871213,-0.07726901289485075
7,-1.2,0.7408416833667335,0.9396829333501688,-0.07612464860292978
7,-1.2,0.7452104208416834,0.9391230942385033,-0.07499002089383924
7,-1.2,0.7495791583166332,0.9385718755252184,-0.07386506932862609
7,-1.2,0.7539478957915832,0.9380292101759241,-0.07274973396505328
7,-1.2,0.7583166332665331,0.9374950316437255,-0.07164395535265246
7,-1.2,0.762685370741483,0.9369692738642648,-0.0705476745278141
7,-1.2,0.7670541082164329,0.9364518712508094,-0.06946083300891867
7,-1.2,0.7714228456913828,0.9359427586894002,-0.06838337279150952
7,-1.2,0.7757915831663327,0.9354418715340507,-0.06731523634350067
7,-1.2,0.7801603206412826,0.9349491456019985,-0.06625636660042798
7,-1.2,0.7845290581162325,0.9344645171690109,-0.06520670696073645
7,-1.2,0.7888977955911824,0.9339879229647396,-0.0641662012811069
7,-1.2,0.7932665330661323,0.93351930016813,-0.06313479387182043
7,-1.2,0.7976352705410822,0.9330585864028794,-0.0621124294921592
7,-1.2,0.8020040080160321,0.9326057197329456,-0.06109905334584869
7,-1.2,0.806372745490982,0.932160638658106,-0.060094611076531204
7,-1.2,0.8107414829659318,0.9317232821095691,-0.05909904876328098
7,-1.2,0.8151102204408818,0.931293589445626,-0.058112312916153576
7,-1.2,0.8194789579158317,0.9308715004473631,-0.05713435047177096
7,-1.2,0.8238476953907816,0.930456955314413,-0.05616510878894376
7,-1.2,0.8282164328657315,0.9300498946607569,-0.05520453564432805
7,-1.2,0.8325851703406814,0.9296502595105758,-0.05425257922811696
7,-1.2,0.8369539078156313,0.9292579912941438,-0.0533091881397696
7,-1.2,0.8413226452905812,0.9288730318437738,-0.05237431138377044
7,-1.2,0.8456913827655311,0.928495323389804,-0.05144789836542764
7,-1.2,0.8500601202404809,0.9281248085566342,-0.05052989888670078
7,-1.2,0.8544288577154309,0.9277614303588031,-0.04962026314206664
7,-1.2,0.8587975951903808,0.9274051321971133,-0.04871894171441422
7,-1.2,0.8631663326653307,0.9270558578548006,-0.04782588557097719
7,-1.2,0.8675350701402806,0.9267135514937458,-0.04694104605929523
7,-1.2,0.8719038076152305,0.9263781576507295,-0.046064374903210824
7,-1.2,0.8762725450901804,0.926049621233734,-0.045195824198896783
7,-1.2,0.8806412825651303,0.9257278875182832,-0.0443353464109159
7,-1.2,0.8850100200400802,0.9254129021438264,-0.043482894368313214
7,-1.2,0.88937875751503,0.9251046111101673,-0.0426384212607391
7,-1.2,0.89374749498998,0.9248029607739295,-0.041801880634603404
7,-1.2,0.8981162324649299,0.9245078978450663,-0.04097322638926134
7,-1.2,0.9024849699398798,0.9242193693834118,-0.040152412773228126
7,-1.2,0.9068537074148297,0.9239373227952706,-0.03933939438042834
7,-1.2,0.9112224448897795,0.9236617058300487,-0.03853412614646886
7,-1.2,0.9155911823647295,0.9233924665769253,-0.037736563344948515
7,-1.2,0.9199599198396794,0.9231295534615598,-0.036946661583792666
7,-1.2,0.9243286573146293,0.9228729152428473,-0.03616437680161877
7,-1.2,0.9286973947895791,0.922622501009699,-0.03538966526413206
7,-1.2,0.9330661322645291,0.9223782601778748,-0.034622483560549054
7,-1.2,0.937434869739479,0.9221401424868447,-0.03386278860004886
7,-1.2,0.9418036072144289,0.9219080979966935,-0.033110537608255504
7,-1.2,0.9461723446893788,0.9216820770850578,-0.032365688123746864
7,-1.2,0.9505410821643286,0.9214620304441065,-0.03162819799459009
7,-1.2,0.9549098196392786,0.9212479090775523,-0.030898025374908353
7,-1.2,0.9592785571142285,0.9210396642977033,-0.03017512872147245
7,-1.2,0.9636472945891784,0.9208372477225498,-0.0294594667903195
7,-1.2,0.9680160320641283,0.9206406112728859,-0.028750998633402094
7,-1.2,0.9723847695390782,0.9204497071694683,-0.028049683595258577
7,-1.2,0.9767535070140281,0.9202644879302108,-0.027355481309716403
7,-1.2,0.981122244488978,0.9200849063674108,-0.026668351696617038
7,-1.2,0.9854909819639279,0.9199109155850137,-0.02598825495856871
7,-1.2,0.9898597194388777,0.919742468975912,-0.025315151577726954
7,-1.2,0.9942284569138277,0.9195795202192748,-0.024649002312596757
7,-1.2,0.9985971943887776,0.9194220232779144,-0.023989768194865993
7,-1.2,1.0029659318637274,0.9192699323956863,-0.023337410526258356
7,-1.2,1.0073346693386773,0.919123202094922,-0.0226918908754159
7,-1.2,1.0117034068136272,0.918981787173892,-0.022053171074805443
7,-1.2,1.0160721442885772,0.9188456427043096,-0.02142121321764688
7,-1.2,1.020440881763527,0.9187147240288572,-0.020795979654871365
7,-1.2,1.024809619238477,0.9185889867587518,-0.020177432992100727
7,-1.2,1.029178356713427,0.918468386771341,-0.019565536086650456
7,-1.2,1.0335470941883769,0.918352880207728,-0.01896025204455894
7,-1.2,1.0379158316633268,0.9182424234704327,-0.018361544217639244
7,-1.2,1.0422845691382765,0.9181369732210798,-0.017769376200556172
7,-1.2,1.0466533066132264,0.9180364863781215,-0.017183711827923435
7,-1.2,1.0510220440881763,0.9179409201145883,-0.01660451517142991
7,-1.2,1.0553907815631263,0.9178502318558709,-0.01603175053698271
7,-1.2,1.0597595190380762,0.9177643792775337,-0.015465382461878653
7,-1.2,1.0641282565130261,0.9176833203031584,-0.01490537571199584
7,-1.2,1.068496993987976,0.9176070131022146,-0.014351695279007676
7,-1.2,1.072865731462926,0.9175354160879639,-0.013804306377622616
7,-1.2,1.0772344689378759,0.91746848791539,-0.01326317444284182
7,-1.2,1.0816032064128256,0.9174061874791618,-0.012728265127242882
7,-1.2,1.0859719438877755,0.9173484739116204,-0.012199544298284595
7,-1.2,1.0903406813627254,0.9172953065808013,-0.011676978035633145
7,-1.2,1.0947094188376754,0.9172466450884775,-0.011160532628510614
7,-1.2,1.0990781563126253,0.9172024492682387,-0.01065017457306517
7,-1.2,1.1034468937875752,0.9171626791835921,-0.010145870569762915
7,-1.2,1.1078156312625251,0.9171272951260973,-0.009647587520801608
7,-1.2,1.112184368737475,0.9170962576135218,-0.009155292527545265
7,-1.2,1.116553106212425,0.9170695273880309,-0.008668952887980553
7,-1.2,1.1209218436873747,0.9170470654143997,-0.008188536094192294
7,-1.2,1.1252905811623246,0.9170288328782573,-0.007714009829863966
7,-1.2,1.1296593186372745,0.9170147911843515,-0.00724534196779487
7,-1.2,1.1340280561122245,0.9170049019548457,-0.0067825005674411075
7,-1.2,1.1383967935871744,0.9169991270276421,-0.006325453872475517
7,-1.2,1.1427655310621243,0.9169974284547256,-0.005874170308368362
7,-1.2,1.1471342685370742,0.9169997685005417,-0.005428618479989938
7,-1.2,1.1515030060120242,0.9170061096403955,-0.004988767169230969
7,-1.2,1.155871743486974,0.9170164145588758,-0.00455458533264647
7,-1.2,1.1602404809619238,0.91703064614831,-0.004126042099117148
7,-1.2,1.1646092184368737,0.9170487675072382,-0.0037031067675309744
7,-1.2,1.1689779559118236,0.9170707419389178,-0.0032857488044868155
7,-1.2,1.1733466933867736,0.9170965329498492,-0.002873937842017426
7,-1.2,1.1777154308617235,0.9171261042483292,-0.0024676436753287728
7,-1.2,1.1820841683366734,0.9171594197430287,-0.002066836260564682
7,-1.2,1.1864529058116233,0.9171964435415925,-0.0016714857125875021
7,-1.2,1.1908216432865733,0.917237139949267,-0.0012815623027787818
7,-1.2,1.1951903807615232,0.917281473467551,-0.000897036456860257
7,-1.2,1.1995591182364729,0.9173294087928695,-0.0005178787527336927
7,-1.2,1.2039278557114228,0.917380910815271,-0.0001440599183416524
7,-1.2,1.2082965931863727,0.9174359446171518,0.00022444917045500527
7,-1.2,1.2126653306613226,0.9174944754720014,0.0005876774919790212
7,-1.2,1.2170340681362726,0.9175564688431702,0.0009456538808182438
7,-1.2,1.2214028056112225,0.917621890382663,0.0012984070298899828
7,-1.2,1.2257715430861724,0.9176907059299557,0.0016459654924848952
7,-1.2,1.2301402805611223,0.9177628815108309,0.001988357684292859
7,-1.2,1.2345090180360723,0.9178383833362419,0.0023256118854081765
7,-1.2,1.238877755511022,0.9179171778011966,0.0026577562423181714
7,-1.2,1.243246492985972,0.9179992314836609,0.0029848187698703543
7,-1.2,1.2476152304609218,0.9180845111434912,0.0033068273532231435
7,-1.2,1.2519839679358717,0.9181729837213826,0.0036238097497742323
7,-1.2,1.2563527054108217,0.918264616337843,0.003935793591074502
7,-1.2,1.2607214428857716,0.9183593762921873,0.004242806384720077
7,-1.2,1.2650901803607215,0.9184572310615535,0.004544875516225921
7,-1.2,1.2694589178356714,0.9185581482999412,0.004842028250881839
7,-1.2,1.2738276553106214,0.9186620958372698,0.005134291735587811
7,-1.2,1.278196392785571,0.9187690416784597,0.005421693000673601
7,-1.2,1.282565130260521,0.9188789540025336,0.0057042589616969445
7,-1.2,1.286933867735471,0.9189918011617386,0.005982016421223025
7,-1.2,1.2913026052104208,0.9191075516806894,0.006254992070587845
7,-1.2,1.2956713426853708,0.9192261742555312,0.006523212491639588
7,-1.2,1.3000400801603207,0.9193476377531253,0.0067867041584647805
7,-1.2,1.3044088176352706,0.9194719112102511,0.0070454934390905295
7,-1.2,1.3087775551102205,0.9195989638328324,0.007299606597176333
7,-1.2,1.3131462925851705,0.9197287649951803,0.007549069793677202
7,-1.2,1.3175150300601204,0.9198612842392582,0.007793909088496991
7,-1.2,1.32188376753507,0.9199964912739645,0.008034150442116694
7,-1.2,1.32625250501002,0.9201343559744369,0.008269819717208013
7,-1.2,1.33062124248497,0.9202748483813731,0.00850094268022605
7,-1.2,1.3349899799599199,0.9204179387003731,0.008727545002983747
7,-1.2,1.3393587174348698,0.9205635973013003,0.008949652264208033
7,-1.2,1.3437274549098197,0.9207117947176588,0.009167289951076915
7,-1.2,1.3480961923847696,0.9208625016459928,0.009380483460737025
7,-1.2,1.3524649298597196,0.921015688945303,0.009589258101804237
7,-1.2,1.3568336673346695,0.9211713276364788,0.009793639095843815
7,-1.2,1.3612024048096192,0.9213293889017532,0.00999365157882966
7,-1.2,1.365571142284569,0.9214898440841729,0.01018932060259184
7,-1.2,1.369939879759519,0.921652664687085,0.010380671136235368
7,-1.2,1.374308617234469,0.9218178223736452,0.010567728067549808
7,-1.2,1.3786773547094189,0.9219852889663387,0.01075051620439053
7,-1.2,1.3830460921843688,0.9221550364465221,0.01092906027604929
7,-1.2,1.3874148296593187,0.9223270369539804,0.01110338493459941
7,-1.2,1.3917835671342687,0.922501262786501,0.011273514756226238
7,-1.2,1.3961523046092186,0.9226776863994666,0.01143947424253522
7,-1.2,1.4005210420841683,0.9228562804054586,0.01160128782184246
7,-1.2,1.4048897795591182,0.9230370175738851,0.01175897985044646
7,-1.2,1.4092585170340681,0.9232198708306188,0.01191257461387897
7,-1.2,1.413627254509018,0.9234048132576521,0.012062096328138788
7,-1.2,1.417995991983968,0.9235918180927699,0.012207569140902421
7,-1.2,1.422364729458918,0.9237808587292368,0.012349017132720503
7,-1.2,1.4267334669338678,0.9239719087154964,0.012486464318189722
7,-1.2,1.4311022044088177,0.9241649417548944,0.012619934647108682
7,-1.2,1.4354709418837677,0.9243599317054039,0.012749452005612503
7,-1.2,1.4398396793587174,0.9245568525793781,0.01287504021728949
7,-1.2,1.4442084168336673,0.9247556785433089,0.012996723044274492
7,-1.2,1.4485771543086172,0.9249563839176039,0.013114524188327214
7,-1.2,1.4529458917835671,0.9251589431763745,0.013228467291887829
7,-1.2,1.457314629258517,0.9253633309472418,0.01333857593911382
7,-1.2,1.461683366733467,0.9255695220111532,0.013444873656895843
7,-1.2,1.466052104208417,0.9257774913022123,0.013547383915855318
7,-1.2,1.4704208416833668,0.9259872139075224,0.013646130131321254
7,-1.2,1.4747895791583168,0.9261986650670457,0.013741135664285682
7,-1.2,1.4791583166332665,0.9264118201734703,0.013832423822343294
7,-1.2,1.4835270541082164,0.9266266547720942,0.013920017860604237
7,-1.2,1.4878957915831663,0.9268431445607171,0.014003940982593726
7,-1.2,1.4922645290581162,0.9270612653895495,0.014084216341127333
7,-1.2,1.4966332665330662,0.9272809932611293,0.014160867039165614
7,-1.2,1.501002004008016,0.9275023043302517,0.01423391613065176
7,-1.2,1.505370741482966,0.9277251749039088,0.014303386621325433
7,-1.2,1.509739478957916,0.9279495814412445,0.014369301469519077
7,-1.2,1.5141082164328659,0.9281755005535127,0.014431683586930994
7,-1.2,1.5184769539078156,0.9284029090040563,0.014490555839380175
7,-1.2,1.5228456913827655,0.9286317837082839,0.014545941047539618
7,-1.2,1.5272144288577154,0.9288621017336691,0.01459786198764872
7,-1.2,1.5315831663326653,0.92909384029975,0.01464634139220629
7,-1.2,1.5359519038076153,0.9293269767781436,0.014691401950641957
7,-1.2,1.5403206412825652,0.9295614886925663,0.014733066309966972
7,-1.2,1.544689378757515,0.9297973537188651,0.014771357075404815
7,-1.2,1.549058116232465,0.930034549685058,0.014806296810999157
7,-1.2,1.553426853707415,0.9302730545713797,0.014837908040205915
7,-1.2,1.5577955911823649,0.9305128465103384,0.014866213246457706
7,-1.2,1.5621643286573146,0.93075390378678,0.014891234873712583
7,-1.2,1.5665330661322645,0.9309962048379583,0.014912995326981354
7,-1.2,1.5709018036072144,0.9312397282536118,0.0149315169728293
7,-1.2,1.5752705410821644,0.9314844527760521,0.014946822139866428
7,-1.2,1.5796392785571143,0.9317303573002532,0.014958933119205962
7,-1.2,1.5840080160320642,0.9319774208739497,0.014967872164909404
7,-1.2,1.5883767535070141,0.9322256226977428,0.014973661494409042
7,-1.2,1.592745490981964,0.9324749421252068,0.014976323288906752
7,-1.2,1.597114228456914,0.9327253586630079,0.014975879693756283
7,-1.2,1.6014829659318637,0.932976851971021,0.014972352818821073
7,-1.2,1.6058517034068136,0.9332294018624582,0.014965764738813338
7,-1.2,1.6102204408817635,0.9334829883039952,0.014956137493610987
7,-1.2,1.6145891783567135,0.9337375914159072,0.014943493088552931
7,-1.2,1.6189579158316634,0.9339931914722042,0.014927853494718384
7,-1.2,1.6233266533066133,0.9342497689007743,0.014909240649177447
7,-1.2,1.6276953907815632,0.9345073042835261,0.014887676455228236
7,-1.2,1.6320641282565131,0.9347657783565368,0.014863182782608593
7,-1.2,1.636432865731463,0.9350251720102013,0.014835781467689923
7,-1.2,1.6408016032064128,0.9352854662893828,0.014805494313647506
7,-1.2,1.6451703406813627,0.935546642393569,0.014772343090612228
7,-1.2,1.6495390781563126,0.9358086816770247,0.0147363495358036
7,-1.2,1.6539078156312625,0.9360715656489494,0.014697535353636302
7,-1.2,1.6582765531062125,0.9363352759736344,0.014655922215812784
7,-1.2,1.6626452905811624,0.9365997944706204,0.014611531761390104
7,-1.2,1.6670140280561123,0.9368651031148549,0.01456438559683127
7,-1.2,1.6713827655310622,0.9371311840368507,0.014514505296031802
7,-1.2,1.6757515030060122,0.937398019522844,0.01446191240033107
7,-1.2,1.6801202404809619,0.937665592014947,0.01440662841849784
7,-1.2,1.6844889779559118,0.9379338841113094,0.014348674826700427
7,-1.2,1.6888577154308617,0.9382028785662672,0.014288073068455184
7,-1.2,1.6932264529058116,0.9384725582904958,0.014224844554553962
7,-1.2,1.6975951903807616,0.9387429063511611,0.014159010662975735
7,-1.2,1.7019639278557115,0.9390139059720655,0.014090592738774771
7,-1.2,1.7063326653306614,0.9392855405337923,0.01401961209394949
7,-1.2,1.7107014028056113,0.9395577935738487,0.013946090007296817
7,-1.2,1.7150701402805613,0.9398306487867996,0.013870047724240931
7,-1.2,1.719438877755511,0.9401040900244051,0.01379150645664703
7,-1.2,1.7238076152304609,0.9403781012957481,0.013710487382614692
7,-1.2,1.7281763527054108,0.9406526667673581,0.013627011646254171
7,-1.2,1.7325450901803607,0.9409277707633348,0.013541100357442177
7,-1.2,1.7369138276553107,0.9412033977654592,0.013452774591560083
7,-1.2,1.7412825651302606,0.9414795324133045,0.013362055389212627
7,-1.2,1.7456513026052105,0.9417561595043381,0.013268963755932594
7,-1.2,1.7500200400801604,0.9420332639940201,0.013173520661863265
7,-1.2,1.7543887775551104,0.9423108309958929,0.013075747041424083
7,-1.2,1.75875751503006,0.9425888457816648,0.012975663792960923
7,-1.2,1.76312625250501,0.9428672937812865,0.012873291778377698
7,-1.2,1.76749498997996,0.9431461605830177,0.012768651822750374
7,-1.2,1.7718637274549098,0.9434254319334913,0.012661764713924634
7,-1.2,1.7762324649298598,0.943705093737764,0.012552651202098891
7,-1.2,1.7806012024048097,0.9439851320593613,0.01244133199938578
7,-1.2,1.7849699398797596,0.9442655331203104,0.012327827779364984
7,-1.2,1.7893386773547095,0.9445462833011702,0.01221215917661306
7,-1.2,1.7937074148296595,0.9448273691410454,0.012094346786222338
7,-1.2,1.7980761523046092,0.9451087773375937,0.01197441116330193
7,-1.2,1.802444889779559,0.9453904947470235,0.011852372822464095
7,-1.2,1.806813627254509,0.9456725083840803,0.011728252237298802
7,-1.2,1.811182364729459,0.9459548054220219,0.011602069839826397
7,-1.2,1.8155511022044089,0.9462373731925862,0.011473846019946228
7,-1.2,1.8199198396793588,0.9465201991859402,0.011343601124860818
7,-1.2,1.8242885771543087,0.9468032710506273,0.011211355458495002
7,-1.2,1.8286573146292586,0.9470865765934963,0.01107712928089568
7,-1.2,1.8330260521042085,0.9473701037796206,0.010940942807621699
7,-1.2,1.8373947895791582,0.9476538407322025,0.010802816209119652
7,-1.2,1.8417635270541082,0.947937775732471,0.010662769610087795
7,-1.2,1.846132264529058,0.9482218972195596,0.010520823088828265
7,-1.2,1.850501002004008,0.9485061937903777,0.01037699667658488
7,-1.2,1.854869739478958,0.948790654199464,0.010231310356874275
7,-1.2,1.8592384769539079,0.9490752673588282,0.010083784064800866
7,-1.2,1.8636072144288578,0.9493600223377786,0.009934437686364492
7,-1.2,1.8679759519038077,0.9496449083627385,0.009783291057755704
7,-1.2,1.8723446893787576,0.9499299148170444,0.009630363964641788
7,-1.2,1.8767134268537076,0.9502150312407315,0.009475676141443056
7,-1.2,1.8810821643286573,0.9505002473303065,0.009319247270601514
7,-1.2,1.8854509018036072,0.9507855529385023,0.009161096981834349
7,-1.2,1.8898196392785571,0.9510709380740224,0.009001244851388066
7,-1.2,1.894188376753507,0.9513563929012657,0.008839710401276674
7,-1.2,1.898557114228457,0.9516419077400371,0.008676513098514802
7,-1.2,1.902925851703407,0.9519274730652474,0.008511672354345658
7,-1.2,1.9072945891783568,0.9522130795065906,0.008345207523457403
7,-1.2,1.9116633266533067,0.9524987178482105,0.008177137903195875
7,-1.2,1.9160320641282567,0.9527843790283503,0.008007482732770488
7,-1.2,1.9204008016032064,0.9530700541389857,0.0078362611924538
7,-1.2,1.9247695390781563,0.9533557344254426,0.0076634924027769585
7,-1.2,1.9291382765531062,0.9536414112859973,0.007489195423715762
7,-1.2,1.9335070140280561,0.9539270762714642,0.007313389253878809
7,-1.2,1.937875751503006,0.9542127210847637,0.007136092829685388
7,-1.2,1.942244488977956,0.9544983375804719,0.006957325024543061
7,-1.2,1.946613226452906,0.9547839177643621,0.006777104648019933
7,-1.2,1.9509819639278558,0.9550694537929203,0.006595450445014645
7,-1.2,1.9553507014028058,0.9553549379728505,0.006412381094923484
7,-1.2,1.9597194388777555,0.9556403627605591,0.006227915210805926
7,-1.2,1.9640881763527054,0.9559257207616269,0.006042071338546728
7,-1.2,1.9684569138276553,0.9562110047302614,0.005854867956019989
7,-1.2,1.9728256513026052,0.9564962075687339,0.0056663234722468935
7,-1.2,1.9771943887775552,0.9567813223267978,0.005476456226558405
7,-1.2,1.981563126252505,0.9570663422010949,0.005285284487754339
7,-1.2,1.985931863727455,0.9573512605345382,0.005092826453264428
7,-1.2,1.990300601202405,0.9576360708156848,0.004899100248307818
7,-1.2,1.9946693386773549,0.9579207666780882,0.004704123925058617
7,-1.2,1.9990380761523046,0.9582053418996348,0.004507915461805866
7,-1.2,2.0034068136272545,0.9584897904018652,0.004310492762121303
7,-1.2,2.0077755511022044,0.9587741062492757,0.004111873654027435
7,-1.2,2.0121442885771543,0.9590582836486098,0.003912075889166678
7,-1.2,2.0165130260521043,0.959342316948125,0.003711117141977588
7,-1.2,2.020881763527054,0.9596262006368499,0.0035090150088698947
7,-1.2,2.025250501002004,0.9599099293438234,0.0033057870074076163
7,-1.2,2.029619238476954,0.960193497837316,0.0031014505754951576
7,-1.2,2.033987975951904,0.9604769010240383,0.0028960230705653346
7,-1.2,2.038356713426854,0.9607601339483303,0.002689521768776921
7,-1.2,2.042725450901804,0.961043191791339,0.0024819638642165995
7,-1.2,2.0470941883767537,0.961326069870176,0.002273366468102875
7,-1.2,2.0514629258517036,0.9616087636370647,0.002063746608003261
7,-1.2,2.0558316633266536,0.961891268678466,0.0018531212270518024
7,-1.2,2.060200400801603,0.9621735807141972,0.0016415071831762426
7,-1.2,2.064569138276553,0.9624556955965277,0.001428921248333722
7,-1.2,2.068937875751503,0.9627376093092659,0.0012153801077519069
7,-1.2,2.073306613226453,0.9630193179668285,0.0010009003591792964
7,-1.2,2.0776753507014027,0.9633008178132978,0.0007854985121450786
7,-1.2,2.0820440881763527,0.9635821052214619,0.0005691909872259771
7,-1.2,2.0864128256513026,0.9638631766918437,0.0003519941153224078
7,-1.2,2.0907815631262525,0.9641440288517166,0.00013392413694600307
7,-1.2,2.0951503006012024,0.9644246584541029,-8.50027984857111e-05
7,-1.2,2.0995190380761524,0.9647050623767642,-0.00030477063334126994
7,-1.2,2.1038877755511023,0.964985237621175,-0.0005253634024609157
7,-1.2,2.108256513026052,0.9652651813114848,-0.0007467652338265858
7,-1.2,2.112625250501002,0.9655448906934697,-0.0009689603492266004
7,-1.2,2.116993987975952,0.9658243631334659,-0.0011919330649030415
7,-1.2,2.121362725450902,0.9661035961173025,-0.0014156677921917525
7,-1.2,2.125731462925852,0.9663825872492078,-0.0016401490381483081
7,-1.2,2.130100200400802,0.9666613342507179,-0.0018653614061634588
7,-1.2,2.1344689378757518,0.9669398349595658,-0.0020912895965635348
7,-1.2,2.1388376753507012,0.9672180873285634,-0.0023179184072016643
7,-1.2,2.143206412825651,0.9674960894244713,-0.002545232734033163
7,-1.2,2.147575150300601,0.9677738394268597,-0.0027732175716768032
7,-1.2,2.151943887775551,0.9680513356269596,-0.0030018580139689194
7,-1.2,2.156312625250501,0.9683285764265022,-0.003231139254495197
7,-1.2,2.160681362725451,0.968605560336552,-0.0034610465871142155
7,-1.2,2.165050100200401,0.9688822859763295,-0.003691565406467251
7,-1.2,2.1694188376753507,0.9691587520720264,-0.0039226812084695055
7,-1.2,2.1737875751503006,0.9694349574556085,-0.004154379590791081
7,-1.2,2.1781563126252506,0.9697109010636181,-0.004386646253320853
7,-1.2,2.1825250501002005,0.969986581935962,-0.004619466998617298
7,-1.2,2.1868937875751504,0.9702619992146945,-0.004852827732342069
7,-1.2,2.1912625250501003,0.9705371521427955,-0.0050867144636807735
7,-1.2,2.1956312625250503,0.9708120400629403,-0.005321113305746561
7,-1.2,2.2,0.9710866624162618,-0.005556010475970747
8,-1.4,0.02,1.376570135605071,-0.2740545150136331
8,-1.4,0.0243687374749499,1.3719255580318759,-0.27163495977285507
8,-1.4,0.0287374749498998,1.3673222057829566,-0.26923245649217475
8,-1.4,0.0331062124248497,1.3627597259832844,-0.26684688819206503
8,-1.4,0.0374749498997996,1.3582377690197578,-0.26447813883204435
8,-1.4,0.0418436873747495,1.3537559885100086,-0.26212609330235676
8,-1.4,0.046212424849699396,1.3493140412714884,-0.2597906374157428
8,-1.4,0.0505811623246493,1.3449115872908481,-0.25747165789929255
8,-1.4,0.0549498997995992,1.340548289693582,-0.25516904238639376
8,-1.4,0.0593186372745491,1.33622381471396,-0.25288267940875736
8,-1.4,0.063687374749499,1.331937831665234,-0.2506124583885342
8,-1.4,0.0680561122244489,1.32769001291011,-0.24835826963050886
8,-1.4,0.0724248496993988,1.3234800338314978,-0.24612000431438358
8,-1.4,0.0767935871743487,1.3193075728035266,-0.24389755448713168
8,-1.4,0.0811623246492986,1.3151723111628235,-0.24169081305544685
8,-1.4,0.0855310621242485,1.3110739331800625,-0.23949967377825385
8,-1.4,0.0898997995991984,1.307012126031766,-0.23732403125931306
8,-1.4,0.0942685370741483,1.3029865797723754,-0.23516378093988785
8,-1.4,0.0986372745490982,1.2989969873065703,-0.23301881909150052
8,-1.4,0.1030060120240481,1.2950430443618475,-0.23088904280875341
8,-1.4,0.107374749498998,1.2911244494613539,-0.22877435000222626
8,-1.4,0.1117434869739479,1.2872409038969639,-0.22667463939145113
8,-1.4,0.11611222444889781,1.283392111702614,-0.22458981049795146
8,-1.4,0.1204809619238477,1.2795777796278762,-0.22251976363835782
8,-1.4,0.1248496993987976,1.2757976171117809,-0.22046439991759
8,-1.4,0.12921843687374748,1.2720513362568784,-0.218423621222111
8,-1.4,0.13358717434869738,1.268338651803548,-0.2163973302132449
8,-1.4,0.1379559118236473,1.264659281104532,-0.21438543032056692
8,-1.4,0.1423246492985972,1.2610129440997226,-0.21238782573535497
8,-1.4,0.1466933867735471,1.2573993632911706,-0.21040442140410726
8,-1.4,0.151062124248497,1.2538182637183282,-0.20843512302212916
8,-1.4,0.1554308617234469,1.2502693729335304,-0.2064798370271754
8,-1.4,0.15979959919839679,1.2467524209776937,-0.20453847059316155
8,-1.4,0.16416833667334668,1.2432671403562494,-0.20261093162393437
8,-1.4,0.16853707414829658,1.239813266015297,-0.2006971287471028
8,-1.4,0.17290581162324647,1.2363905353179823,-0.19879697130793222
8,-1.4,0.17727454909819637,1.2329986880210932,-0.1969103693632918
8,-1.4,0.1816432865731463,1.2296374662518808,-0.19503723367566836
8,-1.4,0.1860120240480962,1.226306614485087,-0.1931774757072306
8,-1.4,0.1903807615230461,1.2230058795201997,-0.19133100761395636
8,-1.4,0.19474949899799598,1.2197350104589102,-0.18949774223980967
8,-1.4,0.19911823647294588,1.2164937586827878,-0.18767759311098017
8,-1.4,0.20348697394789578,1.2132818778311618,-0.18587047443017324
8,-1.4,0.20785571142284567,1.2100991237792147,-0.18407630107095171
8,-1.4,0.2122244488977956,1.2069452546162749,-0.18229498857213788
8,-1.4,0.2165931863727455,1.2038200306243199,-0.18052645313226173
8,-1.4,0.2209619238476954,1.2007232142566786,-0.17877061160406343
8,-1.4,0.2253306613226453,1.1976545701169343,-0.17702738148904718
8,-1.4,0.22969939879759518,1.194613864938029,-0.1752966809320855
8,-1.4,0.23406813627254508,1.1916008675615608,-0.17357842871607218
8,-1.4,0.23843687374749498,1.1886153489172797,-0.17187254425662588
8,-1.4,0.24280561122244487,1.1856570820027788,-0.17017894759684057
8,-1.4,0.24717434869739477,1.1827258418633726,-0.16849755940208652
8,-1.4,0.2515430861723447,1.1798214055721696,-0.16682830095485543
8,-1.4,0.2559118236472946,1.1769435522103322,-0.16517109414965314
8,-1.4,0.2602805611222445,1.1740920628475242,-0.16352586148794077
8,-1.4,0.2646492985971944,1.1712667205225447,-0.16189252607311755
8,-1.4,0.2690180360721443,1.1684673102241414,-0.16027101160555163
8,-1.4,0.27338677354709423,1.1656936188720137,-0.15866124237765108
8,-1.4,0.2777555110220441,1.1629454352979889,-0.15706314326898585
8,-1.4,0.282124248496994,1.1602225502273826,-0.155476639741443
8,-1.4,0.2864929859719439,1.1575247562605337,-0.15390165783443333
8,-1.4,0.2908617234468938,1.1548518478545176,-0.1523381241601351
8,-1.4,0.2952304609218437,1.1522036213050304,-0.15078596589878115
8,-1.4,0.2995991983967936,1.1495798747284507,-0.14924511079398514
8,-1.4,0.30396793587174353,1.1469804080440682,-0.14771548714811047
8,-1.4,0.3083366733466934,1.1444050229564857,-0.14619702381767832
8,-1.4,0.3127054108216433,1.1418535229381852,-0.14468965020881433
8,-1.4,0.3170741482965932,1.1393257132122663,-0.1431932962727345
8,-1.4,0.3214428857715431,1.1368214007353454,-0.14170789250127033
8,-1.4,0.325811623246493,1.1343403941806203,-0.14023336992243166
8,-1.4,0.3301803607214429,1.1318825039210973,-0.13876966009600586
8,-1.4,0.3345490981963928,1.1294475420129824,-0.13731669510919606
8,-1.4,0.3389178356713427,1.1270353221792224,-0.13587440757229335
8,-1.4,0.34328657314629263,1.1246456597932186,-0.13444273061438833
8,-1.4,0.3476553106212425,1.1222783718626832,-0.13302159787911466
8,-1.4,0.3520240480961924,1.1199332770136607,-0.13161094352043126
8,-1.4,0.3563927855711423,1.117610195474699,-0.13021070219843792
8,-1.4,0.3607615230460922,1.1153089490611732,-0.1288208090752241
8,-1.4,0.3651302605210421,1.113029361159763,-0.12744119981075308
8,-1.4,0.369498997995992,1.1107712567130754,-0.12607181055878006
8,-1.4,0.37386773547094193,1.1085344622044235,-0.12471257796280245
8,-1.4,0.3782364729458918,1.1063188056427427,-0.12336343915204419
8,-1.4,0.3826052104208417,1.1041241165476623,-0.12202433173746992
8,-1.4,0.3869739478957916,1.1019502259347154,-0.12069519380783397
8,-1.4,0.3913426853707415,1.099796966300694,-0.11937596392576046
8,-1.4,0.3957114228456914,1.0976641716091462,-0.11806658112385193
8,-1.4,0.4000801603206413,1.0955516772760163,-0.11676698490083373
8,-1.4,0.40444889779559123,1.093459320155419,-0.1154771152177242
8,-1.4,0.4088176352705411,1.0913869385255568,-0.11419691249403822
8,-1.4,0.413186372745491,1.089334372074773,-0.11292631760401928
8,-1.4,0.4175551102204409,1.08730146188774,-0.11166527187290005
8,-1.4,0.4219238476953908,1.0852880504317794,-0.11041371707319624
8,-1.4,0.4262925851703407,1.083293981543322,-0.10917159542102436
8,-1.4,0.4306613226452906,1.0813191004144953,-0.10793884957244998
8,-1.4,0.4350300601202405,1.0793632535798403,-0.10671542261986518
8,-1.4,0.4393987975951904,1.0774262889031627,-0.10550125808839278
8,-1.4,0.44376753507014033,1.0755080555645091,-0.10429629993231923
8,-1.4,0.4481362725450902,1.0736084040472726,-0.10310049253155208
8,-1.4,0.4525050100200401,1.0717271861254238,-0.10191378068810832
8,-1.4,0.45687374749499,1.0698642548508666,-0.1007361096226273
8,-1.4,0.4612424849699399,1.068019464540918,-0.09956742497090865
8,-1.4,0.4656112224448898,1.0661926707659106,-0.09840767278047995
8,-1.4,0.4699799599198397,1.0643837303369201,-0.09725679950718687
8,-1.4,0.4743486973947896,1.062592501293606,-0.0961147520118112
8,-1.4,0.4787174348697395,1.06081884289218,-0.09498147755671192
8,-1.4,0.4830861723446894,1.0590626155934866,-0.09385692380249525
8,-1.4,0.4874549098196393,1.057323681051205,-0.09274103880470318
8,-1.4,0.4918236472945892,1.0556019021001661,-0.09163377101053369
8,-1.4,0.4961923847695391,1.0538971427447812,-0.09053506925557965
8,-1.4,0.500561122244489,1.052209268147593,-0.0894448827605951
8,-1.4,0.5049298597194388,1.0505381446179305,-0.08836316112828345
8,-1.4,0.5092985971943887,1.048883639600681,-0.0872898543401097
8,-1.4,0.5136673346693387,1.047245621665175,-0.08622491275313686
8,-1.4,0.5180360721442886,1.0456239604941748,-0.08516828709688418
8,-1.4,0.5224048096192385,1.0440185268729774,-0.084119928470209
8,-1.4,0.5267735470941884,1.0424291926786238,-0.08307978833821054
8,-1.4,0.5311422845691383,1.0408558308692148,-0.08204781852915749
8,-1.4,0.5355110220440882,1.0392983154733337,-0.08102397123143598
8,-1.4,0.5398797595190381,1.037756521579573,-0.08000819899052068
8,-1.4,0.544248496993988,1.0362303253261662,-0.07900045470596696
8,-1.4,0.548617234468938,1.0347196038907227,-0.07800069162842489
8,-1.4,0.5529859719438878,1.033224235480064,-0.07700886335667588
8,-1.4,0.5573547094188377,1.0317440993201612,-0.07602492383468774
8,-1.4,0.5617234468937876,1.0302790756461746,-0.07504882734869246
8,-1.4,0.5660921843687375,1.0288290456925904,-0.07408052852428519
8,-1.4,0.5704609218436874,1.027393891683456,-0.07311998232354217
8,-1.4,0.5748296593186373,1.0259734968227168,-0.0721671440421599
8,-1.4,0.5791983967935872,1.024567745284642,-0.0712219693066148
8,-1.4,0.5835671342685371,1.0231765222043547,-0.07028441407134249
8,-1.4,0.587935871743487,1.021799713668451,-0.06935443461593632
8,-1.4,0.5923046092184369,1.0204372067057144,-0.06843198754236707
8,-1.4,0.5966733466933868,1.019088889277925,-0.06751702977221917
8,-1.4,0.6010420841683367,1.0177546502707595,-0.06660951854395114
8,-1.4,0.6054108216432866,1.0164343794847837,-0.0657094114101689
8,-1.4,0.6097795591182364,1.0151279676265312,-0.0648166662349238
8,-1.4,0.6141482965931864,1.013835306299681,-0.06393124119102499
8,-1.4,0.6185170340681363,1.0125562879963141,-0.06305309475737364
8,-1.4,0.6228857715430862,1.0112908060882637,-0.06218218571631419
8,-1.4,0.6272545090180361,1.0100387548185519,-0.061318473151002334
8,-1.4,0.631623246492986,1.0088000292929118,-0.06046191644279507
8,-1.4,0.6359919839679359,1.007574525471395,-0.059612475268654506
8,-1.4,0.6403607214428858,1.0063621401600662,-0.05877010959857281
8,-1.4,0.6447294589178357,1.0051627710027793,-0.05793477969301297
8,-1.4,0.6490981963927855,1.003976316473037,-0.057106446100367504
8,-1.4,0.6534669338677355,1.0028026758659352,-0.056285069654433466
8,-1.4,0.6578356713426854,1.0016417492901875,-0.055470611471909126
8,-1.4,0.6622044088176353,1.000493437660227,-0.0546630329499008
8,-1.4,0.6665731462925852,0.999357642688399,-0.05386229576345326
8,-1.4,0.670941883767535,0.9982342668772184,-0.053068361863092044
8,-1.4,0.675310621242485,0.997123213511719,-0.05228119347238581
8,-1.4,0.6796793587174349,0.9960243866518714,-0.05150075308552291
8,-1.4,0.6840480961923848,0.9949376911250858,-0.05072700346490724
8,-1.4,0.6884168336673347,0.9938630325187844,-0.049959907638766184
8,-1.4,0.6927855711422846,0.9928003171730546,-0.049199428898778874
8,-1.4,0.6971543086172345,0.9917494521733732,-0.04844553079771862
8,-1.4,0.7015230460921844,0.9907103453434104,-0.04769817714711082
8,-1.4,0.7058917835671343,0.989682905237902,-0.046957332014907364
8,-1.4,0.7102605210420841,0.9886670411355972,-0.04622295972317747
8,-1.4,0.7146292585170341,0.9876626630322786,-0.045495024845812915
8,-1.4,0.718997995991984,0.9866696816338543,-0.04477349220624848
8,-1.4,0.7233667334669339,0.9856880083495196,-0.044058326875198554
8,-1.4,0.7277354709418838,0.9847175552849904,-0.04334949416841033
8,-1.4,0.7321042084168337,0.9837582352358046,-0.042646959644427815
8,-1.4,0.7364729458917836,0.9828099616806946,-0.04195068910237654
8,-1.4,0.7408416833667335,0.9818726487750276,-0.041260648579756955
8,-1.4,0.7452104208416834,0.9809462113443109,-0.04057680435025947
8,-1.4,0.7495791583166332,0.9800305648777684,-0.03989912292158781
8,-1.4,0.7539478957915832,0.9791256255219826,-0.03922757103330041
8,-1.4,0.7583166332665331,0.9782313100745976,-0.038562115654666634
8,-1.4,0.762685370741483,0.977347535978096,-0.03790272398253484
8,-1.4,0.7670541082164329,0.9764742213136323,-0.03724936343921719
8,-1.4,0.7714228456913828,0.9756112847949353,-0.036602001670387206
8,-1.4,0.7757915831663327,0.9747586457622718,-0.03596060654299201
8,-1.4,0.7801603206412826,0.9739162241764728,-0.03532514614317894
8,-1.4,0.7845290581162325,0.9730839406130254,-0.034695588774233455
8,-1.4,0.7888977955911824,0.9722617162562198,-0.03407190295453543
8,-1.4,0.7932665330661323,0.9714494728933638,-0.033454057415525554
8,-1.4,0.7976352705410822,0.9706471329090565,-0.03284202109968469
8,-1.4,0.8020040080160321,0.9698546192795159,-0.032235763158532
8,-1.4,0.806372745490982,0.9690718555669758,-0.03163525295062949
8,-1.4,0.8107414829659318,0.9682987659141342,-0.03104046003960516
8,-1.4,0.8151102204408818,0.9675352750386608,-0.03045135419218766
8,-1.4,0.8194789579158317,0.9667813082277664,-0.029867905376252675
8,-1.4,0.8238476953907816,0.9660367913328252,-0.029290083758885376
8,-1.4,0.8282164328657315,0.9653016507640539,-0.028717859704453216
8,-1.4,0.8325851703406814,0.9645758134852509,-0.028151203772693364
8,-1.4,0.8369539078156313,0.9638592070085872,-0.027590086716811773
8,-1.4,0.8413226452905812,0.963151759389453,-0.027034479481595552
8,-1.4,0.8456913827655311,0.9624533992213605,-0.0264843532015386
8,-1.4,0.8500601202404809,0.9617640556309002,-0.025939679198979243
8,-1.4,0.8544288577154309,0.9610836582727477,-0.025400428982250027
8,-1.4,0.8587975951903808,0.9604121373247294,-0.02486657424384074
8,-1.4,0.8631663326653307,0.9597494234829362,-0.0243380868585727
8,-1.4,0.8675350701402806,0.9590954479568904,-0.02381493888178806
8,-1.4,0.8719038076152305,0.9584501424647639,-0.0232971025475469
8,-1.4,0.8762725450901804,0.9578134392286508,-0.022784550266841418
8,-1.4,0.8806412825651303,0.9571852709698839,-0.022277254625818144
8,-1.4,0.8850100200400802,0.9565655709044083,-0.02177518838401502
8,-1.4,0.88937875751503,0.9559542727382004,-0.02127832447260812
8,-1.4,0.89374749498998,0.9553513106627384,-0.020786635992673295
8,-1.4,0.8981162324649299,0.9547566193505198,-0.020300096213456215
8,-1.4,0.9024849699398798,0.9541701339506289,-0.019818678570656244
8,-1.4,0.9068537074148297,0.9535917900843501,-0.019342356664722306
8,-1.4,0.9112224448897795,0.953021523840832,-0.018871104259158923
8,-1.4,0.9155911823647295,0.9524592717727938,-0.018404895278844903
8,-1.4,0.9199599198396794,0.9519049708922843,-0.017943703808363676
8,-1.4,0.9243286573146293,0.9513585586664799,-0.017487504090343626
8,-1.4,0.9286973947895791,0.9508199730135346,-0.017036270523812687
8,-1.4,0.9330661322645291,0.9502891522984721,-0.016589977662560793
8,-1.4,0.937434869739479,0.949766035329123,-0.016148600213516183
8,-1.4,0.9418036072144289,0.9492505613521071,-0.01571211303513209
8,-1.4,0.9461723446893788,0.9487426700488599,-0.015280491135785541
8,-1.4,0.9505410821643286,0.9482423015317021,-0.01485370967218438
8,-1.4,0.9549098196392786,0.9477493963399514,-0.014431743947789873
8,-1.4,0.9592785571142285,0.947263895436081,-0.014014569411245726
8,-1.4,0.9636472945891784,0.9467857402019151,-0.013602161654821693
8,-1.4,0.9680160320641283,0.946314872434871,-0.01319449641286703
8,-1.4,0.9723847695390782,0.9458512343442401,-0.012791549560273185
8,-1.4,0.9767535070140281,0.9453947685475116,-0.012393297110949206
8,-1.4,0.981122244488978,0.9449454180667367,-0.011999715216308814
8,-1.4,0.9854909819639279,0.9445031263249336,-0.011610780163764408
8,-1.4,0.9898597194388777,0.9440678371425313,-0.011226468375236042
8,-1.4,0.9942284569138277,0.943639494733855,-0.010846756405669218
8,-1.4,0.9985971943887776,0.9432180437036516,-0.01047162094156186
8,-1.4,1.0029659318637274,0.9428034290436486,-0.01010103879950524
8,-1.4,1.0073346693386773,0.9423955961291614,-0.009734986924732587
8,-1.4,1.0117034068136272,0.941994490715729,-0.009373442389678747
8,-1.4,1.0160721442885772,0.9416000589357953,-0.009016382392551904
8,-1.4,1.020440881763527,0.9412122472954226,-0.008663784255913614
8,-1.4,1.024809619238477,0.9408310026710459,-0.00831562542527083
8,-1.4,1.029178356713427,0.9404562723062638,-0.007971883467677156
8,-1.4,1.0335470941883769,0.9400880038086636,-0.007632536070345175
8,-1.4,1.0379158316633268,0.9397261451466845,-0.007297561039268871
8,-1.4,1.0422845691382765,0.9393706446465193,-0.0069669362978554495
8,-1.4,1.0466533066132264,0.9390214509890444,-0.006640639885570038
8,-1.4,1.0510220440881763,0.9386785132067936,-0.006318649956586668
8,-1.4,1.0553907815631263,0.9383417806809623,-0.00600094477845214
8,-1.4,1.0597595190380762,0.9380112031384448,-0.00568750273075992
8,-1.4,1.0641282565130261,0.9376867306489108,-0.00537830230383328
8,-1.4,1.068496993987976,0.9373683136219133,-0.00507332209741805
8,-1.4,1.072865731462926,0.9370559028040282,-0.0047725408193870274
8,-1.4,1.0772344689378759,0.9367494492760309,-0.004475937284453606
8,-1.4,1.0816032064128256,0.9364489044501049,-0.004183490412894822
8,-1.4,1.0859719438877755,0.9361542200670819,-0.003895179229284626
8,-1.4,1.0903406813627254,0.9358653481937155,-0.003610982861238722
8,-1.4,1.0947094188376754,0.9355822412199869,-0.0033308805381667152
8,-1.4,1.0990781563126253,0.9353048518564436,-0.0030548515900354306
8,-1.4,1.1034468937875752,0.935033133131567,-0.0027828754461434236
8,-1.4,1.1078156312625251,0.9347670383891751,-0.002514931633901965
8,-1.4,1.112184368737475,0.9345065212858514,-0.0022509997776308504
8,-1.4,1.116553106212425,0.9342515357884096,-0.0019910595973582222
8,-1.4,1.1209218436873747,0.9340020361713853,-0.0017350909076354376
8,-1.4,1.1252905811623246,0.9337579770145603,-0.0014830736163577085
8,-1.4,1.1296593186372745,0.933519313200514,-0.0012349877235976086
8,-1.4,1.1340280561122245,0.9332859999122078,-0.0009908133204459546
8,-1.4,1.1383967935871744,0.9330579926305954,-0.000750530587864523
8,-1.4,1.1427655310621243,0.9328352471322653,-0.0005141197955469877
8,-1.4,1.1471342685370742,0.9326177194871096,-0.0002815613007893357
8,-1.4,1.1515030060120242,0.9324053660560251,-5.283554737187758e-05
8,-1.4,1.155871743486974,0.9321981434886353,0.0001720769355501828
8,-1.4,1.1602404809619238,0.9319960087210506,0.0003931955345475855
8,-1.4,1.1646092184368737,0.9317989189736475,0.0006105395530059508
8,-1.4,1.1689779559118236,0.9316068317488803,0.0008241282122067382
8,-1.4,1.1733466933867736,0.9314197048291175,0.0010339806523976122
8,-1.4,1.1777154308617235,0.9312374962745075,0.0012401159338539525
8,-1.4,1.1820841683366734,0.9310601644208685,0.0014425530379289153
8,-1.4,1.1864529058116233,0.9308876678776066,0.0016413108680969194
8,-1.4,1.1908216432865733,0.9307199655256614,0.0018364082509850948
8,-1.4,1.1951903807615232,0.9305570165154734,0.002027863937394733
8,-1.4,1.1995591182364729,0.9303987802649806,0.0022156966033151345
8,-1.4,1.2039278557114228,0.9302452164576411,0.0023999248509263666
8,-1.4,1.2082965931863727,0.9300962850404778,0.0025805672095932848
8,-1.4,1.2126653306613226,0.9299519462221506,0.002757642136847854
8,-1.4,1.2170340681362726,0.9298121604710538,0.002931168019365647
8,-1.4,1.2214028056112225,0.9296768885134346,0.0031011631739285093
8,-1.4,1.2257715430861724,0.9295460913315409,0.0032676458483805637
8,-1.4,1.2301402805611223,0.929419730161789,0.0034306342225730977
8,-1.4,1.2345090180360723,0.9292977664929577,0.0035901464093003764
8,-1.4,1.238877755511022,0.9291801620644039,0.0037462004552265477
8,-1.4,1.243246492985972,0.9290668788643037,0.0038988143417990327
8,-1.4,1.2476152304609218,0.9289578791279156,0.004048005986160066
8,-1.4,1.2519839679358717,0.9288531253358675,0.004193793242039443
8,-1.4,1.2563527054108217,0.9287525802124632,0.004336193900644395
8,-1.4,1.2607214428857716,0.928656206724016,0.004475225691535793
8,-1.4,1.2650901803607215,0.9285639680772028,0.004610906283498708
8,-1.4,1.2694589178356714,0.9284758277174373,0.00474325328539817
8,-1.4,1.2738276553106214,0.92839174932727,0.00487228424702875
8,-1.4,1.278196392785571,0.928311696824806,0.0049980166599552485
8,-1.4,1.282565130260521,0.928235634362146,0.005120467958339099
8,-1.4,1.286933867735471,0.928163526323847,0.005239655519761049
8,-1.4,1.2913026052104208,0.9280953373254068,0.005355596666029386
8,-1.4,1.2956713426853708,0.9280310322117649,0.00546830866398033
8,-1.4,1.3000400801603207,0.9279705760558263,0.00557780872626852
8,-1.4,1.3044088176352706,0.9279139341570094,0.005684114012149531
8,-1.4,1.3087775551102205,0.9278610720398046,0.0057872416282473485
8,-1.4,1.3131462925851705,0.927811955452362,0.0058872086293194495
8,-1.4,1.3175150300601204,0.927766550365092,0.005984032019005853
8,-1.4,1.32188376753507,0.927724822969292,0.006077728750571592
8,-1.4,1.32625250501002,0.9276867396757852,0.006168315727638897
8,-1.4,1.33062124248497,0.9276522671135835,0.006255809804909273
8,-1.4,1.3349899799599199,0.9276213721285658,0.006340227788875052
8,-1.4,1.3393587174348698,0.9275940217821798,0.006421586438523244
8,-1.4,1.3437274549098197,0.9275701833501553,0.006499902466027185
8,-1.4,1.3480961923847696,0.9275498243212403,0.006575192537429522
8,-1.4,1.3524649298597196,0.927532912395955,0.006647473273315748
8,-1.4,1.3568336673346695,0.927519415485362,0.006716761249476478
8,-1.4,1.3612024048096192,0.9275093017098539,0.006783072997561724
8,-1.4,1.365571142284569,0.9275025393979598,0.006846425005722935
8,-1.4,1.369939879759519,0.9274990970851674,0.006906833719247742
8,-1.4,1.374308617234469,0.9274989435127621,0.006964315541182836
8,-1.4,1.3786773547094189,0.927502047626686,0.007018886832947314
8,-1.4,1.3830460921843688,0.9275083785764061,0.007070563914937006
8,-1.4,1.3874148296593187,0.9275179057138077,0.007119363067117499
8,-1.4,1.3917835671342687,0.9275305985920972,0.007165300529608622
8,-1.4,1.3961523046092186,0.9275464269647247,0.007208392503258124
8,-1.4,1.4005210420841683,0.9275653607843196,0.007248655150204421
8,-1.4,1.4048897795591182,0.9275873702016426,0.007286104594432217
8,-1.4,1.4092585170340681,0.927612425564555,0.007320756922314619
8,-1.4,1.413627254509018,0.9276404974169999,0.007352628183148213
8,-1.4,1.417995991983968,0.9276715564979992,0.007381734389676398
8,-1.4,1.422364729458918,0.9277055737406678,0.0074080915186028225
8,-1.4,1.4267334669338678,0.9277425202712383,0.007431715511095609
8,-1.4,1.4311022044088177,0.927782367408103,0.00745262227328092
8,-1.4,1.4354709418837677,0.9278250866608684,0.007470827676726574
8,-1.4,1.4398396793587174,0.9278706497294233,0.0074863475589156655
8,-1.4,1.4442084168336673,0.9279190285030235,0.0074991977237098125
8,-1.4,1.4485771543086172,0.9279701950593859,0.007509393941803031
8,-1.4,1.4529458917835671,0.9280241216637966,0.007516951951164938
8,-1.4,1.457314629258517,0.9280807807682374,0.0075218874574741025
8,-1.4,1.461683366733467,0.9281401450105157,0.007524216134540891
8,-1.4,1.466052104208417,0.9282021872134164,0.007523953624720933
8,-1.4,1.4704208416833668,0.9282668803838602,0.0075211155393181735
8,-1.4,1.4747895791583168,0.9283341977120755,0.00751571745897741
8,-1.4,1.4791583166332665,0.9284041125707857,0.007507774934068212
8,-1.4,1.4835270541082164,0.9284765985144015,0.007497303485055398
8,-1.4,1.4878957915831663,0.928551629278233,0.007484318602864291
8,-1.4,1.4922645290581162,0.9286291787777066,0.007468835749232134
8,-1.4,1.4966332665330662,0.928709221107596,0.007450870357049596
8,-1.4,1.501002004008016,0.9287917305412661,0.007430437830694895
8,-1.4,1.505370741482966,0.9288766815299228,0.0074075535463547625
8,-1.4,1.509739478957916,0.9289640487018782,0.0073822328523367375
8,-1.4,1.5141082164328659,0.9290538068618234,0.007354491069372591
8,-1.4,1.5184769539078156,0.9291459309901137,0.0073243434909085765
8,-1.4,1.5228456913827655,0.9292403962420609,0.007291805383388935
8,-1.4,1.5272144288577154,0.9293371779472387,0.007256891986526834
8,-1.4,1.5315831663326653,0.9294362516087967,0.007219618513566555
8,-1.4,1.5359519038076153,0.929537592902781,0.007180000151535742
8,-1.4,1.5403206412825652,0.92964117767747,0.007138052061486941
8,-1.4,1.544689378757515,0.9297469819527119,0.0070937893787299325
8,-1.4,1.549058116232465,0.9298549819192787,0.00704722721305174
8,-1.4,1.553426853707415,0.9299651539382224,0.006998380648932388
8,-1.4,1.5577955911823649,0.9300774745402441,0.006947264745743167
8,-1.4,1.5621643286573146,0.9301919204250673,0.006893894537940431
8,-1.4,1.5665330661322645,0.930308468460826,0.006838285035247117
8,-1.4,1.5709018036072144,0.930427095683451,0.006780451222825914
8,-1.4,1.5752705410821644,0.9305477792960726,0.0067204080614409545
8,-1.4,1.5796392785571143,0.9306704966684265,0.00665817048761088
8,-1.4,1.5840080160320642,0.9307952253362679,0.006593753413750301
8,-1.4,1.5883767535070141,0.9309219430007928,0.006527171728305377
8,-1.4,1.592745490981964,0.931050627528065,0.006458440295874304
8,-1.4,1.597114228456914,0.9311812569484531,0.006387573957323605
8,-1.4,1.6014829659318637,0.9313138094560681,0.0063145875298884265
8,-1.4,1.6058517034068136,0.9314482634082154,0.0062394958072712475
8,-1.4,1.6102204408817635,0.9315845973248439,0.006162313559723162
8,-1.4,1.6145891783567135,0.9317227898880103,0.006083055534119719
8,-1.4,1.6189579158316634,0.9318628199413398,0.0060017364540269885
8,-1.4,1.6233266533066133,0.9320046664895004,0.005918371019757598
8,-1.4,1.6276953907815632,0.9321483086976782,0.0058329739084184255
8,-1.4,1.6320641282565131,0.932293725891057,0.00574555977394371
8,-1.4,1.636432865731463,0.9324408975543074,0.005656143247128451
8,-1.4,1.6408016032064128,0.9325898033310758,0.005564738935643536
8,-1.4,1.6451703406813627,0.9327404230234811,0.005471361424046122
8,-1.4,1.6495390781563126,0.9328927365916148,0.005376025273779643
8,-1.4,1.6539078156312625,0.9330467241530455,0.005278745023164938
8,-1.4,1.6582765531062125,0.933202365982325,0.0051795351873835105
8,-1.4,1.6626452905811624,0.9333596425105045,0.00507841025844697
8,-1.4,1.6670140280561123,0.9335185343246467,0.004975384705165403
8,-1.4,1.6713827655310622,0.9336790221673471,0.0048704729730997985
8,-1.4,1.6757515030060122,0.9338410869362564,0.004763689484508481
8,-1.4,1.6801202404809619,0.9340047096836057,0.004655048638286759
8,-1.4,1.6844889779559118,0.9341698716157343,0.0045445648098928
8,-1.4,1.6888577154308617,0.9343365540926238,0.004432252351270179
8,-1.4,1.6932264529058116,0.9345047386274294,0.004318125590758716
8,-1.4,1.6975951903807616,0.9346744068860174,0.004202198832998062
8,-1.4,1.7019639278557115,0.9348455406865025,0.00408448635882209
8,-1.4,1.7063326653306614,0.935018121998791,0.003965002425145634
8,-1.4,1.7107014028056113,0.9351921329441197,0.0038437612648438762
8,-1.4,1.7150701402805613,0.9353675557946032,0.0037207770866206267
8,-1.4,1.719438877755511,0.9355443729727778,0.003596064074872489
8,-1.4,1.7238076152304609,0.9357225670511489,0.0034696363895410413
8,-1.4,1.7281763527054108,0.9359021207517391,0.003341508165960833
8,-1.4,1.7325450901803607,0.9360830169456372,0.0032116935146974637
8,-1.4,1.7369138276553107,0.9362652386525501,0.0030802065213782893
8,-1.4,1.7412825651302606,0.9364487690403499,0.002947061246515155
8,-1.4,1.7456513026052105,0.9366335914246275,0.00281227172532091
8,-1.4,1.7500200400801604,0.9368196892682452,0.00267585196751714
8,-1.4,1.7543887775551104,0.9370070461808866,0.00253781595713674
8,-1.4,1.75875751503006,0.9371956459186087,0.0023981776523148116
8,-1.4,1.76312625250501,0.9373854723833955,0.002256950985078948
8,-1.4,1.76749498997996,0.9375765096227059,0.0021141498611267316
8,-1.4,1.7718637274549098,0.9377687418290295,0.0019697881595990055
8,-1.4,1.7762324649298598,0.9379621533394339,0.0018238797328469726
8,-1.4,1.7806012024048097,0.9381567286351135,0.0016764384061908383
8,-1.4,1.7849699398797596,0.9383524523409436,0.0015274779776736028
8,-1.4,1.7893386773547095,0.9385493092250234,0.0013770122178063397
8,-1.4,1.7937074148296595,0.9387472841982242,0.0012250548693103843
8,-1.4,1.7980761523046092,0.938946362313737,0.0010716196468499686
8,-1.4,1.802444889779559,0.9391465287666145,0.0009167202367613299
8,-1.4,1.806813627254509,0.9393477688933148,0.0007603702967749292
8,-1.4,1.811182364729459,0.9395500681712412,0.0006025834557305169
8,-1.4,1.8155511022044089,0.9397534122182835,0.0004433733132896371
8,-1.4,1.8199198396793588,0.9399577867923542,0.00028275343963914264
8,-1.4,1.8242885771543087,0.9401631777909223,0.00012073737519317681
8,-1.4,1.8286573146292586,0.9403695712505487,-4.266136971476212e-05
8,-1.4,1.8330260521042085,0.9405769533464162,-0.0002074293151400093
8,-1.4,1.8373947895791582,0.9407853103918572,-0.0003735530118444935
8,-1.4,1.8417635270541082,0.9409946288378802,-0.0005410190416161321
8,-1.4,1.846132264529058,0.9412048952726921,-0.0007098140175938476
8,-1.4,1.850501002004008,0.9414160964212203,-0.0008799245845973244
8,-1.4,1.854869739478958,0.9416282191446294,-0.001051337419461736
8,-1.4,1.8592384769539079,0.941841250439835,-0.0012240392313769273
8,-1.4,1.8636072144288578,0.9420551774390175,-0.0013980167622274873
8,-1.4,1.8679759519038077,0.9422699874091277,-0.0015732567869418174
8,-1.4,1.8723446893787576,0.942485667751395,-0.0017497461138429363
8,-1.4,1.8767134268537076,0.9427022060008267,-0.0019274715850004086
8,-1.4,1.8810821643286573,0.9429195898257096,-0.0021064200765900944
8,-1.4,1.8854509018036072,0.9431378070271009,-0.0022865784992548953
8,-1.4,1.8898196392785571,0.9433568455383236,-0.002467933798468922
8,-1.4,1.894188376753507,0.9435766934244507,-0.0026504729549060363
8,-1.4,1.898557114228457,0.9437973388817927,-0.002834182984808712
8,-1.4,1.902925851703407,0.9440187702373745,-0.003019050940363191
8,-1.4,1.9072945891783568,0.9442409759484139,-0.003205063910075094
8,-1.4,1.9116633266533067,0.9444639446017931,-0.0033922090191469264
8,-1.4,1.9160320641282567,0.9446876649135265,-0.003580473429860597
8,-1.4,1.9204008016032064,0.9449121257282256,-0.0037698443419589573
8,-1.4,1.9247695390781563,0.9451373160185597,-0.003960308993032253
8,-1.4,1.9291382765531062,0.9453632248847103,-0.004151854658904817
8,-1.4,1.9335070140280561,0.9455898415538235,-0.0043444686540224575
8,-1.4,1.937875751503006,0.9458171553794569,-0.0045381383318445325
8,-1.4,1.942244488977956,0.9460451558410238,-0.004732851085234896
8,-1.4,1.946613226452906,0.9462738325432297,-0.0049285943468545595
8,-1.4,1.9509819639278558,0.9465031752155102,-0.005125355589556242
8,-1.4,1.9553507014028058,0.9467331737114547,-0.005323122326779503
8,-1.4,1.9597194388777555,0.9469638180082391,-0.005521882112944675
8,-1.4,1.9640881763527054,0.9471950982060403,-0.0057216225438524206
8,-1.4,1.9684569138276553,0.9474270045274552,-0.005922331257077854
8,-1.4,1.9728256513026052,0.9476595273169128,-0.006123995932367935
8,-1.4,1.9771943887775552,0.9478926570400796,-0.0063266042920405545
8,-1.4,1.981563126252505,0.9481263842832641,-0.006530144101379887
8,-1.4,1.985931863727455,0.9483606997528119,-0.006734603169033706
8,-1.4,1.990300601202405,0.9485955942745021,-0.006939969347411527
8,-1.4,1.9946693386773549,0.9488310587929334,-0.0071462305330785075
8,-1.4,1.9990380761523046,0.9490670843709089,-0.007353374667154074
8,-1.4,2.0034068136272545,0.949303662188817,-0.007561389735703293
8,-1.4,2.0077755511022044,0.9495407835440022,-0.007770263770134372
8,-1.4,2.0121442885771543,0.9497784398501408,-0.00797998484758747
8,-1.4,2.0165130260521043,0.950016622636601,-0.008190541091330557
8,-1.4,2.020881763527054,0.9502553235478075,-0.008401920671145797
8,-1.4,2.025250501002004,0.9504945343425959,-0.008614111803720015
8,-1.4,2.029619238476954,0.9507342468935666,-0.008827102753031937
8,-1.4,2.033987975951904,0.9509744531864275,-0.009040881830735367
8,-1.4,2.038356713426854,0.9512151453193437,-0.00925543739654458
8,-1.4,2.042725450901804,0.9514563155022686,-0.009470757858612813
8,-1.4,2.0470941883767537,0.9516979560562836,-0.009686831673912445
8,-1.4,2.0514629258517036,0.9519400594129235,-0.009903647348611133
8,-1.4,2.0558316633266536,0.9521826181135034,-0.01012119343844493
8,-1.4,2.060200400801603,0.9524256248084384,-0.010339458549088873
8,-1.4,2.064569138276553,0.9526690722565613,-0.010558431336525918
8,-1.4,2.068937875751503,0.9529129533244344,-0.010778100507410942
8,-1.4,2.073306613226453,0.9531572609856557,-0.010998454819433788
8,-1.4,2.0776753507014027,0.9534019883201653,-0.01121948308167743
8,-1.4,2.0820440881763527,0.9536471285135423,-0.011441174154972889
8,-1.4,2.0864128256513026,0.953892674856304,-0.011663516952251998
8,-1.4,2.0907815631262525,0.9541386207431947,-0.011886500438893919
8,-1.4,2.0951503006012024,0.9543849596724734,-0.012110113633072005
8,-1.4,2.0995190380761524,0.954631685245201,-0.012334345606091496
8,-1.4,2.1038877755511023,0.9548787911645158,-0.012559185482727967
8,-1.4,2.108256513026052,0.9551262712349136,-0.012784622441559002
8,-1.4,2.112625250501002,0.9553741193615192,-0.013010645715292046
8,-1.4,2.116993987975952,0.955622329549356,-0.01323724459108837
8,-1.4,2.121362725450902,0.9558708959026085,-0.013464408410882686
8,-1.4,2.125731462925852,0.9561198126238921,-0.01369212657169683
8,-1.4,2.130100200400802,0.9563690740135031,-0.013920388525950542
8,-1.4,2.1344689378757518,0.9566186744686814,-0.014149183781765757
8,-1.4,2.1388376753507012,0.9568686084828597,-0.014378501903267952
8,-1.4,2.143206412825651,0.9571188706449127,-0.014608332510880702
8,-1.4,2.147575150300601,0.9573694556384068,-0.014838665281615319
8,-1.4,2.151943887775551,0.9576203582408399,-0.01506948994935674
8,-1.4,2.156312625250501,0.9578715733228841,-0.01530079630514227
8,-1.4,2.160681362725451,0.9581230958476233,-0.015532574197435901
8,-1.4,2.165050100200401,0.9583749208697893,-0.01576481353239761
8,-1.4,2.1694188376753507,0.9586270435349947,-0.015997504274144776
8,-1.4,2.1737875751503006,0.9588794590789618,-0.01623063644501251
8,-1.4,2.1781563126252506,0.959132162826754,-0.016464200125803005
8,-1.4,2.1825250501002005,0.9593851501919975,-0.016698185456032275
8,-1.4,2.1868937875751504,0.9596384166761104,-0.016932582634169493
8,-1.4,2.1912625250501003,0.9598919578675184,-0.017167381917872166
8,-1.4,2.1956312625250503,0.9601457694408813,-0.017402573624214376
8,-1.4,2.2,0.9603998471563058,-0.017638148129906245
