curve_index,ki,kr,omega_r,omega_i
1,0.0,0.02,0.01970461707721599,-0.00226730772030185
1,0.0,0.0243687374749499,0.02393169327835136,-0.0030372100064345975
1,0.0,0.0287374749498998,0.02813172650977758,-0.0038740010009827137
1,0.0,0.0331062124248497,0.03230499245073427,-0.004771054091995332
1,0.0,0.0374749498997996,0.03645176420600815,-0.005723038764708431
1,0.0,0.0418436873747495,0.04057231232909804,-0.006725533553815821
1,0.0,0.046212424849699396,0.044666904845173966,-0.007774785191884136
1,0.0,0.0505811623246493,0.04873580727383395,-0.00886754957525425
1,0.0,0.0549498997995992,0.05277928265165833,-0.010000981815860004
1,0.0,0.0593186372745491,0.056797591554566325,-0.01117255738540449
1,0.0,0.063687374749499,0.06079099211997325,-0.012380013833030253
1,0.0,0.0680561122244489,0.06475974006875239,-0.01362130661442705
1,0.0,0.0724248496993988,0.06870408872700264,-0.014894574896267599
1,0.0,0.0767935871743487,0.0726242890476236,-0.01619811459521446
1,0.0,0.0811623246492986,0.07652058963169862,-0.017530356780987497
1,0.0,0.0855310621242485,0.08039323674969086,-0.018889850134058177
1,0.0,0.0898997995991984,0.0842424743624486,-0.02027524652041147
1,0.0,0.0942685370741483,0.08806854414202855,-0.021685288998864898
1,0.0,0.0986372745490982,0.09187168549233081,-0.023118801752279875
1,0.0,0.1030060120240481,0.09565213556955457,-0.024574681559000496
1,0.0,0.107374749498998,0.09941012930246945,-0.026051890510554936
1,0.0,0.1117434869739479,0.103145899412511,-0.02754944974795738
1,0.0,0.11611222444889781,0.10685967643369475,-0.029066434038020623
1,0.0,0.1204809619238477,0.1105516887323569,-0.030601967048087327
1,0.0,0.1248496993987976,0.11422216252671752,-0.03215521720590942
1,0.0,0.12921843687374748,0.11787132190627256,-0.03372539405323747
1,0.0,0.13358717434869738,0.1214993888510128,-0.035311745018623664
1,0.0,0.1379559118236473,0.12510658325047358,-0.0369135525483364
1,0.0,0.1423246492985972,0.12869312292261473,-0.03853013154494978
1,0.0,0.1466933867735471,0.1322592236325335,-0.04016082707162013
1,0.0,0.151062124248497,0.13580509911101327,-0.041805012286892713
1,0.0,0.1554308617234469,0.13933096107290485,-0.04346208658052012
1,0.0,0.15979959919839679,0.14283701923534706,-0.04513147388522672
1,0.0,0.16416833667334668,0.1463234813358261,-0.04681262114315576
1,0.0,0.16853707414829658,0.1497905531500732,-0.048504996908847194
1,0.0,0.17290581162324647,0.15323843850980504,-0.050208090073037094
1,0.0,0.17727454909819637,0.15666733932030574,-0.051921408693937354
1,0.0,0.1816432865731463,0.16007745557785433,-0.05364447892423468
1,0.0,0.1860120240480962,0.1634689853869963,-0.05537684402374014
1,0.0,0.1903807615230461,0.16684212497766338,-0.057118063448829845
1,0.0,0.19474949899799598,0.17019706872213983,-0.058867712010968895
1,0.0,0.19911823647294588,0.17353400915188055,-0.060625379097487164
1,0.0,0.20348697394789578,0.17685313697417707,-0.062390667948670375
1,0.0,0.20785571142284567,0.18015464108867857,-0.06416319498587028
1,0.0,0.2122244488977956,0.18343870860376474,-0.06594258918591164
1,0.0,0.2165931863727455,0.1867055248527735,-0.06772849149771519
1,0.0,0.2209619238476954,0.189955273410085,-0.06952055429734853
1,0.0,0.2253306613226453,0.1931881361070635,-0.0713184408782556
1,0.0,0.22969939879759518,0.19640429304785606,-0.07312182497367724
1,0.0,0.23406813627254508,0.19960392262505333,-0.07493039030859647
1,0.0,0.23843687374749498,0.20278720153520888,-0.0767438301788467
1,0.0,0.24280561122244487,0.2059543047942227,-0.07856184705520178
1,0.0,0.24717434869739477,0.20910540575258793,-0.08038415221051551
1,0.0,0.2515430861723447,0.21224067611050032,-0.08221046536815597
1,0.0,0.2559118236472946,0.2153602859328364,-0.08404051437012373
1,0.0,0.2602805611222445,0.21846440366399633,-0.08587403486342209
1,0.0,0.2646492985971944,0.2215531961426158,-0.08771077000335156
1,0.0,0.2690180360721443,0.22462682861614777,-0.0895504701725211
1,0.0,0.27338677354709423,0.22768546475531373,-0.09139289271450819
1,0.0,0.2777555110220441,0.23072926666842733,-0.09323780168112272
1,0.0,0.282124248496994,0.23375839491559033,-0.09508496759239649
1,0.0,0.2864929859719439,0.23677300852276215,-0.09693416720843018
1,0.0,0.2908617234468938,0.23977326499570575,-0.09878518331233613
1,0.0,0.2952304609218437,0.24275932033380757,-0.10063780450356483
1,0.0,0.2995991983967936,0.24573132904377668,-0.10249182500095903
1,0.0,0.30396793587174353,0.24868944415322028,-0.10434704445492891
1,0.0,0.3083366733466934,0.2516338172241002,-0.10620326776819758
1,0.0,0.3127054108216433,0.2545645983660688,-0.1080603049245965
1,0.0,0.3170741482965932,0.25748193624968596,-0.10991797082543067
1,0.0,0.3214428857715431,0.2603859781195201,-0.11177608513298133
1,0.0,0.325811623246493,0.2632768698071308,-0.1136344721207279
1,0.0,0.3301803607214429,0.26615475574393715,-0.1154929605299097
1,0.0,0.3345490981963928,0.26901977897397206,-0.11735138343207431
1,0.0,0.3389178356713427,0.27187208116652073,-0.11920957809728588
1,0.0,0.34328657314629263,0.2747118026286503,-0.12106738586767818
1,0.0,0.3476553106212425,0.2775390823176249,-0.12292465203607789
1,0.0,0.3520240480961924,0.2803540578532114,-0.12478122572941826
1,0.0,0.3563927855711423,0.28315686552987634,-0.1266369597967019
1,0.0,0.3607615230460922,0.2859476403288731,-0.1284917107012768
1,0.0,0.3651302605210421,0.28872651593022197,-0.13034533841720483
1,0.0,0.369498997995992,0.29149362472458423,-0.13219770632951922
1,0.0,0.37386773547094193,0.2942490978250294,-0.1340486811381835
1,0.0,0.3782364729458918,0.29699306507869794,-0.1358981327655626
1,0.0,0.3826052104208417,0.2997256550783612,-0.13774593426724238
1,0.0,0.3869739478957916,0.30244699517387746,-0.1395919617460403
1,0.0,0.3913426853707415,0.30515721148354524,-0.1414360942690531
1,0.0,0.3957114228456914,0.3078564289053572,-0.1432782137876017
1,0.0,0.4000801603206413,0.31054477112815304,-0.14511820505994255
1,0.0,0.40444889779559123,0.3132223606426721,-0.14695595557661797
1,0.0,0.4088176352705411,0.3158893187525088,-0.14879135548832778
1,0.0,0.413186372745491,0.3185457655849704,-0.15062429753621362
1,0.0,0.4175551102204409,0.3211918201018364,-0.1524546769844465
1,0.0,0.4219238476953908,0.3238276001100244,-0.15428239155501638
1,0.0,0.4262925851703407,0.32645322227215884,-0.15610734136464172
1,0.0,0.4306613226452906,0.3290688021170466,-0.15792942886369316
1,0.0,0.4350300601202405,0.33167445405005924,-0.15974855877705535
1,0.0,0.4393987975951904,0.33427029136342223,-0.1615646380468534
1,0.0,0.44376753507014033,0.33685642624641193,-0.16337757577694997
1,0.0,0.4481362725450902,0.3394329697954631,-0.16518728317916348
1,0.0,0.4525050100200401,0.3420000320241853,-0.16699367352111744
1,0.0,0.45687374749499,0.34455772187328926,-0.1687966620756725
1,0.0,0.4612424849699399,0.3471061472204266,-0.17059616607187245
1,0.0,0.4656112224448898,0.3496454148899398,-0.1723921046473413
1,0.0,0.4699799599198397,0.35217563066252594,-0.17418439880208628
1,0.0,0.4743486973947896,0.35469689928481485,-0.17597297135364517
1,0.0,0.4787174348697395,0.35720932447886045,-0.17775774689352897
1,0.0,0.4830861723446894,0.35971300895154873,-0.17953865174491193
1,0.0,0.4874549098196393,0.3622080544039204,-0.1813156139215258
1,0.0,0.4918236472945892,0.364694561540411,-0.18308856308771376
1,0.0,0.4961923847695391,0.367172630078009,-0.18485743051959203
1,0.0,0.500561122244489,0.3696423587553311,-0.18662214906729588
1,0.0,0.5049298597194388,0.3721038453416164,-0.18838265311826338
1,0.0,0.5092985971943887,0.3745571866456419,-0.19013887856151437
1,0.0,0.5136673346693387,0.3770024785245565,-0.19189076275290015
1,0.0,0.5180360721442886,0.37943981589263615,-0.19363824448128783
1,0.0,0.5224048096192385,0.3818692927299624,-0.19538126393564123
1,0.0,0.5267735470941884,0.3842910020910217,-0.1971197626729774
1,0.0,0.5311422845691383,0.38670503611322826,-0.19885368358716016
1,0.0,0.5355110220440882,0.3891114860253716,-0.2005829708785097
1,0.0,0.5398797595190381,0.39151044215598707,-0.20230757002419789
1,0.0,0.544248496993988,0.3939019939416527,-0.20402742774940433
1,0.0,0.548617234468938,0.3962862299352114,-0.20574249199920688
1,0.0,0.5529859719438878,0.3986632378139197,-0.2074527119111867
1,0.0,0.5573547094188377,0.4010331043875233,-0.20915803778872297
1,0.0,0.5617234468937876,0.40339591560626115,-0.21085842107495067
1,0.0,0.5660921843687375,0.4057517565687967,-0.21255381432737203
1,0.0,0.5704609218436874,0.4081007115300793,-0.21424417119308825
1,0.0,0.5748296593186373,0.4104428639091349,-0.2159294463846404
1,0.0,0.5791983967935872,0.41277829629678625,-0.2176095956564418
1,0.0,0.5835671342685371,0.41510709046330524,-0.21928457578177507
1,0.0,0.587935871743487,0.417429327365996,-0.2209543445303464
1,0.0,0.5923046092184369,0.41974508715670994,-0.2226188606463758
1,0.0,0.5966733466933868,0.42205444918929436,-0.22427808382720651
1,0.0,0.6010420841683367,0.4243574920269726,-0.22593197470242296
1,0.0,0.6054108216432866,0.4266542934496603,-0.22758049481345294
1,0.0,0.6097795591182364,0.4289449304612146,-0.22922360659365332
1,0.0,0.6141482965931864,0.43122947929661876,-0.2308612733488521
1,0.0,0.6185170340681363,0.4335080154291021,-0.2324934592383423
1,0.0,0.6228857715430862,0.43578061357719716,-0.23412012925631176
1,0.0,0.6272545090180361,0.43804734771173226,-0.23574124921369558
1,0.0,0.631623246492986,0.44030829106276176,-0.23735678572044305
1,0.0,0.6359919839679359,0.44256351612643585,-0.23896670616817955
1,0.0,0.6403607214428858,0.44481309467180513,-0.24057097871326485
1,0.0,0.6447294589178357,0.4470570977475679,-0.2421695722602239
1,0.0,0.6490981963927855,0.4492955956887543,-0.24376245644554875
1,0.0,0.6534669338677355,0.4515286581233527,-0.24534960162185745
1,0.0,0.6578356713426854,0.4537563539788737,-0.24693097884240098
1,0.0,0.6622044088176353,0.45597875148885864,-0.24850655984591066
1,0.0,0.6665731462925852,0.4581959181993268,-0.25007631704177385
1,0.0,0.670941883767535,0.4604079209751665,-0.25164022349553006
1,0.0,0.675310621242485,0.4626148260064678,-0.2531982529146833
1,0.0,0.6796793587174349,0.46481669881479937,-0.25475037963481345
1,0.0,0.6840480961923848,0.4670136042594277,-0.2562965786059896
1,0.0,0.6884168336673347,0.46920560654348115,-0.2578368253794677
1,0.0,0.6927855711422846,0.47139276922005907,-0.2593710960946713
1,0.0,0.6971543086172345,0.4735751551982855,-0.26089936746644665
1,0.0,0.7015230460921844,0.475752826749308,-0.26242161677258374
1,0.0,0.7058917835671343,0.4779258455122432,-0.26393782184159836
1,0.0,0.7102605210420841,0.4800942725000692,-0.2654479610407679
1,0.0,0.7146292585170341,0.4822581681054641,-0.26695201326441304
1,0.0,0.718997995991984,0.4844175921065928,-0.2684499579224222
1,0.0,0.7233667334669339,0.4865726036728413,-0.2699417749290098
1,0.0,0.7277354709418838,0.4887232613704994,-0.27142744469170427
1,0.0,0.7321042084168337,0.49086962316839294,-0.27290694810056004
1,0.0,0.7364729458917836,0.4930117464434644,-0.2743802665175868
1,0.0,0.7408416833667335,0.4951496879863041,-0.27584738176639095
1,0.0,0.7452104208416834,0.49728350400663107,-0.2773082761220267
1,0.0,0.7495791583166332,0.49941325013872445,-0.2787629323010478
1,0.0,0.7539478957915832,0.5015389814468073,-0.28021133345175825
1,0.0,0.7583166332665331,0.50366075243038,-0.28165346314465395
1,0.0,0.762685370741483,0.5057786170295068,-0.28308930536305577
1,0.0,0.7670541082164329,0.5078926286300551,-0.28451884449392245
1,0.0,0.7714228456913828,0.5100028400688861,-0.28594206531884775
1,0.0,0.7757915831663327,0.5121093036390002,-0.28735895300522785
1,0.0,0.7801603206412826,0.5142120710946348,-0.28876949309760414
1,0.0,0.7845290581162325,0.5163111936563174,-0.2901736715091699
1,0.0,0.7888977955911824,0.5184067220158717,-0.2915714745134422
1,0.0,0.7932665330661323,0.52049870634138,-0.2929628887360925
1,0.0,0.7976352705410822,0.5225871962820997,-0.2943479011469329
1,0.0,0.8020040080160321,0.5246722409733366,-0.29572649905205417
1,0.0,0.806372745490982,0.5267538890412723,-0.29709867008611446
1,0.0,0.8107414829659318,0.5288321886077507,-0.2984644022047701
1,0.0,0.8151102204408818,0.5309071872950193,-0.2998236836772506
1,0.0,0.8194789579158317,0.532978932230428,-0.3011765030790714
1,0.0,0.8238476953907816,0.535047470051087,-0.30252284928488243
1,0.0,0.8282164328657315,0.5371128469084797,-0.3038627114614496
1,0.0,0.8325851703406814,0.5391751084730375,-0.30519607906076457
1,0.0,0.8369539078156313,0.5412342999386702,-0.3065229418132827
1,0.0,0.8413226452905812,0.5432904660272575,-0.3078432897212829
1,0.0,0.8456913827655311,0.5453436509930989,-0.30915711305235
1,0.0,0.8500601202404809,0.5473938986273237,-0.31046440233297445
1,0.0,0.8544288577154309,0.5494412522622614,-0.31176514834226865
1,0.0,0.8587975951903808,0.5514857547757717,-0.3130593421057954
1,0.0,0.8631663326653307,0.5535274485955367,-0.3143469748895068
1,0.0,0.8675350701402806,0.5555663757033131,-0.315628038193792
1,0.0,0.8719038076152305,0.5576025776391466,-0.3169025237476309
1,0.0,0.8762725450901804,0.5596360955055479,-0.31817042350285
1,0.0,0.8806412825651303,0.561666969971631,-0.3194317296284808
1,0.0,0.8850100200400802,0.5636952412772139,-0.3206864345052163
1,0.0,0.88937875751503,0.565720949236883,-0.3219345307199635
1,0.0,0.89374749498998,0.5677441332440192,-0.32317601106049315
1,0.0,0.8981162324649299,0.5697648322747885,-0.32441086851017975
1,0.0,0.9024849699398798,0.5717830848920972,-0.3256390962428316
1,0.0,0.9068537074148297,0.5737989292495094,-0.32686068761761256
1,0.0,0.9112224448897795,0.5758124030951305,-0.32807563617404745
1,0.0,0.9155911823647295,0.5778235437754552,-0.3292839356271128
1,0.0,0.9199599198396794,0.5798323882391803,-0.3304855798624122
1,0.0,0.9243286573146293,0.5818389730409828,-0.33168056293143117
1,0.0,0.9286973947895791,0.5838433343452645,-0.33286887904687135
1,0.0,0.9330661322645291,0.5858455079298626,-0.3340505225780633
1,0.0,0.937434869739479,0.587845529189725,-0.33522548804645536
1,0.0,0.9418036072144289,0.5898434331405545,-0.33639377012117516
1,0.0,0.9461723446893788,0.5918392544224191,-0.3375553636146657
1,0.0,0.9505410821643286,0.5938330273033287,-0.3387102634783918
1,0.0,0.9549098196392786,0.59582478568278,-0.3398584647986167
1,0.0,0.9592785571142285,0.5978145630952701,-0.340999962792245
1,0.0,0.9636472945891784,0.5998023927137769,-0.34213475280273475
1,0.0,0.9680160320641283,0.6017883073532074,-0.3432628302960728
1,0.0,0.9723847695390782,0.6037723394738174,-0.3443841908568151
1,0.0,0.9767535070140281,0.6057545211845968,-0.345498830184188
1,0.0,0.981122244488978,0.6077348842466267,-0.34660674408825193
1,0.0,0.9854909819639279,0.609713460076404,-0.3477079284861248
1,0.0,0.9898597194388777,0.6116902797491377,-0.348802379398262
1,0.0,0.9942284569138277,0.6136653740020132,-0.34989009294479523
1,0.0,0.9985971943887776,0.6156387732374292,-0.35097106534192685
1,0.0,1.0029659318637274,0.6176105075262033,-0.3520452928983783
1,0.0,1.0073346693386773,0.6195806066107482,-0.35311277201189295
1,0.0,1.0117034068136272,0.6215490999082218,-0.35417349916578916
1,0.0,1.0160721442885772,0.6235160165136447,-0.35522747092556717
1,0.0,1.020440881763527,0.6254813852029927,-0.3562746839355641
1,0.0,1.024809619238477,0.6274452344362588,-0.35731513491565725
1,0.0,1.029178356713427,0.629407592360489,-0.35834882065801754
1,0.0,1.0335470941883769,0.6313684868127891,-0.3593757380239073
1,0.0,1.0379158316633268,0.633327945323305,-0.360395883940525
1,0.0,1.0422845691382765,0.6352859951181751,-0.36140925539789415
1,0.0,1.0466533066132264,0.637242663122457,-0.36241584944579464
1,0.0,1.0510220440881763,0.6391979759630261,-0.3634156631907394
1,0.0,1.0553907815631263,0.6411519599714481,-0.36440869379298946
1,0.0,1.0597595190380762,0.6431046411868268,-0.3653949384636123
1,0.0,1.0641282565130261,0.6450560453586228,-0.3663743944615786
1,0.0,1.068496993987976,0.6470061979494508,-0.3673470590908965
1,0.0,1.072865731462926,0.6489551241378463,-0.3683129296977877
1,0.0,1.0772344689378759,0.6509028488210117,-0.3692720036678958
1,0.0,1.0816032064128256,0.6528493966175343,-0.37022427842353356
1,0.0,1.0859719438877755,0.654794791870081,-0.3711697514209642
1,0.0,1.0903406813627254,0.6567390586480674,-0.37210842014771883
1,0.0,1.0947094188376754,0.6586822207503028,-0.3730402821199443
1,0.0,1.0990781563126253,0.6606243017076118,-0.37396533487978695
1,0.0,1.1034468937875752,0.6625653247854308,-0.37488357599280575
1,0.0,1.1078156312625251,0.6645053129863819,-0.37579500304541796
1,0.0,1.112184368737475,0.6664442890528213,-0.3766996136423751
1,0.0,1.116553106212425,0.6683822754693672,-0.3775974054042668
1,0.0,1.1209218436873747,0.6703192944654024,-0.3784883759650555
1,0.0,1.1252905811623246,0.6722553680175537,-0.37937252296963897
1,0.0,1.1296593186372745,0.6741905178521524,-0.38024984407143636
1,0.0,1.1340280561122245,0.6761247654476652,-0.38112033693000846
1,0.0,1.1383967935871744,0.678058132037111,-0.3819839992086937
1,0.0,1.1427655310621243,0.6799906386104492,-0.38284082857227814
1,0.0,1.1471342685370742,0.6819223059169497,-0.38369082268468624
1,0.0,1.1515030060120242,0.6838531544675387,-0.38453397920669324
1,0.0,1.155871743486974,0.6857832045371263,-0.38537029579366355
1,0.0,1.1602404809619238,0.6877124761669084,-0.3861997700933116
1,0.0,1.1646092184368737,0.6896409891666515,-0.387022399743483
1,0.0,1.1689779559118236,0.6915687631169547,-0.3878381823699546
1,0.0,1.1733466933867736,0.6934958173714895,-0.388647115584261
1,0.0,1.1777154308617235,0.6954221710592224,-0.38944919698153474
1,0.0,1.1820841683366734,0.697347843086615,-0.3902444241383679
1,0.0,1.1864529058116233,0.6992728521398032,-0.3910327946106939
1,0.0,1.1908216432865733,0.7011972166867584,-0.3918143059316826
1,0.0,1.1951903807615232,0.7031209549794271,-0.39258895560965795
1,0.0,1.1995591182364729,0.705044085055852,-0.3933567411260284
1,0.0,1.2039278557114228,0.7069666247422733,-0.3941176599332347
1,0.0,1.2082965931863727,0.7088885916552099,-0.39487170945271255
1,0.0,1.2126653306613226,0.7108100032035218,-0.39561888707287174
1,0.0,1.2170340681362726,0.7127308765904553,-0.396359190147086
1,0.0,1.2214028056112225,0.7146512288156662,-0.3970926159917003
1,0.0,1.2257715430861724,0.7165710766772267,-0.39781916188405
1,0.0,1.2301402805611223,0.7184904367736135,-0.39853882506048977
1,0.0,1.2345090180360723,0.7204093255056762,-0.3992516027144393
1,0.0,1.238877755511022,0.7223277590785897,-0.3999574919944351
1,0.0,1.243246492985972,0.724245753503787,-0.4006564900021981
1,0.0,1.2476152304609218,0.7261633246008743,-0.4013485937907075
1,0.0,1.2519839679358717,0.7280804879995293,-0.4020338003622871
1,0.0,1.2563527054108217,0.7299972591413811,-0.4027121066666975
1,0.0,1.2607214428857716,0.7319136532818741,-0.4033835095992409
1,0.0,1.2650901803607215,0.733829685492112,-0.40404800599887036
1,0.0,1.2694589178356714,0.7357453706606885,-0.4047055926463094
1,0.0,1.2738276553106214,0.7376607234954969,-0.4053562662621765
1,0.0,1.278196392785571,0.7395757585255276,-0.4060000235051162
1,0.0,1.282565130260521,0.7414904901026445,-0.4066368609699373
1,0.0,1.286933867735471,0.7434049324033484,-0.4072667751857551
1,0.0,1.2913026052104208,0.7453190994305218,-0.4078897626141391
1,0.0,1.2956713426853708,0.7472330050151593,-0.4085058196472655
1,0.0,1.3000400801603207,0.7491466628180808,-0.4091149426060715
1,0.0,1.3044088176352706,0.7510600863316291,-0.4097171277384143
1,0.0,1.3087775551102205,0.7529732888813522,-0.4103123712172337
1,0.0,1.3131462925851705,0.7548862836276697,-0.410900669138713
1,0.0,1.3175150300601204,0.7567990835675237,-0.4114820175204477
1,0.0,1.32188376753507,0.7587117015360146,-0.41205641229960754
1,0.0,1.32625250501002,0.7606241502080214,-0.4126238493311079
1,0.0,1.33062124248497,0.7625364420998082,-0.4131843243857708
1,0.0,1.3349899799599199,0.7644485895706131,-0.413737833148496
1,0.0,1.3393587174348698,0.7663606048242256,-0.4142843712164244
1,0.0,1.3437274549098197,0.7682724999105476,-0.41482393409709933
1,0.0,1.3480961923847696,0.770184286727139,-0.4153565172066323
1,0.0,1.3524649298597196,0.7720959770207521,-0.415882115867857
1,0.0,1.3568336673346695,0.7740075823888479,-0.41640072530848804
1,0.0,1.3612024048096192,0.775919114281101,-0.41691234065927113
1,0.0,1.365571142284569,0.7778305840008903,-0.41741695695213005
1,0.0,1.369939879759519,0.7797420027067734,-0.4179145691183107
1,0.0,1.374308617234469,0.7816533814139515,-0.4184051719865163
1,0.0,1.3786773547094189,0.7835647309957159,-0.4188887602810396
1,0.0,1.3830460921843688,0.7854760621848853,-0.4193653286198868
1,0.0,1.3874148296593187,0.7873873855752265,-0.41983487151289633
1,0.0,1.3917835671342687,0.7892987116228645,-0.4202973833598456
1,0.0,1.3961523046092186,0.7912100506476768,-0.42075285844855653
1,0.0,1.4005210420841683,0.7931214128346771,-0.42120129095298436
1,0.0,1.4048897795591182,0.7950328082353846,-0.4216426749313043
1,0.0,1.4092585170340681,0.7969442467691812,-0.4220770043239815
1,0.0,1.413627254509018,0.7988557382246558,-0.42250427295183757
1,0.0,1.417995991983968,0.8007672922609359,-0.4229244745140989
1,0.0,1.422364729458918,0.8026789184090074,-0.42333760258643766
1,0.0,1.4267334669338678,0.8045906260730217,-0.423743650618999
1,0.0,1.4311022044088177,0.806502424531589,-0.4241426119344172
1,0.0,1.4354709418837677,0.8084143229390643,-0.42453447972581226
1,0.0,1.4398396793587174,0.8103263303268146,-0.42491924705478107
1,0.0,1.4442084168336673,0.8122384556044802,-0.42529690684936516
1,0.0,1.4485771543086172,0.8141507075612202,-0.42566745190200983
1,0.0,1.4529458917835671,0.8160630948669494,-0.4260308748675012
1,0.0,1.457314629258517,0.8179756260735613,-0.4263871682608907
1,0.0,1.461683366733467,0.8198883096161407,-0.4267363244553989
1,0.0,1.466052104208417,0.8218011538141644,-0.4270783356803057
1,0.0,1.4704208416833668,0.8237141668726916,-0.4274131940188146
1,0.0,1.4747895791583168,0.8256273568835423,-0.4277408914059039
1,0.0,1.4791583166332665,0.8275407318264644,-0.4280614196261533
1,0.0,1.4835270541082164,0.8294542995702916,-0.4283747703115522
1,0.0,1.4878957915831663,0.8313680678740877,-0.4286809349392838
1,0.0,1.4922645290581162,0.8332820443882826,-0.4289799048294881
1,0.0,1.4966332665330662,0.8351962366557963,-0.4292716711430014
1,0.0,1.501002004008016,0.8371106521131527,-0.42955622487907213
1,0.0,1.505370741482966,0.8390252980915834,-0.42983355687304864
1,0.0,1.509739478957916,0.8409401818181196,-0.4301036577940468
1,0.0,1.5141082164328659,0.8428553104166762,-0.4303665181425864
1,0.0,1.5184769539078156,0.8447706909091232,-0.43062212824820145
1,0.0,1.5228456913827655,0.8466863302163483,-0.43087047826702457
1,0.0,1.5272144288577154,0.8486022351593102,-0.43111155817933655
1,0.0,1.5315831663326653,0.8505184124600792,-0.4313453577870954
1,0.0,1.5359519038076153,0.8524348687428723,-0.43157186671142284
1,0.0,1.5403206412825652,0.854351610535074,-0.43179107439006964
1,0.0,1.544689378757515,0.8562686442682504,-0.43200297007484095
1,0.0,1.549058116232465,0.8581859762791538,-0.4322075428289923
1,0.0,1.553426853707415,0.860103612810715,-0.4324047815245883
1,0.0,1.5577955911823649,0.8620215600130301,-0.4325946748398272
1,0.0,1.5621643286573146,0.8639398239443348,-0.432777211256328
1,0.0,1.5665330661322645,0.8658584105719714,-0.4329523790563813
1,0.0,1.5709018036072144,0.8677773257733454,-0.4331201663201586
1,0.0,1.5752705410821644,0.8696965753368743,-0.43328056092288547
1,0.0,1.5796392785571143,0.8716161649629266,-0.43343355053196897
1,0.0,1.5840080160320642,0.8735361002647517,-0.4335791226040889
1,0.0,1.5883767535070141,0.8754563867694015,-0.43371726438224206
1,0.0,1.592745490981964,0.8773770299186441,-0.43384796289274036
1,0.0,1.597114228456914,0.8792980350698659,-0.43397120494216834
1,0.0,1.6014829659318637,0.8812194074969693,-0.4340869771142915
1,0.0,1.6058517034068136,0.8831411523912585,-0.43419526576691303
1,0.0,1.6102204408817635,0.8850632748623181,-0.43429605702868856
1,0.0,1.6145891783567135,0.8869857799388841,-0.4343893367958823
1,0.0,1.6189579158316634,0.8889086725697048,-0.4344750907290762
1,0.0,1.6233266533066133,0.8908319576243962,-0.43455330424982475
1,0.0,1.6276953907815632,0.8927556398942862,-0.4346239625372512
1,0.0,1.6320641282565131,0.8946797240932527,-0.4346870505245953
1,0.0,1.636432865731463,0.8966042148585537,-0.43474255289569175
1,0.0,1.6408016032064128,0.8985291167516487,-0.4347904540814006
1,0.0,1.6451703406813627,0.900454434259013,-0.43483073825596896
1,0.0,1.6495390781563126,0.9023801717929435,-0.4348633893333322
1,0.0,1.6539078156312625,0.9043063336923576,-0.43488839096335286
1,0.0,1.6582765531062125,0.9062329242235838,-0.4349057265279901
1,0.0,1.6626452905811624,0.9081599475811449,-0.4349153791374039
1,0.0,1.6670140280561123,0.9100874078885347,-0.4349173316259881
1,0.0,1.6713827655310622,0.9120153091989859,-0.4349115665483335
1,0.0,1.6757515030060122,0.9139436554962308,-0.4348980661751143
1,0.0,1.6801202404809619,0.9158724506952565,-0.4348768124889043
1,0.0,1.6844889779559118,0.9178016986430501,-0.4348477871799115
1,0.0,1.6888577154308617,0.9197314031193388,-0.43481097164163474
1,0.0,1.6932264529058116,0.921661567837323,-0.43476634696643934
1,0.0,1.6975951903807616,0.9235921964444004,-0.4347138939410473
1,0.0,1.7019639278557115,0.9255232925228855,-0.4346535930419454
1,0.0,1.7063326653306614,0.9274548595907209,-0.4345854244306987
1,0.0,1.7107014028056113,0.9293869011021817,-0.43450936794918027
1,0.0,1.7150701402805613,0.9313194204485743,-0.43442540311470224
1,0.0,1.719438877755511,0.9332524209589267,-0.4343335091150557
1,0.0,1.7238076152304609,0.9351859059006739,-0.43423366480344894
1,0.0,1.7281763527054108,0.9371198784803356,-0.43412584869334686
1,0.0,1.7325450901803607,0.9390543418441879,-0.43401003895320583
1,0.0,1.7369138276553107,0.9409892990789288,-0.43388621340110217
1,0.0,1.7412825651302606,0.942924753212336,-0.4337543494992527
1,0.0,1.7456513026052105,0.94486070721392,-0.43361442434842096
1,0.0,1.7500200400801604,0.9467971639955695,-0.4334664146822103
1,0.0,1.7543887775551104,0.9487341264121921,-0.4333102968612336
1,0.0,1.75875751503006,0.9506715972623474,-0.43314604686716934
1,0.0,1.76312625250501,0.952609579288875,-0.43297364029668356
1,0.0,1.76749498997996,0.9545480751795149,-0.43279305235522947
1,0.0,1.7718637274549098,0.9564870875675247,-0.4326042578507104
1,0.0,1.7762324649298598,0.9584266190322877,-0.4324072311870107
1,0.0,1.7806012024048097,0.9603666720999172,-0.4322019463573828
1,0.0,1.7849699398797596,0.9623072492438542,-0.43198837693769393
1,0.0,1.7893386773547095,0.9642483528854595,-0.4317664960795223
1,0.0,1.7937074148296595,0.9661899853946002,-0.43153627650310095
1,0.0,1.7980761523046092,0.9681321490902296,-0.4312976904901093
1,0.0,1.802444889779559,0.970074846240963,-0.431050709876298
1,0.0,1.806813627254509,0.9720180790656463,-0.43079530604395233
1,0.0,1.811182364729459,0.9739618497339213,-0.4305314499141817
1,0.0,1.8155511022044089,0.9759061603667821,-0.4302591119390396
1,0.0,1.8199198396793588,0.9778510130371295,-0.4299782620934551
1,0.0,1.8242885771543087,0.9797964097703186,-0.4296888698669853
1,0.0,1.8286573146292586,0.9817423525446999,-0.4293909042553736
1,0.0,1.8330260521042085,0.9836888432921581,-0.4290843337519097
1,0.0,1.8373947895791582,0.985635883898642,-0.42876912633859215
1,0.0,1.8417635270541082,0.9875834762046924,-0.42844524947707513
1,0.0,1.846132264529058,0.9895316220059633,-0.4281126700994048
1,0.0,1.850501002004008,0.9914803230537377,-0.42777135459853316
1,0.0,1.854869739478958,0.9934295810554392,-0.42742126881860354
1,0.0,1.8592384769539079,0.9953793976751388,-0.4270623780450011
1,0.0,1.8636072144288578,0.9973297745340557,-0.4266946469941578
1,0.0,1.8679759519038077,0.9992807132110542,-0.4263180398031144
1,0.0,1.8723446893787576,1.0012322152431348,-0.4259325200188174
1,0.0,1.8767134268537076,1.0031842821259214,-0.42553805058715494
1,0.0,1.8810821643286573,1.0051369153141432,-0.42513459384171953
1,0.0,1.8854509018036072,1.0070901162221124,-0.4247221114922817
1,0.0,1.8898196392785571,1.0090438862241964,-0.4243005646129826
1,0.0,1.894188376753507,1.010998226655285,-0.42386991363021675
1,0.0,1.898557114228457,1.0129531388112563,-0.4234301183102082
1,0.0,1.902925851703407,1.014908623949432,-0.42298113774626933
1,0.0,1.9072945891783568,1.0168646832890356,-0.42252293034572275
1,0.0,1.9116633266533067,1.0188213180116383,-0.42205545381648985
1,0.0,1.9160320641282567,1.0207785292616083,-0.42157866515331804
1,0.0,1.9204008016032064,1.022736318146548,-0.4210925206236526
1,0.0,1.9247695390781563,1.0246946857377346,-0.4205969757531287
1,0.0,1.9291382765531062,1.0266536330705491,-0.42009198531067077
1,0.0,1.9335070140280561,1.0286131611449065,-0.4195775032932018
1,0.0,1.937875751503006,1.0305732709256787,-0.4190534829099266
1,0.0,1.942244488977956,1.0325339633431143,-0.4185198765661927
1,0.0,1.946613226452906,1.0344952392932552,-0.417976635846903
1,0.0,1.9509819639278558,1.036457099638346,-0.417423711499477
1,0.0,1.9553507014028058,1.0384195452072436,-0.41686105341633206
1,0.0,1.9597194388777555,1.0403825767958186,-0.4162886106168725
1,0.0,1.9640881763527054,1.0423461951673558,-0.41570633122897904
1,0.0,1.9684569138276553,1.0443104010529494,-0.41511416246996286
1,0.0,1.9728256513026052,1.0462751951518938,-0.4145120506269822
1,0.0,1.9771943887775552,1.0482405781320718,-0.4138999410368949
1,0.0,1.981563126252505,1.0502065506303373,-0.4132777780655229
1,0.0,1.985931863727455,1.0521731132528975,-0.41264550508631603
1,0.0,1.990300601202405,1.0541402665756856,-0.4120030644583916
1,0.0,1.9946693386773549,1.0561080111447356,-0.4113503975039184
1,0.0,1.9990380761523046,1.0580763474765507,-0.4106874444848315
1,0.0,2.0034068136272545,1.0600452760584667,-0.4100141445788515
1,0.0,2.0077755511022044,1.062014797349015,-0.40933043585477424
1,0.0,2.0121442885771543,1.0639849117782796,-0.40863625524701586
1,0.0,2.0165130260521043,1.0659556197482505,-0.4079315385293712
1,0.0,2.020881763527054,1.0679269216331757,-0.4072162202879738
1,0.0,2.025250501002004,1.0698988177799071,-0.40649023389340533
1,0.0,2.029619238476954,1.0718713085082445,-0.4057535114719433
1,0.0,2.033987975951904,1.0738443941112752,-0.4050059838758944
1,0.0,2.038356713426854,1.075818074855712,-0.40424758065299204
1,0.0,2.042725450901804,1.0777923509822245,-0.4034782300148171
1,0.0,2.0470941883767537,1.0797672227057713,-0.4026978588041955
1,0.0,2.0514629258517036,1.081742690215925,-0.4019063924615497
1,0.0,2.0558316633266536,1.0837187536771962,-0.40110375499013806
1,0.0,2.060200400801603,1.0856954132293528,-0.40028986892015894
1,0.0,2.064569138276553,1.0876726689877392,-0.39946465527166286
1,0.0,2.068937875751503,1.089650521043586,-0.3986280335162228
1,0.0,2.073306613226453,1.091628969464325,-0.39777992153731523
1,0.0,2.0776753507014027,1.0936080142938926,-0.39692023558935763
1,0.0,2.0820440881763527,1.095587655553037,-0.3960488902553407
1,0.0,2.0864128256513026,1.0975678932396171,-0.39516579840301097
1,0.0,2.0907815631262525,1.0995487273289024,-0.3942708711395139
1,0.0,2.0951503006012024,1.1015301577738665,-0.39336401776446694
1,0.0,2.0995190380761524,1.1035121845054812,-0.39244514572136313
1,0.0,2.1038877755511023,1.105494807433003,-0.3915141605472517
1,0.0,2.108256513026052,1.1074780264442619,-0.3905709658206102
1,0.0,2.112625250501002,1.1094618414059423,-0.3896154631073348
1,0.0,2.116993987975952,1.111446252163865,-0.3886475519047564
1,0.0,2.121362725450902,1.1134312585432649,-0.3876671295836003
1,0.0,2.125731462925852,1.1154168603490635,-0.38667409132779545
1,0.0,2.130100200400802,1.1174030573661435,-0.385668330072027
1,0.0,2.1344689378757518,1.1193898493596162,-0.3846497364369371
1,0.0,2.1388376753507012,1.1213772360750875,-0.38361819866186375
1,0.0,2.143206412825651,1.1233652172389248,-0.38257360253498585
1,0.0,2.147575150300601,1.1253537925585122,-0.3815158313207825
1,0.0,2.151943887775551,1.127342961722514,-0.38044476568464036
1,0.0,2.156312625250501,1.1293327244011278,-0.37936028361449997
1,0.0,2.160681362725451,1.131323080246337,-0.3782622603393887
1,0.0,2.165050100200401,1.1333140288921635,-0.3771505682446749
1,0.0,2.1694188376753507,1.1353055699549133,-0.37602507678390007
1,0.0,2.1737875751503006,1.1372977030334215,-0.3748856523870047
1,0.0,2.1781563126252506,1.1392904277092977,-0.3737321583647637
1,0.0,2.1825250501002005,1.1412837435471623,-0.37256445480925
1,0.0,2.1868937875751504,1.1432776500948882,-0.37138239849010857
1,0.0,2.1912625250501003,1.1452721468838325,-0.3701858427464326
1,0.0,2.1956312625250503,1.1472672334290726,-0.3689746373739971
1,0.0,2.2,1.1492629092296327,-0.3677486285076318
2,-0.2,0.02,0.11254823333333215,-0.22115934845238927
2,-0.2,0.0243687374749499,0.11743990534436712,-0.21784665247277038
2,-0.2,0.0287374749498998,0.12227971104226065,-0.2145475664237697
2,-0.2,0.0331062124248497,0.1270683955986597,-0.21126183147316005
2,-0.2,0.0374749498997996,0.13180670092016233,-0.20798919960503595
2,-0.2,0.0418436873747495,0.13649536520189426,-0.20472943363476317
2,-0.2,0.046212424849699396,0.1411351224838358,-0.20148230718723492
2,-0.2,0.0505811623246493,0.14572670221327638,-0.1982476046394118
2,-0.2,0.0549498997995992,0.150270828816694,-0.19502512102845918
2,-0.2,0.0593186372745491,0.1547682212839733,-0.19181466192715796
2,-0.2,0.063687374749499,0.15921959276768957,-0.18861604328852985
2,-0.2,0.0680561122244489,0.16362565019988928,-0.1854290912618367
2,-0.2,0.0724248496993988,0.1679870939284122,-0.1822536419823353
2,-0.2,0.0767935871743487,0.17230461737454714,-0.17908954133727184
2,-0.2,0.0811623246492986,0.1765789067134475,-0.1759366447107164
2,-0.2,0.0855310621242485,0.18081064057840088,-0.1727948167098764
2,-0.2,0.0898997995991984,0.18500048978973374,-0.16966393087552736
2,-0.2,0.0942685370741483,0.18914911710887172,-0.1665438693791783
2,-0.2,0.0986372745490982,0.19325717701773962,-0.16343452270950926
2,-0.2,0.1030060120240481,0.19732531552344892,-0.16033578935053738
2,-0.2,0.107374749498998,0.20135416998800013,-0.15724757545383802
2,-0.2,0.1117434869739479,0.20534436898251657,-0.15416979450701707
2,-0.2,0.11611222444889781,0.20929653216533584,-0.15110236700047022
2,-0.2,0.1204809619238477,0.21321127018312575,-0.14804522009431806
2,-0.2,0.1248496993987976,0.2170891845941145,-0.14499828728721295
2,-0.2,0.12921843687374748,0.2209308678123466,-0.14196150808856778
2,-0.2,0.13358717434869738,0.2247369030718808,-0.1389348276955746
2,-0.2,0.1379559118236473,0.2285078644097177,-0.13591819667620234
2,-0.2,0.1423246492985972,0.23224431666627468,-0.13291157065922926
2,-0.2,0.1466933867735471,0.23594681550214663,-0.1299149100321857
2,-0.2,0.151062124248497,0.23961590742993993,-0.12692817964793965
2,-0.2,0.1554308617234469,0.24325212985995026,-0.1239513485405441
2,-0.2,0.15979959919839679,0.24685601115847505,-0.1209843896508003
2,-0.2,0.16416833667334668,0.25042807071761836,-0.11802727956191263
2,-0.2,0.16853707414829658,0.2539688190354215,-0.11507999824547614
2,-0.2,0.17290581162324647,0.25747875780528306,-0.1121425288179663
2,-0.2,0.17727454909819637,0.26095838001359617,-0.10921485730779296
2,-0.2,0.1816432865731463,0.26440817004465444,-0.1062969724329267
2,-0.2,0.1860120240480962,0.2678286037919001,-0.10338886538903011
2,-0.2,0.1903807615230461,0.27122014877464123,-0.10049052964796329
2,-0.2,0.19474949899799598,0.2745832642594442,-0.09760196076650615
2,-0.2,0.19911823647294588,0.2779184013854471,-0.09472315620506987
2,-0.2,0.20348697394789578,0.28122600329291525,-0.09185411515616841
2,-0.2,0.20785571142284567,0.28450650525437127,-0.08899483838236065
2,-0.2,0.2122244488977956,0.2877603348077617,-0.08614532806338433
2,-0.2,0.2165931863727455,0.2909879118910793,-0.08330558765215715
2,-0.2,0.2209619238476954,0.2941896489779959,-0.0804756217393306
2,-0.2,0.2253306613226453,0.2973659512140334,-0.07765543592605735
2,-0.2,0.22969939879759518,0.3005172165529034,-0.07484503670464417
2,-0.2,0.23406813627254508,0.3036438358926441,-0.07204443134674297
2,-0.2,0.23843687374749498,0.306746193211239,-0.06925362779874823
2,-0.2,0.24280561122244487,0.30982466570144157,-0.06647263458406551
2,-0.2,0.24717434869739477,0.31287962390454516,-0.06370146071191833
2,-0.2,0.2515430861723447,0.31591143184288745,-0.06094011559237333
2,-0.2,0.2559118236472946,0.3189204471508934,-0.058188608957268365
2,-0.2,0.2602805611222445,0.3219070212044879,-0.05544695078673103
2,-0.2,0.2646492985971944,0.3248714992487349,-0.05271515124099568
2,-0.2,0.2690180360721443,0.32781422052359377,-0.049993220597232865
2,-0.2,0.27338677354709423,0.3307355183876622,-0.047281169191101376
2,-0.2,0.2777555110220441,0.33363572043985,-0.04457900736277359
2,-0.2,0.282124248496994,0.33651514863889725,-0.04188674540716652
2,-0.2,0.2864929859719439,0.3393741194206876,-0.039204393528138794
2,-0.2,0.2908617234468938,0.34221294381330836,-0.0365319617964133
2,-0.2,0.2952304609218437,0.34503192754983836,-0.03386946011101617
2,-0.2,0.2995991983967936,0.3478313711788289,-0.031216898164000632
2,-0.2,0.30396793587174353,0.350611570172482,-0.02857428540827359
2,-0.2,0.3083366733466934,0.3533728150325066,-0.025941631028315416
2,-0.2,0.3127054108216433,0.35611539139366977,-0.023318943913622287
2,-0.2,0.3170741482965932,0.35883958012504996,-0.020706232634696925
2,-0.2,0.3214428857715431,0.3615456574290032,-0.018103505421418656
2,-0.2,0.325811623246493,0.36423389493786823,-0.015510770143643516
2,-0.2,0.3301803607214429,0.3669045598084388,-0.01292803429388966
2,-0.2,0.3345490981963928,0.3695579148142227,-0.010355304971967723
2,-0.2,0.3389178356713427,0.3721942184355243,-0.007792588871419422
2,-0.2,0.34328657314629263,0.3748137249473894,-0.005239892267661339
2,-0.2,0.3476553106212425,0.3774166845054371,-0.0026972210076931552
2,-0.2,0.3520240480961924,0.3800033432296333,-0.00016458050128474454
2,-0.2,0.3563927855711423,0.38257394328602745,0.0023580242864771933
2,-0.2,0.3607615230460922,0.38512872296650946,0.004870588841368326
2,-0.2,0.3651302605210421,0.38766791676661755,0.0073731091050280384
2,-0.2,0.369498997995992,0.39019175546144846,0.009865581478863218
2,-0.2,0.37386773547094193,0.3927004661796978,0.012348002826942322
2,-0.2,0.3782364729458918,0.3951942724758969,0.014820370477941894
2,-0.2,0.3826052104208417,0.39767339440086535,0.017282682226229612
2,-0.2,0.3869739478957916,0.4001380485704381,0.019734936332136573
2,-0.2,0.3913426853707415,0.402588448232501,0.022177131521494718
2,-0.2,0.3957114228456914,0.4050248033323861,0.024609266984480255
2,-0.2,0.4000801603206413,0.4074473205766542,0.027031342373838155
2,-0.2,0.40444889779559123,0.40985620349532664,0.029443357802512785
2,-0.2,0.4088176352705411,0.41225165250258405,0.03184531384075993
2,-0.2,0.413186372745491,0.4146338649559915,0.03423721151276251
2,-0.2,0.4175551102204409,0.4170030352142777,0.03661905229280381
2,-0.2,0.4219238476953908,0.4193593546937157,0.0389908381010281
2,-0.2,0.4262925851703407,0.42170301192313137,0.04135257129884023
2,-0.2,0.4306613226452906,0.42403419259758995,0.04370425468395814
2,-0.2,0.4350300601202405,0.42635307963078956,0.046045891485163866
2,-0.2,0.4393987975951904,0.4286598532061966,0.04837748535678084
2,-0.2,0.44376753507014033,0.43095469082696186,0.05069904037289898
2,-0.2,0.4481362725450902,0.4332377673646473,0.05301056102138159
2,-0.2,0.4525050100200401,0.4355092551068013,0.05531205219766973
2,-0.2,0.45687374749499,0.4377693238034089,0.05760351919841169
2,-0.2,0.4612424849699399,0.44001814071224826,0.05988496771494263
2,-0.2,0.4656112224448898,0.4422558706431951,0.06215640382661866
2,-0.2,0.4699799599198397,0.44448267600148705,0.06441783399404027
2,-0.2,0.4743486973947896,0.4466987168299888,0.06666926505217628
2,-0.2,0.4787174348697395,0.44890415085048524,0.0689107042033956
2,-0.2,0.4830861723446894,0.45109913350402453,0.07114215901043418
2,-0.2,0.4874549098196393,0.45328381799034323,0.07336363738930078
2,-0.2,0.4918236472945892,0.4554583553063904,0.07557514760214436
2,-0.2,0.4961923847695391,0.45762289428399133,0.07777669825007802
2,-0.2,0.500561122244489,0.45977758162665666,0.07996829826599008
2,-0.2,0.5049298597194388,0.46192256194557146,0.08214995690733883
2,-0.2,0.5092985971943887,0.4640579777947869,0.08432168374894232
2,-0.2,0.5136673346693387,0.4661839697056311,0.08648348867577713
2,-0.2,0.5180360721442886,0.46830067622036553,0.0886353818757857
2,-0.2,0.5224048096192385,0.47040823392510445,0.09077737383270863
2,-0.2,0.5267735470941884,0.4725067774820193,0.09290947531893964
2,-0.2,0.5311422845691383,0.47459643966084764,0.09503169738841569
2,-0.2,0.5355110220440882,0.4766773513697247,0.09714405136954524
2,-0.2,0.5398797595190381,0.478749641685355,0.0992465488581799
2,-0.2,0.544248496993988,0.4808134378825437,0.10133920171063547
2,-0.2,0.548617234468938,0.48286886546310703,0.10342202203676074
2,-0.2,0.5529859719438878,0.4849160481841688,0.10549502219307197
2,-0.2,0.5573547094188377,0.486955108085872,0.10755821477593913
2,-0.2,0.5617234468937876,0.48898616551851454,0.10961161261483662
2,-0.2,0.5660921843687375,0.49100933916912,0.11165522876566598
2,-0.2,0.5704609218436874,0.49302474608746927,0.11368907650413893
2,-0.2,0.5748296593186373,0.4950325017115975,0.11571316931923714
2,-0.2,0.5791983967935872,0.497032719892774,0.11772752090674328
2,-0.2,0.5835671342685371,0.49902551291997893,0.11973214516284762
2,-0.2,0.587935871743487,0.5010109915438905,0.12172705617782828
2,-0.2,0.5923046092184369,0.5029892650003907,0.1237122682298141
2,-0.2,0.5966733466933868,0.5049604410336077,0.1256877957786225
2,-0.2,0.6010420841683367,0.506924625918503,0.12765365345968044
2,-0.2,0.6054108216432866,0.5088819244830164,0.1296098560780228
2,-0.2,0.6097795591182364,0.5108324401297786,0.13155641860237743
2,-0.2,0.6141482965931864,0.5127762748574041,0.13349335615932742
2,-0.2,0.6185170340681363,0.514713529281373,0.13542068402755955
2,-0.2,0.6228857715430862,0.5166443026545139,0.13733841763219393
2,-0.2,0.6272545090180361,0.5185686928870932,0.13924657253919887
2,-0.2,0.631623246492986,0.5204867965665287,0.1411451644498862
2,-0.2,0.6359919839679359,0.5223987089767287,0.14303420919549192
2,-0.2,0.6403607214428858,0.5243045241170687,0.14491372273183917
2,-0.2,0.6447294589178357,0.5262043347210142,0.14678372113408678
2,-0.2,0.6490981963927855,0.5280982322744009,0.14864422059155494
2,-0.2,0.6534669338677355,0.5299863070333743,0.1504952374026399
2,-0.2,0.6578356713426854,0.5318686480420038,0.1523367879698053
2,-0.2,0.6622044088176353,0.5337453431495719,0.15416888879465937
2,-0.2,0.6665731462925852,0.5356164790275524,0.15599155647311003
2,-0.2,0.670941883767535,0.5374821411862823,0.1578048076906019
2,-0.2,0.675310621242485,0.5393424139913312,0.15960865921743397
2,-0.2,0.6796793587174349,0.5411973806795828,0.16140312790415404
2,-0.2,0.6840480961923848,0.5430471233750271,0.1631882306770343
2,-0.2,0.6884168336673347,0.5448917231042746,0.16496398453362449
2,-0.2,0.6927855711422846,0.5467312598117976,0.1667304065383798
2,-0.2,0.6971543086172345,0.5485658123749062,0.16848751381836724
2,-0.2,0.7015230460921844,0.5503954586184593,0.17023532355904783
2,-0.2,0.7058917835671343,0.5522202753293256,0.17197385300013152
2,-0.2,0.7102605210420841,0.5540403382705917,0.17370311943150743
2,-0.2,0.7146292585170341,0.5558557221955281,0.1754231401892466
2,-0.2,0.718997995991984,0.5576665008613156,0.17713393265167654
2,-0.2,0.7233667334669339,0.5594727470425389,0.17883551423552718
2,-0.2,0.7277354709418838,0.5612745325444509,0.18052790239214772
2,-0.2,0.7321042084168337,0.5630719282160167,0.18221111460379014
2,-0.2,0.7364729458917836,0.5648650039627328,0.1838851683799662
2,-0.2,0.7408416833667335,0.5666538287592396,0.18555008125386477
2,-0.2,0.7452104208416834,0.5684384706617179,0.18720587077884315
2,-0.2,0.7495791583166332,0.570218996820085,0.18885255452497762
2,-0.2,0.7539478957915832,0.571995473489986,0.19049015007568385
2,-0.2,0.7583166332665331,0.5737679660445926,0.1921186750243955
2,-0.2,0.762685370741483,0.575536538986205,0.19373814697131136
2,-0.2,0.7670541082164329,0.5773012559576678,0.1953485835201983
2,-0.2,0.7714228456913828,0.5790621797536004,0.19695000227526052
2,-0.2,0.7757915831663327,0.5808193723314453,0.19854242083806484
2,-0.2,0.7801603206412826,0.5825728948223408,0.20012585680452527
2,-0.2,0.7845290581162325,0.5843228075418164,0.20170032776194874
2,-0.2,0.7888977955911824,0.5860691700003227,0.20326585128613173
2,-0.2,0.7932665330661323,0.5878120409135891,0.20482244493851984
2,-0.2,0.7976352705410822,0.5895514782128198,0.20637012626341827
2,-0.2,0.8020040080160321,0.5912875390547311,0.20790891278525514
2,-0.2,0.806372745490982,0.5930202798314266,0.20943882200590364
2,-0.2,0.8107414829659318,0.5947497561801215,0.21095987140205227
2,-0.2,0.8151102204408818,0.5964760229927152,0.21247207842262558
2,-0.2,0.8194789579158317,0.598199134425212,0.21397546048625954
2,-0.2,0.8238476953907816,0.5999191439070013,0.21547003497882267
2,-0.2,0.8282164328657315,0.6016361041499879,0.2169558192509895
2,-0.2,0.8325851703406814,0.6033500671575887,0.2184328306158586
2,-0.2,0.8369539078156313,0.605061084233586,0.2199010863466201
2,-0.2,0.8413226452905812,0.60676920599085,0.2213606036742665
2,-0.2,0.8456913827655311,0.6084744823599251,0.22281139978535316
2,-0.2,0.8500601202404809,0.6101769625974872,0.224253491819799
2,-0.2,0.8544288577154309,0.6118766952946734,0.22568689686873358
2,-0.2,0.8587975951903808,0.6135737283852855,0.22711163197238526
2,-0.2,0.8631663326653307,0.6152681091538695,0.22852771411801298
2,-0.2,0.8675350701402806,0.6169598842436754,0.2299351602378777
2,-0.2,0.8719038076152305,0.6186490996644961,0.23133398720725543
2,-0.2,0.8762725450901804,0.6203358008003914,0.23272421184248926
2,-0.2,0.8806412825651303,0.6220200324172946,0.2341058508990802
2,-0.2,0.8850100200400802,0.6237018386705075,0.2354789210698173
2,-0.2,0.88937875751503,0.6253812631120859,0.23684343898294238
2,-0.2,0.89374749498998,0.6270583486981128,0.2381994212003552
2,-0.2,0.8981162324649299,0.6287331377958671,0.23954688421585038
2,-0.2,0.9024849699398798,0.6304056721908853,0.24088584445339298
2,-0.2,0.9068537074148297,0.6320759930939203,0.2422163182654262
2,-0.2,0.9112224448897795,0.6337441411477991,0.24353832193121347
2,-0.2,0.9155911823647295,0.6354101564341785,0.2448518716552136
2,-0.2,0.9199599198396794,0.6370740784802039,0.24615698356548912
2,-0.2,0.9243286573146293,0.6387359462650701,0.24745367371214347
2,-0.2,0.9286973947895791,0.6403957982264884,0.24874195806579275
2,-0.2,0.9330661322645291,0.6420536722670578,0.2500218525160655
2,-0.2,0.937434869739479,0.6437096057605455,0.2512933728701324
2,-0.2,0.9418036072144289,0.6453636355580773,0.2525565348512649
2,-0.2,0.9461723446893788,0.6470157979942363,0.25381135409742345
2,-0.2,0.9505410821643286,0.6486661288930757,0.25505784615987187
2,-0.2,0.9549098196392786,0.6503146635740454,0.25629602650181976
2,-0.2,0.9592785571142285,0.6519614368578316,0.2575259104970904
2,-0.2,0.9636472945891784,0.6536064830721144,0.25874751342881697
2,-0.2,0.9680160320641283,0.6552498360572423,0.2599608504881601
2,-0.2,0.9723847695390782,0.656891529171825,0.26116593677305444
2,-0.2,0.9767535070140281,0.6585315952982471,0.26236278728697654
2,-0.2,0.981122244488978,0.6601700668481026,0.263551416937737
2,-0.2,0.9854909819639279,0.6618069757675523,0.2647318405362963
2,-0.2,0.9898597194388777,0.6634423535426028,0.2659040727956024
2,-0.2,0.9942284569138277,0.6650762312043137,0.2670681283294501
2,-0.2,0.9985971943887776,0.6667086393339285,0.26822402165136283
2,-0.2,1.0029659318637274,0.6683396080679312,0.2693717671734944
2,-0.2,1.0073346693386773,0.6699691671030346,0.27051137920555063
2,-0.2,1.0117034068136272,0.6715973457010938,0.271642871953733
2,-0.2,1.0160721442885772,0.6732241726939525,0.2727662595196987
2,-0.2,1.020440881763527,0.6748496764882188,0.2738815558995419
2,-0.2,1.024809619238477,0.6764738850699746,0.27498877498279106
2,-0.2,1.029178356713427,0.678096826009416,0.27608793055142733
2,-0.2,1.0335470941883769,0.6797185264654285,0.2771790362789171
2,-0.2,1.0379158316633268,0.6813390131900994,0.27826210572926213
2,-0.2,1.0422845691382765,0.6829583125331605,0.2793371523560687
2,-0.2,1.0466533066132264,0.6845764504463747,0.28040418950162854
2,-0.2,1.0510220440881763,0.6861934524878532,0.28146323039601906
2,-0.2,1.0553907815631263,0.6878093438263155,0.28251428815621604
2,-0.2,1.0597595190380762,0.6894241492452872,0.28355737578522194
2,-0.2,1.0641282565130261,0.6910378931472371,0.2845925061712094
2,-0.2,1.068496993987976,0.6926505995576564,0.2856196920866758
2,-0.2,1.072865731462926,0.6942622921290784,0.2866389461876144
2,-0.2,1.0772344689378759,0.6958729941450417,0.2876502810126961
2,-0.2,1.0816032064128256,0.6974827285239948,0.2886537089824633
2,-0.2,1.0859719438877755,0.6990915178231457,0.28964924239854006
2,-0.2,1.0903406813627254,0.7006993842422559,0.29063689344284716
2,-0.2,1.0947094188376754,0.7023063496273786,0.2916166741768343
2,-0.2,1.0990781563126253,0.7039124354745445,0.2925885965407207
2,-0.2,1.1034468937875752,0.7055176629333927,0.29355267235274646
2,-0.2,1.1078156312625251,0.7071220528107482,0.29450891330843326
2,-0.2,1.112184368737475,0.7087256255741503,0.29545733097985716
2,-0.2,1.116553106212425,0.7103284013553254,0.29639793681492843
2,-0.2,1.1209218436873747,0.7119303999536114,0.29733074213668104
2,-0.2,1.1252905811623246,0.7135316408393314,0.2982557581425715
2,-0.2,1.1296593186372745,0.7151321431571172,0.29917299590378577
2,-0.2,1.1340280561122245,0.7167319257291831,0.30008246636455255
2,-0.2,1.1383967935871744,0.7183310070585531,0.3009841803414664
2,-0.2,1.1427655310621243,0.7199294053322365,0.30187814852281686
2,-0.2,1.1471342685370742,0.7215271384243587,0.3027643814679256
2,-0.2,1.1515030060120242,0.7231242238992464,0.30364288960648617
2,-0.2,1.155871743486974,0.7247206790144599,0.3045136832379172
2,-0.2,1.1602404809619238,0.7263165207237867,0.30537677253071405
2,-0.2,1.1646092184368737,0.7279117656801849,0.3062321675218104
2,-0.2,1.1689779559118236,0.7295064302386833,0.30707987811594395
2,-0.2,1.1733466933867736,0.7311005304592357,0.30791991408502645
2,-0.2,1.1777154308617235,0.7326940821095324,0.3087522850675194
2,-0.2,1.1820841683366734,0.7342871006677674,0.3095770005678115
2,-0.2,1.1864529058116233,0.7358796013253615,0.3103940699556049
2,-0.2,1.1908216432865733,0.737471598989643,0.3112035024653008
2,-0.2,1.1951903807615232,0.7390631082864865,0.31200530719538766
2,-0.2,1.1995591182364729,0.7406541435629092,0.31279949310783717
2,-0.2,1.2039278557114228,0.742244718889624,0.31358606902750047
2,-0.2,1.2082965931863727,0.7438348480635544,0.3143650436415023
2,-0.2,1.2126653306613226,0.7454245446103056,0.31513642549864657
2,-0.2,1.2170340681362726,0.7470138217865954,0.31590022300881593
2,-0.2,1.2214028056112225,0.748602692582646,0.3166564444423757
2,-0.2,1.2257715430861724,0.750191169724536,0.3174050979295796
2,-0.2,1.2301402805611223,0.7517792656765099,0.3181461914599753
2,-0.2,1.2345090180360723,0.7533669926432518,0.3188797328818111
2,-0.2,1.238877755511022,0.754954362572119,0.31960572990144204
2,-0.2,1.243246492985972,0.7565413871553348,0.32032419008274016
2,-0.2,1.2476152304609218,0.7581280778321456,0.3210351208464968
2,-0.2,1.2519839679358717,0.7597144457909392,0.32173852946983345
2,-0.2,1.2563527054108217,0.7613005019713239,0.32243442308560266
2,-0.2,1.2607214428857716,0.7628862570661717,0.32312280868179766
2,-0.2,1.2650901803607215,0.7644717215236218,0.32380369310095225
2,-0.2,1.2694589178356714,0.766056905549051,0.324477083039544
2,-0.2,1.2738276553106214,0.7676418191070019,0.3251429850473932
2,-0.2,1.278196392785571,0.769226471923079,0.32580140552706127
2,-0.2,1.282565130260521,0.7708108734858062,0.32645235073324597
2,-0.2,1.286933867735471,0.7723950330484471,0.3270958267721747
2,-0.2,1.2913026052104208,0.7739789596307917,0.32773183960099217
2,-0.2,1.2956713426853708,0.7755626620209055,0.3283603950271492
2,-0.2,1.3000400801603207,0.7771461487768435,0.32898149870778454
2,-0.2,1.3044088176352706,0.7787294282283276,0.32959515614910473
2,-0.2,1.3087775551102205,0.7803125084783902,0.330201372705759
2,-0.2,1.3131462925851705,0.7818953974049818,0.3308001535802094
2,-0.2,1.3175150300601204,0.7834781026625433,0.33139150382209936
2,-0.2,1.32188376753507,0.7850606316835426,0.33197542832761334
2,-0.2,1.32625250501002,0.7866429916799789,0.33255193183883486
2,-0.2,1.33062124248497,0.7882251896448488,0.3331210189430962
2,-0.2,1.3349899799599199,0.7898072323535807,0.3336826940723247
2,-0.2,1.3393587174348698,0.7913891263654335,0.33423696150238325
2,-0.2,1.3437274549098197,0.7929708780248591,0.3347838253524025
2,-0.2,1.3480961923847696,0.7945524934628341,0.3353232895841088
2,-0.2,1.3524649298597196,0.7961339785981535,0.33585535800114485
2,-0.2,1.3568336673346695,0.7977153391386945,0.33638003424838187
2,-0.2,1.3612024048096192,0.7992965805826394,0.33689732181122806
2,-0.2,1.365571142284569,0.8008777082196721,0.33740722401492557
2,-0.2,1.369939879759519,0.8024587271321334,0.33790974402384255
2,-0.2,1.374308617234469,0.8040396421961477,0.338404884840756
2,-0.2,1.3786773547094189,0.805620458082712,0.3388926493061272
2,-0.2,1.3830460921843688,0.8072011792587519,0.3393730400973662
2,-0.2,1.3874148296593187,0.8087818099881441,0.3398460597280911
2,-0.2,1.3917835671342687,0.8103623543327024,0.340311710547376
2,-0.2,1.3961523046092186,0.8119428161531332,0.3407699947389888
2,-0.2,1.4005210420841683,0.813523199109953,0.3412209143206219
2,-0.2,1.4048897795591182,0.8151035066643731,0.34166447114311055
2,-0.2,1.4092585170340681,0.8166837420791513,0.3421006668896434
2,-0.2,1.413627254509018,0.8182639084194062,0.3425295030749591
2,-0.2,1.417995991983968,0.8198440085533993,0.34295098104453625
2,-0.2,1.422364729458918,0.8214240451532812,0.34336510197376846
2,-0.2,1.4267334669338678,0.8230040206958033,0.3437718668671326
2,-0.2,1.4311022044088177,0.8245839374629947,0.3441712765573399
2,-0.2,1.4354709418837677,0.8261637975428052,0.3445633317044791
2,-0.2,1.4398396793587174,0.82774360282971,0.344948032795147
2,-0.2,1.4442084168336673,0.829323355025282,0.3453253801415654
2,-0.2,1.4485771543086172,0.8309030556387269,0.3456953738806858
2,-0.2,1.4529458917835671,0.8324827059873853,0.3460580139732797
2,-0.2,1.457314629258517,0.8340623071971938,0.3464133002030193
2,-0.2,1.461683366733467,0.8356418602031154,0.3467612321755401
2,-0.2,1.466052104208417,0.8372213657495297,0.3471018093174929
2,-0.2,1.4704208416833668,0.8388008243905891,0.34743503087557837
2,-0.2,1.4747895791583168,0.8403802364905375,0.34776089591557013
2,-0.2,1.4791583166332665,0.8419596022239885,0.34807940332132303
2,-0.2,1.4835270541082164,0.8435389215761738,0.34839055179375983
2,-0.2,1.4878957915831663,0.8451181943431458,0.34869433984985426
2,-0.2,1.4922645290581162,0.8466974201319476,0.34899076582158584
2,-0.2,1.4966332665330662,0.8482765983607422,0.3492798278548873
2,-0.2,1.501002004008016,0.8498557282589049,0.3495615239085704
2,-0.2,1.505370741482966,0.8514348088670739,0.3498358517532385
2,-0.2,1.509739478957916,0.8530138390371652,0.3501028089701793
2,-0.2,1.5141082164328659,0.8545928174323448,0.3503623929502421
2,-0.2,1.5184769539078156,0.8561717425269616,0.3506146008926954
2,-0.2,1.5228456913827655,0.8577506126064419,0.35085942980406815
2,-0.2,1.5272144288577154,0.8593294257671381,0.3510968764969727
2,-0.2,1.5315831663326653,0.8609081799161407,0.3513269375889065
2,-0.2,1.5359519038076153,0.8624868727710473,0.35154960950103564
2,-0.2,1.5403206412825652,0.8640655018596857,0.35176488845696163
2,-0.2,1.544689378757515,0.8656440645197994,0.3519727704814653
2,-0.2,1.549058116232465,0.8672225578986853,0.3521732513992297
2,-0.2,1.553426853707415,0.8688009789527904,0.35236632683354707
2,-0.2,1.5577955911823649,0.8703793244472608,0.35255199220499756
2,-0.2,1.5621643286573146,0.8719575909554487,0.35273024273011555
2,-0.2,1.5665330661322645,0.8735357748583714,0.35290107342002647
2,-0.2,1.5709018036072144,0.8751138723441257,0.3530644790790647
2,-0.2,1.5752705410821644,0.876691879407252,0.3532204543033703
2,-0.2,1.5796392785571143,0.8782697918480538,0.35336899347946144
2,-0.2,1.5840080160320642,0.879847605271867,0.3535100907827827
2,-0.2,1.5883767535070141,0.8814253150882826,0.35364374017623035
2,-0.2,1.592745490981964,0.8830029165103122,0.3537699354086571
2,-0.2,1.597114228456914,0.884580404553512,0.35388867001334506
2,-0.2,1.6014829659318637,0.8861577740350495,0.353999937306461
2,-0.2,1.6058517034068136,0.8877350195727179,0.35410373038548204
2,-0.2,1.6102204408817635,0.8893121355838994,0.35420004212759865
2,-0.2,1.6145891783567135,0.8908891162844713,0.35428886518808805
2,-0.2,1.6189579158316634,0.8924659556876597,0.3543701919986658
2,-0.2,1.6233266533066133,0.8940426476028356,0.3544440147658033
2,-0.2,1.6276953907815632,0.8956191856342535,0.35451032546902783
2,-0.2,1.6320641282565131,0.8971955631797327,0.35456911585918494
2,-0.2,1.636432865731463,0.8987717734292772,0.35462037745668024
2,-0.2,1.6408016032064128,0.9003478093636388,0.3546641015496861
2,-0.2,1.6451703406813627,0.9019236637528147,0.35470027919232583
2,-0.2,1.6495390781563126,0.903499329154486,0.3547289012028215
2,-0.2,1.6539078156312625,0.9050747979123873,0.3547499581616184
2,-0.2,1.6582765531062125,0.9066500621546176,0.3547634404094728
2,-0.2,1.6626452905811624,0.9082251137918786,0.35476933804551397
2,-0.2,1.6670140280561123,0.9097999445156486,0.3547676409252703
2,-0.2,1.6713827655310622,0.9113745457962856,0.35475833865866824
2,-0.2,1.6757515030060122,0.9129489088810613,0.35474142060799374
2,-0.2,1.6801202404809619,0.9145230247921197,0.3547168758858266
2,-0.2,1.6844889779559118,0.9160968843243662,0.3546846933529349
2,-0.2,1.6888577154308617,0.9176704780432781,0.3546448616161417
2,-0.2,1.6932264529058116,0.9192437962826383,0.35459736902615463
2,-0.2,1.6975951903807616,0.9208168291421938,0.3545422036753598
2,-0.2,1.7019639278557115,0.9223895664852285,0.3544793533955834
2,-0.2,1.7063326653306614,0.9239619979360576,0.35440880575581524
2,-0.2,1.7107014028056113,0.9255341128774384,0.3543305480598942
2,-0.2,1.7150701402805613,0.9271059004478909,0.3542445673441658
2,-0.2,1.719438877755511,0.9286773495389359,0.3541508503750893
2,-0.2,1.7238076152304609,0.9302484487922384,0.35404938364681904
2,-0.2,1.7281763527054108,0.9318191865966624,0.3539401533787399
2,-0.2,1.7325450901803607,0.9333895510852285,0.3538231455129678
2,-0.2,1.7369138276553107,0.934959530131978,0.35369834571181147
2,-0.2,1.7412825651302606,0.9365291113487355,0.3535657393551911
2,-0.2,1.7456513026052105,0.938098282081772,0.35342531153802115
2,-0.2,1.7500200400801604,0.9396670294083632,0.35327704706754703
2,-0.2,1.7543887775551104,0.9412353401332425,0.35312093046064885
2,-0.2,1.75875751503006,0.9428032007849437,0.35295694594109517
2,-0.2,1.76312625250501,0.9443705976120342,0.3527850774367605
2,-0.2,1.76749498997996,0.9459375165792303,0.3526053085767969
2,-0.2,1.7718637274549098,0.9475039433633998,0.3524176226887644
2,-0.2,1.7762324649298598,0.9490698633494399,0.35222200279571947
2,-0.2,1.7806012024048097,0.9506352616260344,0.35201843161325497
2,-0.2,1.7849699398797596,0.9522001229812823,0.35180689154650013
2,-0.2,1.7893386773547095,0.9537644318981979,0.35158736468707696
2,-0.2,1.7937074148296595,0.9553281725500767,0.35135983281000305
2,-0.2,1.7980761523046092,0.9568913287957248,0.35112427737056223
2,-0.2,1.802444889779559,0.9584538841745467,0.35088067950111695
2,-0.2,1.806813627254509,0.9600158219014897,0.350629020007882
2,-0.2,1.811182364729459,0.9615771248618405,0.3503692793676492
2,-0.2,1.8155511022044089,0.9631377756058676,0.35010143772446534
2,-0.2,1.8199198396793588,0.9646977563433081,0.3498254748862638
2,-0.2,1.8242885771543087,0.9662570489376953,0.3495413703214466
2,-0.2,1.8286573146292586,0.967815634900518,0.3492491031554221
2,-0.2,1.8330260521042085,0.9693734953852129,0.3489486521670925
2,-0.2,1.8373947895791582,0.97093061118098,0.3486399957852939
2,-0.2,1.8417635270541082,0.9724869627064209,0.34832311208518724
2,-0.2,1.846132264529058,0.9740425300029895,0.3479979787846032
2,-0.2,1.850501002004008,0.9755972927282555,0.34766457324033784
2,-0.2,1.854869739478958,0.9771512301489721,0.34732287244439813
2,-0.2,1.8592384769539079,0.9787043211339409,0.34697285302020003
2,-0.2,1.8636072144288578,0.9802565441466733,0.34661449121872057
2,-0.2,1.8679759519038077,0.9818078772378351,0.3462477629145976
2,-0.2,1.8723446893787576,0.9833582980374768,0.34587264360218595
2,-0.2,1.8767134268537076,0.9849077837470342,0.34548910839156116
2,-0.2,1.8810821643286573,0.9864563111311001,0.345097132004481
2,-0.2,1.8854509018036072,0.9880038565089564,0.34469668877029247
2,-0.2,1.8898196392785571,0.9895503957458577,0.3442877526218018
2,-0.2,1.894188376753507,0.9910959042440656,0.3438702970910916
2,-0.2,1.898557114228457,0.9926403569336193,0.343444295305292
2,-0.2,1.902925851703407,0.9941837282628376,0.3430097199823121
2,-0.2,1.9072945891783568,0.9957259921885447,0.342566543426523
2,-0.2,1.9116633266533067,0.9972671221660104,0.34211473752440125
2,-0.2,1.9160320641282567,0.9988070911385944,0.34165427374012697
2,-0.2,1.9204008016032064,1.00034587152709,0.34118512311114463
2,-0.2,1.9247695390781563,1.0018834352187547,0.3407072562436801
2,-0.2,1.9291382765531062,1.0034197535560152,0.3402206433082254
2,-0.2,1.9335070140280561,1.004954797324844,0.33972525403498366
2,-0.2,1.937875751503006,1.0064885367427927,0.33922105770927646
2,-0.2,1.942244488977956,1.0080209414466696,0.33870802316692683
2,-0.2,1.946613226452906,1.0095519804798545,0.3381861187896035
2,-0.2,1.9509819639278558,1.0110816222792363,0.3376553125001423
2,-0.2,1.9553507014028058,1.0126098346617654,0.337115571757839
2,-0.2,1.9597194388777555,1.0141365848106005,0.3365668635537198
2,-0.2,1.9640881763527054,1.0156618392608474,0.3360091544057948
2,-0.2,1.9684569138276553,1.0171855638848677,0.33544241035429173
2,-0.2,1.9728256513026052,1.0187077238771496,0.33486659695687526
2,-0.2,1.9771943887775552,1.020228283738722,0.33428167928386415
2,-0.2,1.981563126252505,1.0217472072611031,0.3336876219134356
2,-0.2,1.985931863727455,1.0232644575097598,0.33308438892683356
2,-0.2,1.990300601202405,1.02477999680707,0.33247194390358215
2,-0.2,1.9946693386773549,1.0262937867147701,0.33185024991670276
2,-0.2,1.9990380761523046,1.027805788015863,0.3312192695279565
2,-0.2,2.0034068136272545,1.0293159606959814,0.33057896478309834
2,-0.2,2.0077755511022044,1.0308242639241776,0.32992929720716474
2,-0.2,2.0121442885771543,1.0323306560331278,0.32927022779979503
2,-0.2,2.0165130260521043,1.033835094498728,0.3286017170305959
2,-0.2,2.020881763527054,1.0353375359190606,0.32792372483455523
2,-0.2,2.025250501002004,1.0368379359927142,0.3272362106075176
2,-0.2,2.029619238476954,1.0383362494964339,0.3265391332017257
2,-0.2,2.033987975951904,1.0398324302620754,0.32583245092144636
2,-0.2,2.038356713426854,1.0413264311528454,0.3251161215186789
2,-0.2,2.042725450901804,1.042818204038803,0.3243901021889707
2,-0.2,2.0470941883767537,1.044307699771592,0.3236543495673447
2,-0.2,2.0514629258517036,1.0457948681583873,0.32290881972435387
2,-0.2,2.0558316633266536,1.047279657935019,0.32215346816227697
2,-0.2,2.060200400801603,1.0487620167382556,0.3213882498114707
2,-0.2,2.064569138276553,1.0502418910772098,0.3206131190268968
2,-0.2,2.068937875751503,1.0517192263038426,0.31982802958483547
2,-0.2,2.073306613226453,1.0531939665825334,0.3190329346798122
2,-0.2,2.0776753507014027,1.0546660548586837,0.3182277869217509
2,-0.2,2.0820440881763527,1.0561354328263215,0.31741253833337674
2,-0.2,2.0864128256513026,1.0576020408946738,0.3165871403478943
2,-0.2,2.0907815631262525,1.0590658181536736,0.315751543806963
2,-0.2,2.0951503006012024,1.0605267023383576,0.3149056989589928
2,-0.2,2.0995190380761524,1.0619846297921283,0.3140495554577946
2,-0.2,2.1038877755511023,1.063439535428832,0.3131830623616104
2,-0.2,2.108256513026052,1.0648913526936188,0.3123061681325572
2,-0.2,2.112625250501002,1.0663400135225398,0.3114188206365162
2,-0.2,2.116993987975952,1.067785448300842,0.31052096714350375
2,-0.2,2.121362725450902,1.0692275858199123,0.30961255432856577
2,-0.2,2.125731462925852,1.070666353232833,0.3086935282732381
2,-0.2,2.130100200400802,1.0721016760084912,0.3077638344676037
2,-0.2,2.1344689378757518,1.0735334778842052,0.306823417813015
2,-0.2,2.1388376753507012,1.0749616808168099,0.30587222262551383
2,-0.2,2.143206412825651,1.0763862049321575,0.30491019264000563
2,-0.2,2.147575150300601,1.07780696847297,0.30393727101526063
2,-0.2,2.151943887775551,1.079223887745005,0.30295340033977564
2,-0.2,2.156312625250501,1.0806368770614656,0.3019585226385865
2,-0.2,2.160681362725451,1.0820458486856053,0.3009525793810853
2,-0.2,2.165050100200401,1.0834507127714688,0.2999355114899243
2,-0.2,2.1694188376753507,1.084851377302706,0.2989072593510789
2,-0.2,2.1737875751503006,1.0862477480294042,0.2978677628251666
2,-0.2,2.1781563126252506,1.0876397284028696,0.29681696126008605
2,-0.2,2.1825250501002005,1.0890272195083004,0.2957547935051055
2,-0.2,2.1868937875751504,1.0904101199952856,0.2946811979264744
2,-0.2,2.1912625250501003,1.0917883260060615,0.29359611242468747
2,-0.2,2.1956312625250503,1.0931617311014656,0.2924994744534885
2,-0.2,2.2,1.094530226184513,0.2913912210407866
3,-0.4,0.02,0.31471285892924555,-0.4212838233777382
3,-0.4,0.0243687374749499,0.3183181357637412,-0.41591250211603353
3,-0.4,0.0287374749498998,0.3218871173822321,-0.41058119286039096
3,-0.4,0.0331062124248497,0.32542024431772854,-0.4052894801394933
3,-0.4,0.0374749498997996,0.3289179538713289,-0.4000369537243927
3,-0.4,0.0418436873747495,0.3323806801022104,-0.3948232086023869
3,-0.4,0.046212424849699396,0.3358088538170604,-0.3896478449495566
3,-0.4,0.0505811623246493,0.33920290255903063,-0.3845104681019507
3,-0.4,0.0549498997995992,0.34256325059632153,-0.3794106885254013
3,-0.4,0.0593186372745491,0.345890318910449,-0.37434812178398513
3,-0.4,0.063687374749499,0.34918452518430104,-0.3693223885071224
3,-0.4,0.0680561122244489,0.3524462837900581,-0.36433311435532834
3,-0.4,0.0724248496993988,0.3556760057770577,-0.35937992998462737
3,-0.4,0.0767935871743487,0.35887409885968324,-0.3544624710096539
3,-0.4,0.0811623246492986,0.3620409674053609,-0.3495803779654494
3,-0.4,0.0855310621242485,0.36517701242272693,-0.3447332962679985
3,-0.4,0.0898997995991984,0.3682826315500573,-0.33992087617352307
3,-0.4,0.0942685370741483,0.37135821904400734,-0.33514277273657367
3,-0.4,0.0986372745490982,0.37440416576875485,-0.33039864576695066
3,-0.4,0.1030060120240481,0.3774208591855836,-0.32568815978550536
3,-0.4,0.107374749498998,0.3804086833429928,-0.32101098397885763
3,-0.4,0.1117434869739479,0.38336801886737526,-0.31636679215307795
3,-0.4,0.11611222444889781,0.38629924295432283,-0.31175526268638615
3,-0.4,0.1204809619238477,0.3892027293606129,-0.3071760784809185
3,-0.4,0.1248496993987976,0.3920788483969151,-0.3026289269136101
3,-0.4,0.12921843687374748,0.3949279669212719,-0.29811349978625906
3,-0.4,0.13358717434869738,0.39775044833338247,-0.29362949327481797
3,-0.4,0.1379559118236473,0.4005466525697288,-0.2891766078779782
3,-0.4,0.1423246492985972,0.40331693609958313,-0.2847545483651
3,-0.4,0.1466933867735471,0.40606165192190913,-0.2803630237235545
3,-0.4,0.151062124248497,0.4087811495631946,-0.2760017471055291
3,-0.4,0.1554308617234469,0.4114757750762285,-0.27167043577435995
3,-0.4,0.15979959919839679,0.4141458710398466,-0.2673688110504558
3,-0.4,0.16416833667334668,0.416791776559649,-0.26309659825686
3,-0.4,0.16853707414829658,0.419413827269703,-0.2588535266645234
3,-0.4,0.17290581162324647,0.4220123553352476,-0.25463932943733497
3,-0.4,0.17727454909819637,0.4245876894563854,-0.25045374357697386
3,-0.4,0.1816432865731463,0.427140154872777,-0.24629650986763635
3,-0.4,0.1860120240480962,0.4296700733693273,-0.24216737282069148
3,-0.4,0.1903807615230461,0.4321777632828607,-0.23806608061931786
3,-0.4,0.19474949899799598,0.43466353950978,-0.23399238506318012
3,-0.4,0.19911823647294588,0.4371277135146907,-0.2299460415131845
3,-0.4,0.20348697394789578,0.43957059333998927,-0.2259268088363693
3,-0.4,0.20785571142284567,0.44199248361638305,-0.2219344493509765
3,-0.4,0.2122244488977956,0.44439368557435616,-0.21796872877174514
3,-0.4,0.2165931863727455,0.44677449705651706,-0.21402941615547316
3,-0.4,0.2209619238476954,0.44913521253085426,-0.21011628384688458
3,-0.4,0.2253306613226453,0.451476123104848,-0.20622910742484737
3,-0.4,0.22969939879759518,0.45379751654042033,-0.20236766564897019
3,-0.4,0.23406813627254508,0.4560996772697146,-0.19853174040661986
3,-0.4,0.23843687374749498,0.4583828864116528,-0.19472111666038852
3,-0.4,0.24280561122244487,0.4606474217892696,-0.19093558239604014
3,-0.4,0.24717434869739477,0.46289355794778236,-0.18717492857096943
3,-0.4,0.2515430861723447,0.4651215661733668,-0.18343894906319677
3,-0.4,0.2559118236472946,0.46733171451262356,-0.17972744062092075
3,-0.4,0.2602805611222445,0.46952426779269324,-0.17604020281265806
3,-0.4,0.2646492985971944,0.4716994876419972,-0.1723770379779844
3,-0.4,0.2690180360721443,0.4738576325115783,-0.1687377511788999
3,-0.4,0.27338677354709423,0.47599895769700235,-0.16512215015183576
3,-0.4,0.2777555110220441,0.47812371536079945,-0.16153004526031214
3,-0.4,0.282124248496994,0.48023215455541607,-0.15796124944826864
3,-0.4,0.2864929859719439,0.48232452124664177,-0.1544155781940747
3,-0.4,0.2908617234468938,0.4844010583374911,-0.1508928494652293
3,-0.4,0.2952304609218437,0.48646200569250125,-0.1473928836737624
3,-0.4,0.2995991983967936,0.48850760016243167,-0.14391550363234326
3,-0.4,0.30396793587174353,0.4905380756093219,-0.14046053451110227
3,-0.4,0.3083366733466934,0.4925536629318958,-0.13702780379516957
3,-0.4,0.3127054108216433,0.49455459009126757,-0.13361714124293464
3,-0.4,0.3170741482965932,0.4965410821369491,-0.13022837884503302
3,-0.4,0.3214428857715431,0.4985133612331052,-0.12686135078405225
3,-0.4,0.325811623246493,0.5004716466850458,-0.12351589339496545
3,-0.4,0.3301803607214429,0.5024161549659413,-0.12019184512628933
3,-0.4,0.3345490981963928,0.5043470997437092,-0.11688904650195976
3,-0.4,0.3389178356713427,0.5062646919080792,-0.11360734008393039
3,-0.4,0.34328657314629263,0.508169139597794,-0.11034657043548356
3,-0.4,0.3476553106212425,0.5100606482279326,-0.10710658408525228
3,-0.4,0.3520240480961924,0.5119394205173384,-0.10388722949194913
3,-0.4,0.3563927855711423,0.51380565651612,-0.10068835700979138
3,-0.4,0.3607615230460922,0.5156595536332228,-0.09750981885462383
3,-0.4,0.3651302605210421,0.5175013066640343,-0.09435146907072449
3,-0.4,0.369498997995992,0.5193311078180228,-0.09121316349829021
3,-0.4,0.37386773547094193,0.5211491467463749,-0.0880947597415933
3,-0.4,0.3782364729458918,0.5229556105696339,-0.08499611713780138
3,-0.4,0.3826052104208417,0.5247506839053065,-0.08191709672644877
3,-0.4,0.3869739478957916,0.5265345488954348,-0.07885756121955619
3,-0.4,0.3913426853707415,0.5283073852341106,-0.07581737497238204
3,-0.4,0.3957114228456914,0.530069370194928,-0.0727964039548025
3,-0.4,0.4000801603206413,0.5318206786583513,-0.06979451572330639
3,-0.4,0.40444889779559123,0.5335614831389919,-0.06681157939359587
3,-0.4,0.4088176352705411,0.5352919538127833,-0.06384746561378438
3,-0.4,0.413186372745491,0.5370122585440357,-0.06090204653817696
3,-0.4,0.4175551102204409,0.5387225629123719,-0.05797519580163027
3,-0.4,0.4219238476953908,0.5404230302395222,-0.055066788494472184
3,-0.4,0.4262925851703407,0.5421138216159785,-0.05217670113797983
3,-0.4,0.4306613226452906,0.5437950959274889,-0.04930481166039696
3,-0.4,0.4350300601202405,0.5454670098814014,-0.04645099937348943
3,-0.4,0.4393987975951904,0.5471297180328241,-0.04361514494961438
3,-0.4,0.44376753507014033,0.5487833728106231,-0.040797130399311765
3,-0.4,0.4481362725450902,0.5504281245432262,-0.037996839049387894
3,-0.4,0.4525050100200401,0.5520641214842438,-0.03521415552149355
3,-0.4,0.45687374749499,0.5536915098378905,-0.03244896571118182
3,-0.4,0.4612424849699399,0.5553104337842084,-0.02970115676743541
3,-0.4,0.4656112224448898,0.5569210355040857,-0.026970617072653354
3,-0.4,0.4699799599198397,0.558523455204061,-0.024257236223086318
3,-0.4,0.4743486973947896,0.5601178311409185,-0.021560905009712705
3,-0.4,0.4787174348697395,0.5617042996460612,-0.01888151539954146
3,-0.4,0.4830861723446894,0.5632829951496662,-0.016218960517338028
3,-0.4,0.4874549098196393,0.5648540502046112,-0.013573134627754994
3,-0.4,0.4918236472945892,0.5664175955101782,-0.01094393311786848
3,-0.4,0.4961923847695391,0.5679737599355231,-0.008331252480100616
3,-0.4,0.500561122244489,0.5695226705429193,-0.005734990295526823
3,-0.4,0.5049298597194388,0.5710644526107587,-0.003155045217553201
3,-0.4,0.5092985971943887,0.5725992296563253,-0.0005913169559580365
3,-0.4,0.5136673346693387,0.5741271234583285,0.0019562937387110884
3,-0.4,0.5180360721442886,0.5756482540791983,0.0044878850903941475
3,-0.4,0.5224048096192385,0.5771627398871414,0.007003554312441666
3,-0.4,0.5267735470941884,0.5786706975779594,0.009503397622201966
3,-0.4,0.5311422845691383,0.580172242196625,0.011987510255293318
3,-0.4,0.5355110220440882,0.5816674871586192,0.014455986479560241
3,-0.4,0.5398797595190381,0.5831565442710259,0.01690891960872381
3,-0.4,0.544248496993988,0.5846395237533895,0.019346402015736886
3,-0.4,0.548617234468938,0.5861165342583292,0.021768525145846082
3,-0.4,0.5529859719438878,0.587587682891915,0.02417537952937413
3,-0.4,0.5573547094188377,0.5890530752338026,0.026567054794223728
3,-0.4,0.5617234468937876,0.5905128153571335,0.028943639678113628
3,-0.4,0.5660921843687375,0.5919670058481926,0.03130522204055481
3,-0.4,0.5704609218436874,0.5934157478258308,0.03365188887456827
3,-0.4,0.5748296593186373,0.5948591409606544,0.03598372631815577
3,-0.4,0.5791983967935872,0.5962972834939743,0.0383008196655285
3,-0.4,0.5835671342685371,0.5977302722565259,0.040603253378099266
3,-0.4,0.587935871743487,0.599158202686955,0.04289111109524404
3,-0.4,0.5923046092184369,0.6005811688500724,0.045164475644840815
3,-0.4,0.5966733466933868,0.6019992634548819,0.04742342905358825
3,-0.4,0.6010420841683367,0.6034125778723751,0.04966805255711354
3,-0.4,0.6054108216432866,0.604821202153107,0.05189842660987032
3,-0.4,0.6097795591182364,0.6062252250445396,0.05411463089483822
3,-0.4,0.6141482965931864,0.6076247340081704,0.05631674433302105
3,-0.4,0.6185170340681363,0.609019815236433,0.058504845092757954
3,-0.4,0.6228857715430862,0.6104105536693829,0.06067901059884378
3,-0.4,0.6272545090180361,0.611797033011165,0.06283931754147072
3,-0.4,0.631623246492986,0.6131793357462635,0.06498584188499026
3,-0.4,0.6359919839679359,0.6145575431555428,0.06711865887650326
3,-0.4,0.6403607214428858,0.615931735332075,0.06923784305428077
3,-0.4,0.6447294589178357,0.6173019911967541,0.07134346825602357
3,-0.4,0.6490981963927855,0.618668388513711,0.07343560762695739
3,-0.4,0.6534669338677355,0.6200310039055151,0.07551433362777671
3,-0.4,0.6578356713426854,0.6213899128681796,0.07757971804243315
3,-0.4,0.6622044088176353,0.6227451897859599,0.07963183198577854
3,-0.4,0.6665731462925852,0.624096907945957,0.08167074591106278
3,-0.4,0.670941883767535,0.6254451395525233,0.08369652961728935
3,-0.4,0.675310621242485,0.6267899557414734,0.08570925225643734
3,-0.4,0.6796793587174349,0.6281314265941011,0.08770898234054729
3,-0.4,0.6840480961923848,0.6294696211510087,0.08969578774867709
3,-0.4,0.6884168336673347,0.6308046074257456,0.09166973573373141
3,-0.4,0.6927855711422846,0.6321364524182634,0.09363089292916714
3,-0.4,0.6971543086172345,0.6334652221281842,0.09557932535557903
3,-0.4,0.7015230460921844,0.63479098156789,0.09751509842716456
3,-0.4,0.7058917835671343,0.6361137947754302,0.09943827695807819
3,-0.4,0.7102605210420841,0.6374337248272526,0.10134892516867057
3,-0.4,0.7146292585170341,0.6387508338507606,0.10324710669161909
3,-0.4,0.718997995991984,0.6400651830366929,0.10513288457795278
3,-0.4,0.7233667334669339,0.6413768326513382,0.10700632130297201
3,-0.4,0.7277354709418838,0.6426858420485746,0.10886747877206797
3,-0.4,0.7321042084168337,0.6439922696817477,0.11071641832644162
3,-0.4,0.7364729458917836,0.6452961731153797,0.11255320074872766
3,-0.4,0.7408416833667335,0.6465976090367179,0.11437788626852216
3,-0.4,0.7452104208416834,0.6478966332671222,0.1161905345678207
3,-0.4,0.7495791583166332,0.6491933007732935,0.11799120478636424
3,-0.4,0.7539478957915832,0.6504876656783459,0.11977995552689874
3,-0.4,0.7583166332665331,0.6517797812727244,0.1215568448603471
3,-0.4,0.762685370741483,0.6530697000249689,0.12332193033090087
3,-0.4,0.7670541082164329,0.6543574735923295,0.12507526896102672
3,-0.4,0.7714228456913828,0.6556431528312311,0.12681691725639435
3,-0.4,0.7757915831663327,0.656926787807592,0.1285469312107274
3,-0.4,0.7801603206412826,0.6582084278069985,0.13026536631057634
3,-0.4,0.7845290581162325,0.6594881213447347,0.1319722775400181
3,-0.4,0.7888977955911824,0.6607659161756738,0.13366771938528144
3,-0.4,0.7932665330661323,0.6620418593040267,0.13535174583930426
3,-0.4,0.7976352705410822,0.6633159969929573,0.1370244104062165
3,-0.4,0.8020040080160321,0.6645883747740584,0.13868576610576017
3,-0.4,0.806372745490982,0.6658590374566967,0.14033586547763832
3,-0.4,0.8107414829659318,0.6671280291372239,0.14197476058580277
3,-0.4,0.8151102204408818,0.6683953932080591,0.14360250302267424
3,-0.4,0.8194789579158317,0.6696611723666415,0.1452191439133048
3,-0.4,0.8238476953907816,0.6709254086242573,0.14682473391947476
3,-0.4,0.8282164328657315,0.6721881433147402,0.14841932324373333
3,-0.4,0.8325851703406814,0.6734494171030501,0.15000296163337934
3,-0.4,0.8369539078156313,0.6747092699937297,0.15157569838438475
3,-0.4,0.8413226452905812,0.6759677413392383,0.1531375823452634
3,-0.4,0.8456913827655311,0.6772248698481729,0.15468866192088357
3,-0.4,0.8500601202404809,0.6784806935933659,0.1562289850762275
3,-0.4,0.8544288577154309,0.6797352500198719,0.15775859934009895
3,-0.4,0.8587975951903808,0.6809885759528386,0.1592775518087783
3,-0.4,0.8631663326653307,0.6822407076052662,0.160785889149628
3,-0.4,0.8675350701402806,0.6834916805856561,0.1622836576046481
3,-0.4,0.8719038076152305,0.6847415299055504,0.16377090299398278
3,-0.4,0.8762725450901804,0.6859902899869629,0.16524767071938218
3,-0.4,0.8806412825651303,0.6872379946697034,0.1667140057676136
3,-0.4,0.8850100200400802,0.6884846772185997,0.16816995271382984
3,-0.4,0.88937875751503,0.6897303703306125,0.16961555572489256
3,-0.4,0.89374749498998,0.6909751061418519,0.17105085856265045
3,-0.4,0.8981162324649299,0.6922189162344882,0.17247590458717607
3,-0.4,0.9024849699398798,0.6934618316435688,0.1738907367599587
3,-0.4,0.9068537074148297,0.694703882863733,0.17529539764705693
3,-0.4,0.9112224448897795,0.6959450998558321,0.1766899294222098
3,-0.4,0.9155911823647295,0.6971855120534534,0.17807437386990949
3,-0.4,0.9199599198396794,0.6984251483693485,0.17944877238843218
3,-0.4,0.9243286573146293,0.6996640372017723,0.18081316599283287
3,-0.4,0.9286973947895791,0.7009022064407259,0.182167595317901
3,-0.4,0.9330661322645291,0.7021396834741117,0.18351210062108006
3,-0.4,0.937434869739479,0.7033764951937994,0.18484672178534897
3,-0.4,0.9418036072144289,0.7046126680016009,0.1861714983220693
3,-0.4,0.9461723446893788,0.7058482278151631,0.18748646937379684
3,-0.4,0.9505410821643286,0.7070832000737686,0.1887916737170573
3,-0.4,0.9549098196392786,0.7083176097440579,0.1900871497650901
3,-0.4,0.9592785571142285,0.7095514813256631,0.19137293557055765
3,-0.4,0.9636472945891784,0.7107848388567621,0.19264906882822033
3,-0.4,0.9680160320641283,0.7120177059195507,0.19391558687758179
3,-0.4,0.9723847695390782,0.713250105645632,0.1951725267055006
3,-0.4,0.9767535070140281,0.7144820607213305,0.19641992494877142
3,-0.4,0.981122244488978,0.7157135933929238,0.19765781789667455
3,-0.4,0.9854909819639279,0.7169447254717998,0.19888624149349646
3,-0.4,0.9898597194388777,0.718175478339536,0.2001052313410188
3,-0.4,0.9942284569138277,0.7194058729529048,0.20131482270097953
3,-0.4,0.9985971943887776,0.7206359298488028,0.20251505049750462
3,-0.4,1.0029659318637274,0.7218656691491061,0.20370594931951166
3,-0.4,1.0073346693386773,0.7230951105654572,0.20488755342308376
3,-0.4,1.0117034068136272,0.7243242734039744,0.20605989673381908
3,-0.4,1.0160721442885772,0.7255531765698947,0.20722301284914924
3,-0.4,1.020440881763527,0.7267818385721455,0.20837693504063512
3,-0.4,1.024809619238477,0.7280102775278474,0.2095216962562324
3,-0.4,1.029178356713427,0.7292385111667469,0.21065732912253418
3,-0.4,1.0335470941883769,0.7304665568355861,0.21178386594698587
3,-0.4,1.0379158316633268,0.7316944315024022,0.21290133872007624
3,-0.4,1.0422845691382765,0.7329221517607613,0.2140097791175026
3,-0.4,1.0466533066132264,0.7341497338339312,0.2151092185023124
3,-0.4,1.0510220440881763,0.735377193578985,0.2161996879270199
3,-0.4,1.0553907815631263,0.7366045464908447,0.2172812181356987
3,-0.4,1.0597595190380762,0.7378318077062617,0.21835383956605212
3,-0.4,1.0641282565130261,0.7390589920077331,0.21941758235145947
3,-0.4,1.068496993987976,0.7402861138273622,0.22047247632299885
3,-0.4,1.072865731462926,0.7415131872506514,0.2215185510114482
3,-0.4,1.0772344689378759,0.7427402260202416,0.22255583564926573
3,-0.4,1.0816032064128256,0.7439672435395904,0.22358435917254302
3,-0.4,1.0859719438877755,0.7451942528765895,0.22460415022294353
3,-0.4,1.0903406813627254,0.7464212667671288,0.22561523714961454
3,-0.4,1.0947094188376754,0.7476482976186016,0.22661764801107903
3,-0.4,1.0990781563126253,0.748875357513351,0.22761141057710862
3,-0.4,1.1034468937875752,0.7501024582120643,0.22859655233057444
3,-0.4,1.1078156312625251,0.7513296111571116,0.2295731004692765
3,-0.4,1.112184368737475,0.7525568274758275,0.230541081907756
3,-0.4,1.116553106212425,0.7537841179837403,0.23150052327908519
3,-0.4,1.1209218436873747,0.7550114931877508,0.2324514509366384
3,-0.4,1.1252905811623246,0.7562389632892507,0.23339389095584515
3,-0.4,1.1296593186372745,0.7574665381871983,0.23432786913592232
3,-0.4,1.1340280561122245,0.7586942274811355,0.2352534110015874
3,-0.4,1.1383967935871744,0.7599220404741552,0.23617054180475536
3,-0.4,1.1427655310621243,0.7611499861758224,0.23707928652621446
3,-0.4,1.1471342685370742,0.7623780733050382,0.23797966987728553
3,-0.4,1.1515030060120242,0.7636063102928597,0.2388717163014626
3,-0.4,1.155871743486974,0.7648347052852686,0.239755449976037
3,-0.4,1.1602404809619238,0.7660632661458909,0.24063089481370098
3,-0.4,1.1646092184368737,0.7672920004586706,0.24149807446413776
3,-0.4,1.1689779559118236,0.7685209155304936,0.24235701231559217
3,-0.4,1.1733466933867736,0.7697500183937647,0.24320773149642372
3,-0.4,1.1777154308617235,0.7709793158089383,0.244050254876647
3,-0.4,1.1820841683366734,0.7722088142670045,0.24488460506944895
3,-0.4,1.1864529058116233,0.7734385199919255,0.2457108044326967
3,-0.4,1.1908216432865733,0.7746684389430298,0.24652887507042356
3,-0.4,1.1951903807615232,0.7758985768173604,0.247338838834304
3,-0.4,1.1995591182364729,0.7771289390519777,0.2481407173251085
3,-0.4,1.2039278557114228,0.7783595308262188,0.24893453189414594
3,-0.4,1.2082965931863727,0.7795903570639124,0.24972030364468964
3,-0.4,1.2126653306613226,0.7808214224355513,0.2504980534333864
3,-0.4,1.2170340681362726,0.7820527313604207,0.25126780187165393
3,-0.4,1.2214028056112225,0.7832842880086835,0.25202956932706094
3,-0.4,1.2257715430861724,0.7845160963034236,0.25278337592469297
3,-0.4,1.2301402805611223,0.7857481599226475,0.2535292415485045
3,-0.4,1.2345090180360723,0.7869804823012441,0.25426718584265495
3,-0.4,1.238877755511022,0.7882130666329017,0.25499722821283344
3,-0.4,1.243246492985972,0.7894459158719844,0.2557193878275665
3,-0.4,1.2476152304609218,0.79067903273537,0.25643368361951435
3,-0.4,1.2519839679358717,0.791912419704242,0.2571401342867513
3,-0.4,1.2563527054108217,0.7931460790258478,0.25783875829403397
3,-0.4,1.2607214428857716,0.7943800127152102,0.2585295738740587
3,-0.4,1.2650901803607215,0.795614222556806,0.2592125990286979
3,-0.4,1.2694589178356714,0.796848710106199,0.2598878515302335
3,-0.4,1.2738276553106214,0.7980834766916367,0.2605553489225701
3,-0.4,1.278196392785571,0.7993185234156087,0.2612151085224387
3,-0.4,1.282565130260521,0.8005538511563639,0.2618671474205862
3,-0.4,1.286933867735471,0.8017894605693907,0.2625114824829566
3,-0.4,1.2913026052104208,0.8030253520888587,0.26314813035185264
3,-0.4,1.2956713426853708,0.8042615259290216,0.26377710744709293
3,-0.4,1.3000400801603207,0.8054979820855823,0.2643984299671532
3,-0.4,1.3044088176352706,0.8067347203370219,0.2650121138902957
3,-0.4,1.3087775551102205,0.8079717402458869,0.2656181749756894
3,-0.4,1.3131462925851705,0.8092090411600449,0.2662166287645158
3,-0.4,1.3175150300601204,0.8104466222138971,0.2668074905810669
3,-0.4,1.32188376753507,0.8116844823295579,0.2673907755338294
3,-0.4,1.32625250501002,0.8129226202179951,0.2679664985165591
3,-0.4,1.33062124248497,0.8141610343801358,0.26853467420934346
3,-0.4,1.3349899799599199,0.8153997231079315,0.2690953170796556
3,-0.4,1.3393587174348698,0.8166386844853916,0.2696484413833982
3,-0.4,1.3437274549098197,0.8178779163895762,0.27019406116593236
3,-0.4,1.3480961923847696,0.8191174164915556,0.27073219026310236
3,-0.4,1.3524649298597196,0.8203571822573312,0.2712628423022472
3,-0.4,1.3568336673346695,0.8215972109487217,0.27178603070320473
3,-0.4,1.3612024048096192,0.8228374996242138,0.2723017686793012
3,-0.4,1.365571142284569,0.8240780451397738,0.2728100692383396
3,-0.4,1.369939879759519,0.8253188441496283,0.2733109451835699
3,-0.4,1.374308617234469,0.8265598931070031,0.2738044091146574
3,-0.4,1.3786773547094189,0.8278011882648311,0.2742904734286384
3,-0.4,1.3830460921843688,0.8290427256764226,0.2747691503208682
3,-0.4,1.3874148296593187,0.8302845011960994,0.2752404517859604
3,-0.4,1.3917835671342687,0.8315265104797942,0.27570438961871907
3,-0.4,1.3961523046092186,0.8327687489856125,0.27616097541506085
3,-0.4,1.4005210420841683,0.8340112119743616,0.27661022057293094
3,-0.4,1.4048897795591182,0.8352538945100417,0.2770521362932102
3,-0.4,1.4092585170340681,0.8364967914603026,0.27748673358061504
3,-0.4,1.413627254509018,0.8377398974968624,0.2779140232445918
3,-0.4,1.417995991983968,0.8389832070958947,0.2783340159001994
3,-0.4,1.422364729458918,0.8402267145383753,0.278746721968991
3,-0.4,1.4267334669338678,0.8414704139103963,0.27915215167988433
3,-0.4,1.4311022044088177,0.842714299103444,0.27955031507002814
3,-0.4,1.4354709418837677,0.8439583638146388,0.2799412219856614
3,-0.4,1.4398396793587174,0.8452026015469423,0.2803248820829653
3,-0.4,1.4442084168336673,0.8464470056093244,0.2807013048289131
3,-0.4,1.4485771543086172,0.8476915691168998,0.2810704995021107
3,-0.4,1.4529458917835671,0.8489362849910218,0.28143247519363346
3,-0.4,1.457314629258517,0.8501811459593455,0.28178724080785783
3,-0.4,1.461683366733467,0.8514261445558506,0.2821348050632876
3,-0.4,1.466052104208417,0.8526712731208302,0.28247517649337733
3,-0.4,1.4704208416833668,0.853916523800842,0.2828083634473492
3,-0.4,1.4747895791583168,0.855161888548622,0.2831343740910061
3,-0.4,1.4791583166332665,0.8564073591229624,0.2834532164075435
3,-0.4,1.4835270541082164,0.8576529270885523,0.28376489819835377
3,-0.4,1.4878957915831663,0.8588985838157812,0.28406942708383126
3,-0.4,1.4922645290581162,0.8601443204805042,0.2843668105041708
3,-0.4,1.4966332665330662,0.8613901280637698,0.2846570557201669
3,-0.4,1.501002004008016,0.8626359973515121,0.2849401698140083
3,-0.4,1.505370741482966,0.8638819189342023,0.28521615969007014
3,-0.4,1.509739478957916,0.865127883206463,0.28548503207570813
3,-0.4,1.5141082164328659,0.8663738803666449,0.28574679352204546
3,-0.4,1.5184769539078156,0.8676199004163635,0.28600145040476405
3,-0.4,1.5228456913827655,0.8688659331599992,0.2862490089248922
3,-0.4,1.5272144288577154,0.8701119682041557,0.28648947510959155
3,-0.4,1.5315831663326653,0.8713579949570802,0.2867228548129478
3,-0.4,1.5359519038076153,0.8726040026280457,0.2869491537167559
3,-0.4,1.5403206412825652,0.8738499802266906,0.2871683773313094
3,-0.4,1.544689378757515,0.8750959165623197,0.2873805309961945
3,-0.4,1.549058116232465,0.8763418002431658,0.28758561988107556
3,-0.4,1.553426853707415,0.8775876196756082,0.28778364898649417
3,-0.4,1.5577955911823649,0.8788333630633519,0.2879746231446622
3,-0.4,1.5621643286573146,0.8800790184065658,0.2881585470202612
3,-0.4,1.5665330661322645,0.8813245735009778,0.2883354251112461
3,-0.4,1.5709018036072144,0.8825700159369289,0.28850526174964763
3,-0.4,1.5752705410821644,0.8838153330983849,0.28866806110238563
3,-0.4,1.5796392785571143,0.8850605121619055,0.2888238271720819
3,-0.4,1.5840080160320642,0.8863055400955694,0.28897256379788067
3,-0.4,1.5883767535070141,0.8875504036578582,0.289114274656273
3,-0.4,1.592745490981964,0.8887950893964941,0.28924896326193034
3,-0.4,1.597114228456914,0.8900395836472342,0.28937663296854127
3,-0.4,1.6014829659318637,0.8912838725326212,0.2894972869696587
3,-0.4,1.6058517034068136,0.8925279419606876,0.28961092829955143
3,-0.4,1.6102204408817635,0.8937717776236166,0.2897175598340689
3,-0.4,1.6145891783567135,0.8950153649963538,0.2898171842915097
3,-0.4,1.6189579158316634,0.896258689335176,0.2899098042335058
3,-0.4,1.6233266533066133,0.8975017356762097,0.2899954220659109
3,-0.4,1.6276953907815632,0.8987444888339083,0.29007404003970316
3,-0.4,1.6320641282565131,0.899986933399473,0.29014566025190236
3,-0.4,1.636432865731463,0.9012290537392339,0.2902102846464916
3,-0.4,1.6408016032064128,0.902470833992977,0.29026791501536087
3,-0.4,1.6451703406813627,0.903712258072224,0.2903185529992589
3,-0.4,1.6495390781563126,0.904953309658462,0.29036220008876196
3,-0.4,1.6539078156312625,0.9061939722013235,0.2903988576252575
3,-0.4,1.6582765531062125,0.9074342289167149,0.29042852680194403
3,-0.4,1.6626452905811624,0.9086740627848942,0.29045120866484875
3,-0.4,1.6670140280561123,0.9099134565484963,0.2904669041138619
3,-0.4,1.6713827655310622,0.9111523927105066,0.29047561390379323
3,-0.4,1.6757515030060122,0.9123908535321804,0.2904773386454428
3,-0.4,1.6801202404809619,0.9136288210309113,0.29047207880669823
3,-0.4,1.6844889779559118,0.9148662769780411,0.29045983471364967
3,-0.4,1.6888577154308617,0.9161032028966192,0.29044060655173165
3,-0.4,1.6932264529058116,0.9173395800591048,0.2904143943668838
3,-0.4,1.6975951903807616,0.9185753894850109,0.29038119806674006
3,-0.4,1.7019639278557115,0.9198106119384978,0.29034101742184304
3,-0.4,1.7063326653306614,0.9210452279259016,0.29029385206688596
3,-0.4,1.7107014028056113,0.9222792176932102,0.29023970150198075
3,-0.4,1.7150701402805613,0.9235125612234798,0.2901785650939598
3,-0.4,1.719438877755511,0.9247452382341894,0.2901104420777048
3,-0.4,1.7238076152304609,0.9259772281745394,0.2900353315575095
3,-0.4,1.7281763527054108,0.9272085102226867,0.28995323250847493
3,-0.4,1.7325450901803607,0.9284390632829193,0.28986414377794173
3,-0.4,1.7369138276553107,0.9296688659827695,0.28976806408695654
3,-0.4,1.7412825651302606,0.9308978966700648,0.2896649920317748
3,-0.4,1.7456513026052105,0.9321261334099137,0.28955492608540934
3,-0.4,1.7500200400801604,0.9333535539816282,0.28943786459921056
3,-0.4,1.7543887775551104,0.9345801358755844,0.28931380580449584
3,-0.4,1.75875751503006,0.935805856290012,0.28918274781422354
3,-0.4,1.76312625250501,0.9370306921277233,0.2890446886247043
3,-0.4,1.76749498997996,0.9382546199927713,0.28889962611737213
3,-0.4,1.7718637274549098,0.9394776161870427,0.2887475580605939
3,-0.4,1.7762324649298598,0.9406996567067824,0.2885884821115372
3,-0.4,1.7806012024048097,0.9419207172390452,0.2884223958180893
3,-0.4,1.7849699398797596,0.9431407731580858,0.28824929662083026
3,-0.4,1.7893386773547095,0.9443597995216689,0.28806918185506286
3,-0.4,1.7937074148296595,0.9455777710673148,0.28788204875290546
3,-0.4,1.7980761523046092,0.9467946622084721,0.28768789444544235
3,-0.4,1.802444889779559,0.9480104470306151,0.28748671596494135
3,-0.4,1.806813627254509,0.94922509928727,0.287278510247134
3,-0.4,1.811182364729459,0.9504385923959681,0.28706327413356675
3,-0.4,1.8155511022044089,0.9516508994341223,0.2868410043740231
3,-0.4,1.8199198396793588,0.9528619931348299,0.2866116976290187
3,-0.4,1.8242885771543087,0.9540718458825983,0.2863753504723732
3,-0.4,1.8286573146292586,0.9552804297089962,0.28613195939385844
3,-0.4,1.8330260521042085,0.9564877162882252,0.2858815208019332
3,-0.4,1.8373947895791582,0.9576936769326152,0.28562403102655803
3,-0.4,1.8417635270541082,0.9588982825880411,0.28535948632210095
3,-0.4,1.846132264529058,0.9601015038292611,0.2850878828703296
3,-0.4,1.850501002004008,0.9613033108551746,0.28480921678350357
3,-0.4,1.854869739478958,0.9625036734840015,0.28452348410755585
3,-0.4,1.8592384769539079,0.9637025611483793,0.2842306808253827
3,-0.4,1.8636072144288578,0.9648999428903817,0.2839308028602308
3,-0.4,1.8679759519038077,0.9660957873564546,0.28362384607919533
3,-0.4,1.8723446893787576,0.9672900627922699,0.28330980629682834
3,-0.4,1.8767134268537076,0.9684827370374994,0.282988679278861
3,-0.4,1.8810821643286573,0.9696737775205042,0.28266046074604634
3,-0.4,1.8854509018036072,0.9708631512529435,0.2823251463781244
3,-0.4,1.8898196392785571,0.9720508248242998,0.28198273181791006
3,-0.4,1.894188376753507,0.9732367643963216,0.2816332126755194
3,-0.4,1.898557114228457,0.9744209356973836,0.28127658453272664
3,-0.4,1.902925851703407,0.9756033040167633,0.28091284294745983
3,-0.4,1.9072945891783568,0.9767838341988346,0.28054198345844533
3,-0.4,1.9116633266533067,0.9779624906371823,0.28016400158999927
3,-0.4,1.9160320641282567,0.9791392372686283,0.27977889285697205
3,-0.4,1.9204008016032064,0.9803140375671796,0.27938665276985625
3,-0.4,1.9247695390781563,0.9814868545378954,0.27898727684005403
3,-0.4,1.9291382765531062,0.9826576507106691,0.2785807605853192
3,-0.4,1.9335070140280561,0.983826388133934,0.2781670995353689
3,-0.4,1.937875751503006,0.9849930283682853,0.2777462892376833
3,-0.4,1.942244488977956,0.9861575324800254,0.2773183252634863
3,-0.4,1.946613226452906,0.9873198610346308,0.2768832032139207
3,-0.4,1.9509819639278558,0.9884799740901408,0.2764409187264249
3,-0.4,1.9553507014028058,0.9896378311904699,0.27599146748131076
3,-0.4,1.9597194388777555,0.9907933913586495,0.2755348452085546
3,-0.4,1.9640881763527054,0.9919466130899897,0.275071047694808
3,-0.4,1.9684569138276553,0.9930974543451763,0.2746000707906333
3,-0.4,1.9728256513026052,0.9942458725432957,0.27412191041796713
3,-0.4,1.9771943887775552,0.9953918245547898,0.27363656257783103
3,-0.4,1.981563126252505,0.9965352666943506,0.27314402335828053
3,-0.4,1.985931863727455,0.9976761547137466,0.27264428894261505
3,-0.4,1.990300601202405,0.9988144437945949,0.2721373556178445
3,-0.4,1.9946693386773549,0.9999500885410688,0.27162321978343074
3,-0.4,1.9990380761523046,1.0010830429725577,0.27110187796030355
3,-0.4,2.0034068136272545,1.0022132605162732,0.27057332680016144
3,-0.4,2.0077755511022044,1.0033406939998064,0.2700375630950743
3,-0.4,2.0121442885771543,1.0044652956436462,0.2694945837873826
3,-0.4,2.0165130260521043,1.005587017053653,0.26894438597991205
3,-0.4,2.020881763527054,1.006705809213504,0.2683869669465096
3,-0.4,2.025250501002004,1.0078216224771028,0.2678223241429088
3,-0.4,2.029619238476954,1.0089344065609702,0.26725045521794016
3,-0.4,2.033987975951904,1.0100441105366105,0.2666713580250848
3,-0.4,2.038356713426854,1.0111506828228696,0.2660850306343942
3,-0.4,2.042725450901804,1.0122540711782846,0.26549147134477596
3,-0.4,2.0470941883767537,1.0133542226934305,0.2648906786966632
3,-0.4,2.0514629258517036,1.0144510837832832,0.26428265148506896
3,-0.4,2.0558316633266536,1.015544600179587,0.26366738877305185
3,-0.4,2.060200400801603,1.0166347169232526,0.2630448899055836
3,-0.4,2.064569138276553,1.0177213783567844,0.2624151545238452
3,-0.4,2.068937875751503,1.0188045281167506,0.26177818257995816
3,-0.4,2.073306613226453,1.0198841091263011,0.26113397435215824
3,-0.4,2.0776753507014027,1.0209600635877523,0.2604825304604283
3,-0.4,2.0820440881763527,1.0220323329752383,0.2598238518825985
3,-0.4,2.0864128256513026,1.0231008580274508,0.25915793997093056
3,-0.4,2.0907815631262525,1.0241655787404724,0.258484796469187
3,-0.4,2.0951503006012024,1.0252264343607214,0.25780442353021277
3,-0.4,2.0995190380761524,1.026283363378017,0.25711682373402694
3,-0.4,2.1038877755511023,1.0273363035187857,0.2564220001064432
3,-0.4,2.108256513026052,1.0283851917394158,0.25571995613823806
3,-0.4,2.112625250501002,1.0294299642197848,0.2550106958048566
3,-0.4,2.116993987975952,1.0304705563569707,0.2542942235866984
3,-0.4,2.121362725450902,1.0315069027591661,0.25357054448996935
3,-0.4,2.125731462925852,1.032538937239816,0.2528396640681266
3,-0.4,2.130100200400802,1.0335665928119966,0.25210158844392283
3,-0.4,2.1344689378757518,1.0345898016830577,0.2513563243320643
3,-0.4,2.1388376753507012,1.035608495249547,0.25060387906248816
3,-0.4,2.143206412825651,1.036622604092444,0.24984426060428466
3,-0.4,2.147575150300601,1.0376320579727243,0.2490774775902514
3,-0.4,2.151943887775551,1.0386367858272767,0.24830353934212443
3,-0.4,2.156312625250501,1.0396367157652069,0.24752245589645822
3,-0.4,2.160681362725451,1.0406317750645462,0.2467342380311994
3,-0.4,2.165050100200401,1.0416218901694012,0.24593889729293897
3,-0.4,2.1694188376753507,1.0426069866875685,0.24513644602486848
3,-0.4,2.1737875751503006,1.04358698938865,0.2443268973954389
3,-0.4,2.1781563126252506,1.0445618222026982,0.2435102654277403
3,-0.4,2.1825250501002005,1.045531408219428,0.2426865650295918
3,-0.4,2.1868937875751504,1.046495669688028,0.24185581202437612
3,-0.4,2.1912625250501003,1.0474545280176084,0.2410180231825975
3,-0.4,2.1956312625250503,1.0484079037783252,0.24017321625417992
3,-0.4,2.2,1.0493557167032184,0.23932141000152116
4,-0.6,0.02,0.5927199601887483,-0.5386454131701789
4,-0.6,0.0243687374749499,0.5941031371435882,-0.5320893905764663
4,-0.6,0.0287374749498998,0.5954720470739168,-0.525588102860639
4,-0.6,0.0331062124248497,0.5968268885865203,-0.5191410209467203
4,-0.6,0.0374749498997996,0.5981678586894128,-0.5127476211548548
4,-0.6,0.0418436873747495,0.5994951527979376,-0.5064073851586234
4,-0.6,0.046212424849699396,0.6008089647406754,-0.5001197999424878
4,-0.6,0.0505811623246493,0.6021094867651602,-0.4938843577593707
4,-0.6,0.0549498997995992,0.6033969095434263,-0.48770055608834545
4,-0.6,0.0593186372745491,0.6046714221773821,-0.4815678975924556
4,-0.6,0.063687374749499,0.60593321220403,-0.47548589007663883
4,-0.6,0.0680561122244489,0.6071824656005419,-0.4694540464457719
4,-0.6,0.0724248496993988,0.608419366789195,-0.46347188466281375
4,-0.6,0.0767935871743487,0.609644098642182,-0.45753892770706484
4,-0.6,0.0811623246492986,0.6108568424863033,-0.45165470353252
4,-0.6,0.0855310621242485,0.6120577781075576,-0.4458187450263314
4,-0.6,0.0898997995991984,0.6132470837556291,-0.4400305899673654
4,-0.6,0.0942685370741483,0.6144249361482877,-0.43428978098486487
4,-0.6,0.0986372745490982,0.6155915104757161,-0.4285958655172046
4,-0.6,0.1030060120240481,0.616746980404762,-0.4229483957707485
4,-0.6,0.107374749498998,0.6178915180831339,-0.4173469286788034
4,-0.6,0.1117434869739479,0.6190252941435468,-0.4117910258606722
4,-0.6,0.11611222444889781,0.6201484777078236,-0.40628025358080466
4,-0.6,0.1204809619238477,0.621261236390963,-0.4008141827080508
4,-0.6,0.1248496993987976,0.6223637363051864,-0.39539238867501425
4,-0.6,0.12921843687374748,0.6234561420639662,-0.39001445143750396
4,-0.6,0.13358717434869738,0.624538616786041,-0.38467995543410016
4,-0.6,0.1379559118236473,0.6256113220994389,-0.3793884895458174
4,-0.6,0.1423246492985972,0.6266744181455008,-0.37413964705588065
4,-0.6,0.1466933867735471,0.6277280635829192,-0.368933025609612
4,-0.6,0.151062124248497,0.6287724155917978,-0.3637682271744331
4,-0.6,0.1554308617234469,0.629807629877742,-0.35864485799997975
4,-0.6,0.15979959919839679,0.6308338606759767,-0.35356252857834297
4,-0.6,0.16416833667334668,0.6318512607555151,-0.34852085360442636
4,-0.6,0.16853707414829658,0.6328599814233606,-0.34351945193643785
4,-0.6,0.17290581162324647,0.6338601725287721,-0.3385579465565055
4,-0.6,0.17727454909819637,0.6348519824675829,-0.33363596453143124
4,-0.6,0.1816432865731463,0.6358355581865773,-0.32875313697358205
4,-0.6,0.1860120240480962,0.6368110451879421,-0.32390909900192333
4,-0.6,0.1903807615230461,0.6377785875337848,-0.31910348970319774
4,-0.6,0.19474949899799598,0.6387383278507295,-0.3143359520932558
4,-0.6,0.19911823647294588,0.6396904073345929,-0.30960613307854007
4,-0.6,0.20348697394789578,0.640634965755141,-0.3049136834177306
4,-0.6,0.20785571142284567,0.6415721414609369,-0.30025825768355247
4,-0.6,0.2122244488977956,0.642502071384277,-0.29563951422474977
4,-0.6,0.2165931863727455,0.643424891046216,-0.2910571151282369
4,-0.6,0.2209619238476954,0.6443407345616935,-0.2865107261814199
4,-0.6,0.2253306613226453,0.6452497346447531,-0.2820000168347067
4,-0.6,0.22969939879759518,0.6461520226138621,-0.2775246601641969
4,-0.6,0.23406813627254508,0.6470477283973353,-0.2730843328345654
4,-0.6,0.23843687374749498,0.6479369805388554,-0.26867871506214014
4,-0.6,0.24280561122244487,0.6488199062031017,-0.26430749057817676
4,-0.6,0.24717434869739477,0.6496966311814834,-0.2599703465923403
4,-0.6,0.2515430861723447,0.6505672798979747,-0.25566697375639047
4,-0.6,0.2559118236472946,0.6514319754150606,-0.2513970661280834
4,-0.6,0.2602805611222445,0.6522908394397816,-0.24716032113528277
4,-0.6,0.2646492985971944,0.653143992329895,-0.24295643954029833
4,-0.6,0.2690180360721443,0.6539915531001326,-0.23878512540444147
4,-0.6,0.27338677354709423,0.6548336394285665,-0.23464608605281315
4,-0.6,0.2777555110220441,0.655670367663084,-0.23053903203932175
4,-0.6,0.282124248496994,0.6565018528279616,-0.2264636771119337
4,-0.6,0.2864929859719439,0.6573282086305442,-0.22241973817816676
4,-0.6,0.2908617234468938,0.6581495474680269,-0.21840693527082225
4,-0.6,0.2952304609218437,0.6589659804343365,-0.21442499151396197
4,-0.6,0.2995991983967936,0.6597776173271152,-0.2104736330891376
4,-0.6,0.30396793587174353,0.660584566654798,-0.20655258920186478
4,-0.6,0.3083366733466934,0.6613869356437876,-0.2026615920483575
4,-0.6,0.3127054108216433,0.6621848302457264,-0.19880037678251677
4,-0.6,0.3170741482965932,0.6629783551448588,-0.19496868148317753
4,-0.6,0.3214428857715431,0.663767613765481,-0.19116624712162028
4,-0.6,0.325811623246493,0.6645527082794841,-0.18739281752934575
4,-0.6,0.3301803607214429,0.6653337396139781,-0.18364813936611438
4,-0.6,0.3345490981963928,0.6661108074590039,-0.179931962088258
4,-0.6,0.3389178356713427,0.6668840102753212,-0.17624403791725915
4,-0.6,0.34328657314629263,0.6676534453022797,-0.17258412180860072
4,-0.6,0.3476553106212425,0.6684192085657615,-0.16895197142089713
4,-0.6,0.3520240480961924,0.6691813948862,-0.16534734708528978
4,-0.6,0.3563927855711423,0.6699400978866668,-0.16177001177512895
4,-0.6,0.3607615230460922,0.6706954100010281,-0.15821973107592663
4,-0.6,0.3651302605210421,0.6714474224821646,-0.15469627315559242
4,-0.6,0.369498997995992,0.6721962254102549,-0.1511994087349456
4,-0.6,0.37386773547094193,0.6729419077011126,-0.14772891105851177
4,-0.6,0.3782364729458918,0.6736845571145873,-0.14428455586559544
4,-0.6,0.3826052104208417,0.6744242602630146,-0.1408661213616405
4,-0.6,0.3869739478957916,0.6751611026197131,-0.13747338818986543
4,-0.6,0.3913426853707415,0.6758951685275368,-0.13410613940318797
4,-0.6,0.3957114228456914,0.6766265412074632,-0.1307641604364263
4,-0.6,0.4000801603206413,0.6773553027672288,-0.12744723907878672
4,-0.6,0.40444889779559123,0.6780815342099991,-0.1241551654466302
4,-0.6,0.4088176352705411,0.6788053154430765,-0.1208877319565244
4,-0.6,0.413186372745491,0.6795267252866406,-0.11764473329857475
4,-0.6,0.4175551102204409,0.6802458414825144,-0.1144259664100374
4,-0.6,0.4219238476953908,0.6809627407029631,-0.11123123044921332
4,-0.6,0.4262925851703407,0.6816774985595117,-0.1080603267696228
4,-0.6,0.4306613226452906,0.6823901896117858,-0.104913058894458
4,-0.6,0.4350300601202405,0.68310088737637,-0.10178923249131447
4,-0.6,0.4393987975951904,0.6838096643356814,-0.09868865534720041
4,-0.6,0.44376753507014033,0.6845165919468585,-0.09561113734382225
4,-0.6,0.4481362725450902,0.685221740650653,-0.0925564904331458
4,-0.6,0.4525050100200401,0.685925179880338,-0.0895245286132293
4,-0.6,0.45687374749499,0.6866269780706136,-0.08651506790433428
4,-0.6,0.4612424849699399,0.6873272026665165,-0.08352792632530069
4,-0.6,0.4656112224448898,0.6880259201323334,-0.08056292387019966
4,-0.6,0.4699799599198397,0.688723195960504,-0.07761988248524825
4,-0.6,0.4743486973947896,0.6894190946805232,-0.07469862604599636
4,-0.6,0.4787174348697395,0.6901136798678355,-0.07179898033477447
4,-0.6,0.4830861723446894,0.6908070141527178,-0.06892077301840789
4,-0.6,0.4874549098196393,0.6914991592291513,-0.06606383362619177
4,-0.6,0.4918236472945892,0.6921901758636745,-0.0632279935281265
4,-0.6,0.4961923847695391,0.6928801239042283,-0.06041308591341077
4,-0.6,0.500561122244489,0.6935690622889709,-0.05761894576919128
4,-0.6,0.5049298597194388,0.6942570490550798,-0.05484540985956593
4,-0.6,0.5092985971943887,0.694944141347528,-0.05209231670484116
4,-0.6,0.5136673346693387,0.6956303954278361,-0.049359506561036645
4,-0.6,0.5180360721442886,0.6963158666827947,-0.046646821399641554
4,-0.6,0.5224048096192385,0.6970006096331631,-0.04395410488761404
4,-0.6,0.5267735470941884,0.697684677942331,-0.04128120236762573
4,-0.6,0.5311422845691383,0.6983681244249551,-0.03862796083854862
4,-0.6,0.5355110220440882,0.6990510010555561,-0.03599422893618034
4,-0.6,0.5398797595190381,0.6997333589770818,-0.03337985691420691
4,-0.6,0.544248496993988,0.700415248509435,-0.030784696625402383
4,-0.6,0.548617234468938,0.7010967191579607,-0.028208601503058213
4,-0.6,0.5529859719438878,0.7017778196218933,-0.025651426542646
4,-0.6,0.5573547094188377,0.7024585978027624,-0.02311302828370652
4,-0.6,0.5617234468937876,0.7031391008127578,-0.020593264791965986
4,-0.6,0.5660921843687375,0.7038193749830465,-0.018091995641675747
4,-0.6,0.5704609218436874,0.7044994658720481,-0.015609081898172058
4,-0.6,0.5748296593186373,0.7051794182736609,-0.013144386100655724
4,-0.6,0.5791983967935872,0.7058592762254425,-0.010697772245189521
4,-0.6,0.5835671342685371,0.7065390830167385,-0.008269105767907386
4,-0.6,0.587935871743487,0.7072188811967648,-0.005858253528437317
4,-0.6,0.5923046092184369,0.7078987125826364,-0.0034650837935325195
4,-0.6,0.5966733466933868,0.708578618267347,-0.0010894662209116085
4,-0.6,0.6010420841683367,0.7092586386276921,0.0012687281566980042
4,-0.6,0.6054108216432866,0.7099388133321415,0.0036096269473141927
4,-0.6,0.6097795591182364,0.7106191813486566,0.005933356415253626
4,-0.6,0.6141482965931864,0.7112997809524535,0.008240041496486309
4,-0.6,0.6185170340681363,0.7119806497337072,0.010529805813797416
4,-0.6,0.6228857715430862,0.7126618246052013,0.012802771691753307
4,-0.6,0.6272545090180361,0.7133433418099228,0.01505906017147876
4,-0.6,0.631623246492986,0.7140252369285925,0.017298791025244193
4,-0.6,0.6359919839679359,0.7147075448871454,0.01952208277086704
4,-0.6,0.6403607214428858,0.7153902999641437,0.02172905268593063
4,-0.6,0.6447294589178357,0.7160735357981372,0.023919816821819134
4,-0.6,0.6490981963927855,0.7167572853949603,0.02609449001757509
4,-0.6,0.6534669338677355,0.7174415811349684,0.0282531859135782
4,-0.6,0.6578356713426854,0.7181264547802165,0.030396016965050995
4,-0.6,0.6622044088176353,0.7188119374815729,0.03252309445538993
4,-0.6,0.6665731462925852,0.7194980597857746,0.03463452850932768
4,-0.6,0.670941883767535,0.7201848516424206,0.03673042810592605
4,-0.6,0.675310621242485,0.7208723424109008,0.03881090109140337
4,-0.6,0.6796793587174349,0.721560560867267,0.040876054191796636
4,-0.6,0.6840480961923848,0.7222495352110359,0.04292599302546517
4,-0.6,0.6884168336673347,0.7229392930719359,0.04496082211542971
4,-0.6,0.6927855711422846,0.7236298615165873,0.046980644901557886
4,-0.6,0.6971543086172345,0.7243212670551205,0.048985563752592325
4,-0.6,0.7015230460921844,0.7250135356477301,0.05097567997802564
4,-0.6,0.7058917835671343,0.7257066927111698,0.052951093839824236
4,-0.6,0.7102605210420841,0.7264007631251803,0.05491190456400162
4,-0.6,0.7146292585170341,0.7270957712388578,0.05685821035204683
4,-0.6,0.718997995991984,0.7277917408769543,0.05879010839220295
4,-0.6,0.7233667334669339,0.7284886953461214,0.06070769487060733
4,-0.6,0.7277354709418838,0.7291866574410865,0.06261106498228693
4,-0.6,0.7321042084168337,0.7298856494507672,0.06450031294201422
4,-0.6,0.7364729458917836,0.7305856931643253,0.06637553199502713
4,-0.6,0.7408416833667335,0.7312868098771542,0.06823681442761095
4,-0.6,0.7452104208416834,0.7319890203968054,0.07008425157754765
4,-0.6,0.7495791583166332,0.7326923450488558,0.07191793384443251
4,-0.6,0.7539478957915832,0.7333968036827061,0.07373795069986107
4,-0.6,0.7583166332665331,0.7341024156773237,0.07554439069748536
4,-0.6,0.762685370741483,0.7348091999469187,0.07733734148294637
4,-0.6,0.7670541082164329,0.7355171749465619,0.07911688980367887
4,-0.6,0.7714228456913828,0.736226358677738,0.08088312151859463
4,-0.6,0.7757915831663327,0.7369367686938402,0.08263612160764232
4,-0.6,0.7801603206412826,0.7376484221056028,0.08437597418124922
4,-0.6,0.7845290581162325,0.7383613355864714,0.08610276248964321
4,-0.6,0.7888977955911824,0.7390755253779157,0.08781656893205891
4,-0.6,0.7932665330661323,0.7397910072946785,0.08951747506582779
4,-0.6,0.7976352705410822,0.7405077967299682,0.09120556161535694
4,-0.6,0.8020040080160321,0.7412259086605888,0.09288090848099366
4,-0.6,0.806372745490982,0.7419453576520112,0.09454359474777976
4,-0.6,0.8107414829659318,0.7426661578633865,0.09619369869410004
4,-0.6,0.8151102204408818,0.7433883230524997,0.09783129780021939
4,-0.6,0.8194789579158317,0.7441118665806634,0.09945646875671742
4,-0.6,0.8238476953907816,0.7448368014175568,0.10106928747281695
4,-0.6,0.8282164328657315,0.7455631401460038,0.10266982908461038
4,-0.6,0.8325851703406814,0.7462908949666953,0.10425816796318418
4,-0.6,0.8369539078156313,0.7470200777028527,0.1058343777226451
4,-0.6,0.8413226452905812,0.7477506998048377,0.10739853122804417
4,-0.6,0.8456913827655311,0.7484827723547014,0.10895070060320765
4,-0.6,0.8500601202404809,0.7492163060706821,0.11049095723846945
4,-0.6,0.8544288577154309,0.7499513113116436,0.11201937179830991
4,-0.6,0.8587975951903808,0.7506877980814602,0.11353601422890122
4,-0.6,0.8631663326653307,0.7514257760333456,0.1150409537655617
4,-0.6,0.8675350701402806,0.7521652544741287,0.11653425894011799
4,-0.6,0.8719038076152305,0.7529062423684744,0.11801599758817875
4,-0.6,0.8762725450901804,0.7536487483430506,0.11948623685632162
4,-0.6,0.8806412825651303,0.7543927806906415,0.12094504320919101
4,-0.6,0.8850100200400802,0.7551383473742088,0.12239248243651067
4,-0.6,0.88937875751503,0.7558854560309007,0.12382861966001397
4,-0.6,0.89374749498998,0.7566341139760059,0.1252535193402885
4,-0.6,0.8981162324649299,0.7573843282068602,0.1266672452835394
4,-0.6,0.9024849699398798,0.7581361054066981,0.12806986064827225
4,-0.6,0.9068537074148297,0.7588894519484538,0.12946142795189633
4,-0.6,0.9112224448897795,0.759644373898515,0.13084200907724683
4,-0.6,0.9155911823647295,0.760400877020422,0.13221166527903358
4,-0.6,0.9199599198396794,0.7611589667785192,0.13357045719020916
4,-0.6,0.9243286573146293,0.7619186483415588,0.13491844482826462
4,-0.6,0.9286973947895791,0.7626799265862516,0.13625568760144838
4,-0.6,0.9330661322645291,0.763442806100773,0.1375822443149145
4,-0.6,0.937434869739479,0.7642072911882187,0.13889817317679584
4,-0.6,0.9418036072144289,0.7649733858700141,0.14020353180420844
4,-0.6,0.9461723446893788,0.7657410938892734,0.14149837722918324
4,-0.6,0.9505410821643286,0.7665104187141166,0.14278276590453023
4,-0.6,0.9549098196392786,0.7672813635409359,0.14405675370963392
4,-0.6,0.9592785571142285,0.7680539312976169,0.1453203959561801
4,-0.6,0.9636472945891784,0.7688281246467147,0.1465737473938186
4,-0.6,0.9680160320641283,0.769603945988585,0.14781686221575738
4,-0.6,0.9723847695390782,0.7703813974644687,0.1490497940642952
4,-0.6,0.9767535070140281,0.7711604809595335,0.15027259603628818
4,-0.6,0.981122244488978,0.77194119810587,0.15148532068855491
4,-0.6,0.9854909819639279,0.7727235502854457,0.15268802004321808
4,-0.6,0.9898597194388777,0.7735075386330124,0.1538807455929874
4,-0.6,0.9942284569138277,0.7742931640389757,0.15506354830638028
4,-0.6,0.9985971943887776,0.7750804271522168,0.15623647863288315
4,-0.6,1.0029659318637274,0.7758693283828748,0.15739958650805555
4,-0.6,1.0073346693386773,0.7766598679050857,0.15855292135857574
4,-0.6,1.0117034068136272,0.7774520456596823,0.1596965321072287
4,-0.6,1.0160721442885772,0.7782458613568497,0.1608304671778388
4,-0.6,1.020440881763527,0.7790413144787424,0.16195477450014792
4,-0.6,1.024809619238477,0.7798384042820607,0.16306950151463553
4,-0.6,1.029178356713427,0.7806371298005857,0.16417469517729005
4,-0.6,1.0335470941883769,0.7814374898476762,0.1652704019643228
4,-0.6,1.0379158316633268,0.7822394830187265,0.1663566678768315
4,-0.6,1.0422845691382765,0.7830431076935815,0.16743353844541248
4,-0.6,1.0466533066132264,0.7838483620389203,0.16850105873472027
4,-0.6,1.0510220440881763,0.7846552440105944,0.16955927334798
4,-0.6,1.0553907815631263,0.7854637513559318,0.17060822643144605
4,-0.6,1.0597595190380762,0.7862738816160036,0.17164796167881627
4,-0.6,1.0641282565130261,0.7870856321278514,0.17267852233559608
4,-0.6,1.068496993987976,0.7878990000266796,0.17369995120341422
4,-0.6,1.072865731462926,0.7887139822480109,0.17471229064429342
4,-0.6,1.0772344689378759,0.7895305755298038,0.17571558258487505
4,-0.6,1.0816032064128256,0.7903487764145375,0.17670986852059664
4,-0.6,1.0859719438877755,0.7911685812512589,0.1776951895198262
4,-0.6,1.0903406813627254,0.7919899861975935,0.17867158622795162
4,-0.6,1.0947094188376754,0.7928129872217244,0.17963909887142734
4,-0.6,1.0990781563126253,0.7936375801043352,0.18059776726177643
4,-0.6,1.1034468937875752,0.7944637604405161,0.18154763079955302
4,-0.6,1.1078156312625251,0.7952915236416425,0.1824887284782596
4,-0.6,1.112184368737475,0.7961208649372103,0.1834210988882271
4,-0.6,1.116553106212425,0.7969517793766497,0.18434478022045114
4,-0.6,1.1209218436873747,0.7977842618310935,0.18525981027039082
4,-0.6,1.1252905811623246,0.798618306995123,0.18616622644172512
4,-0.6,1.1296593186372745,0.7994539093884755,0.18706406575007542
4,-0.6,1.1340280561122245,0.80029106335772,0.18795336482668376
4,-0.6,1.1383967935871744,0.8011297630779044,0.18883415992205954
4,-0.6,1.1427655310621243,0.8019700025541674,0.18970648690958297
4,-0.6,1.1471342685370742,0.8028117756233196,0.19057038128907824
4,-0.6,1.1515030060120242,0.8036550759553974,0.1914258781903456
4,-0.6,1.155871743486974,0.8044998970551791,0.1922730123766597
4,-0.6,1.1602404809619238,0.8053462322636763,0.19311181824823578
4,-0.6,1.1646092184368737,0.8061940747595935,0.1939423298456552
4,-0.6,1.1689779559118236,0.8070434175607564,0.19476458085326323
4,-0.6,1.1733466933867736,0.8078942535255105,0.19557860460253
4,-0.6,1.1777154308617235,0.8087465753540917,0.19638443407538
4,-0.6,1.1820841683366734,0.8096003755899666,0.19718210190748783
4,-0.6,1.1864529058116233,0.8104556466211443,0.1979716403915428
4,-0.6,1.1908216432865733,0.8113123806814578,0.1987530814804834
4,-0.6,1.1951903807615232,0.8121705698518186,0.19952645679069864
4,-0.6,1.1995591182364729,0.8130302060614424,0.20029179760519977
4,-0.6,1.2039278557114228,0.8138912810890472,0.20104913487676232
4,-0.6,1.2082965931863727,0.814753786564022,0.20179849923103915
4,-0.6,1.2126653306613226,0.8156177139675693,0.2025399209696431
4,-0.6,1.2170340681362726,0.8164830546338192,0.20327343007320225
4,-0.6,1.2214028056112225,0.8173497997509178,0.20399905620438608
4,-0.6,1.2257715430861724,0.8182179403620875,0.20471682871090582
4,-0.6,1.2301402805611223,0.8190874673666589,0.20542677662848488
4,-0.6,1.2345090180360723,0.8199583715210802,0.20612892868380525
4,-0.6,1.238877755511022,0.8208306434398955,0.20682331329742631
4,-0.6,1.243246492985972,0.8217042735967012,0.2075099585866768
4,-0.6,1.2476152304609218,0.8225792523250738,0.20818889236852434
4,-0.6,1.2519839679358717,0.8234555698194721,0.20886014216241694
4,-0.6,1.2563527054108217,0.8243332161361145,0.20952373519310152
4,-0.6,1.2607214428857716,0.8252121811938321,0.21017969839341868
4,-0.6,1.2650901803607215,0.8260924547748931,0.21082805840707253
4,-0.6,1.2694589178356714,0.8269740265258054,0.21146884159137846
4,-0.6,1.2738276553106214,0.827856885958093,0.21210207401998746
4,-0.6,1.278196392785571,0.8287410224490488,0.21272778148558863
4,-0.6,1.282565130260521,0.82962642524246,0.21334598950258848
4,-0.6,1.286933867735471,0.8305130834493134,0.21395672330977164
4,-0.6,1.2913026052104208,0.8314009860484735,0.21456000787293578
4,-0.6,1.2956713426853708,0.8322901218873369,0.21515586788751084
4,-0.6,1.3000400801603207,0.8331804796824638,0.21574432778115438
4,-0.6,1.3044088176352706,0.8340720480201869,0.2163254117163282
4,-0.6,1.3087775551102205,0.8349648153571928,0.21689914359285684
4,-0.6,1.3131462925851705,0.8358587700210846,0.21746554705046428
4,-0.6,1.3175150300601204,0.836753900210918,0.21802464547129582
4,-0.6,1.32188376753507,0.8376501939977163,0.21857646198241554
4,-0.6,1.32625250501002,0.8385476393249627,0.21912101945829462
4,-0.6,1.33062124248497,0.8394462240090664,0.21965834052327446
4,-0.6,1.3349899799599199,0.840345935739812,0.22018844755401612
4,-0.6,1.3393587174348698,0.8412467620807796,0.2207113626819334
4,-0.6,1.3437274549098197,0.8421486904697485,0.22122710779560928
4,-0.6,1.3480961923847696,0.8430517082190762,0.22173570454319586
4,-0.6,1.3524649298597196,0.8439558025160523,0.22223717433480028
4,-0.6,1.3568336673346695,0.8448609604232384,0.22273153834485365
4,-0.6,1.3612024048096192,0.8457671688787769,0.22321881751446782
4,-0.6,1.365571142284569,0.8466744146966844,0.22369903255377627
4,-0.6,1.369939879759519,0.8475826845671219,0.22417220394426066
4,-0.6,1.374308617234469,0.8484919650566422,0.22463835194106677
4,-0.6,1.3786773547094189,0.8494022426084185,0.22509749657530437
4,-0.6,1.3830460921843688,0.8503135035424485,0.22554965765633603
4,-0.6,1.3874148296593187,0.8512257340557418,0.2259948547740537
4,-0.6,1.3917835671342687,0.8521389202224802,0.22643310730114424
4,-0.6,1.3961523046092186,0.8530530479941656,0.22686443439534001
4,-0.6,1.4005210420841683,0.8539681031997366,0.22728885500166496
4,-0.6,1.4048897795591182,0.8548840715456767,0.22770638785466274
4,-0.6,1.4092585170340681,0.8558009386160894,0.22811705148062125
4,-0.6,1.413627254509018,0.8567186898727631,0.22852086419978235
4,-0.6,1.417995991983968,0.85763731065521,0.2289178441285457
4,-0.6,1.422364729458918,0.8585567861806864,0.2293080091816621
4,-0.6,1.4267334669338678,0.8594771015441939,0.2296913770744185
4,-0.6,1.4311022044088177,0.8603982417184578,0.23006796532481555
4,-0.6,1.4354709418837677,0.8613201915538897,0.23043779125573574
4,-0.6,1.4398396793587174,0.8622429357785273,0.23080087199710791
4,-0.6,1.4442084168336673,0.8631664589979536,0.23115722448806045
4,-0.6,1.4485771543086172,0.864090745695202,0.23150686547907098
4,-0.6,1.4529458917835671,0.8650157802306339,0.23184981153410975
4,-0.6,1.457314629258517,0.8659415468418048,0.23218607903277722
4,-0.6,1.461683366733467,0.8668680296433062,0.232515684172436
4,-0.6,1.466052104208417,0.8677952126265887,0.23283864297033824
4,-0.6,1.4704208416833668,0.8687230796597694,0.23315497126575027
4,-0.6,1.4747895791583168,0.8696516144874156,0.23346468472207169
4,-0.6,1.4791583166332665,0.8705808007303141,0.2337677988289507
4,-0.6,1.4835270541082164,0.8715106218852186,0.23406432890440015
4,-0.6,1.4878957915831663,0.8724410613245792,0.234354290096906
4,-0.6,1.4922645290581162,0.8733721022962552,0.23463769738753756
4,-0.6,1.4966332665330662,0.874303727923206,0.23491456559205554
4,-0.6,1.501002004008016,0.8752359212031672,0.23518490936301736
4,-0.6,1.505370741482966,0.876168665008306,0.2354487431918832
4,-0.6,1.509739478957916,0.8771019420848598,0.2357060814111227
4,-0.6,1.5141082164328659,0.8780357350527558,0.23595693819632022
4,-0.6,1.5184769539078156,0.878970026405214,0.23620132756828138
4,-0.6,1.5228456913827655,0.87990479850833,0.23643926339514162
4,-0.6,1.5272144288577154,0.8808400336006438,0.23667075939447746
4,-0.6,1.5315831663326653,0.8817757137926865,0.23689582913541649
4,-0.6,1.5359519038076153,0.8827118210665148,0.23711448604075336
4,-0.6,1.5403206412825652,0.8836483372752223,0.23732674338906878
4,-0.6,1.544689378757515,0.8845852441424386,0.23753261431685108
4,-0.6,1.549058116232465,0.8855225232618084,0.23773211182062196
4,-0.6,1.553426853707415,0.8864601560964543,0.23792524875906837
4,-0.6,1.5577955911823649,0.887398123978424,0.2381120378551802
4,-0.6,1.5621643286573146,0.888336408108118,0.23829249169838967
4,-0.6,1.5665330661322645,0.8892749895537041,0.23846662274672345
4,-0.6,1.5709018036072144,0.8902138492505125,0.23863444332895611
4,-0.6,1.5752705410821644,0.8911529680004171,0.23879596564677483
4,-0.6,1.5796392785571143,0.8920923264711985,0.23895120177694917
4,-0.6,1.5840080160320642,0.8930319051958918,0.23910016367351308
4,-0.6,1.5883767535070141,0.8939716845721196,0.239242863169952
4,-0.6,1.592745490981964,0.8949116448614078,0.2393793119814027
4,-0.6,1.597114228456914,0.8958517661884868,0.239509521706862
4,-0.6,1.6014829659318637,0.896792028540577,0.2396335038314068
4,-0.6,1.6058517034068136,0.8977324117666593,0.2397512697284261
4,-0.6,1.6102204408817635,0.8986728955767301,0.23986283066186315
4,-0.6,1.6145891783567135,0.8996134595410431,0.23996819778847422
4,-0.6,1.6189579158316634,0.9005540830893339,0.2400673821600963
4,-0.6,1.6233266533066133,0.9014947455100327,0.24016039472592945
4,-0.6,1.6276953907815632,0.9024354259494622,0.24024724633483913
4,-0.6,1.6320641282565131,0.9033761034110201,0.24032794773766528
4,-0.6,1.636432865731463,0.9043167567543497,0.24040250958955256
4,-0.6,1.6408016032064128,0.9052573646944959,0.24047094245229794
4,-0.6,1.6451703406813627,0.9061979058010485,0.24053325679671136
4,-0.6,1.6495390781563126,0.9071383584972735,0.24058946300499615
4,-0.6,1.6539078156312625,0.9080787010592282,0.24063957137314976
4,-0.6,1.6582765531062125,0.909018911614868,0.2406835921133807
4,-0.6,1.6626452905811624,0.9099589681431395,0.24072153535654686
4,-0.6,1.6670140280561123,0.9108988484730589,0.24075341115461488
4,-0.6,1.6713827655310622,0.9118385302827853,0.24077922948313904
4,-0.6,1.6757515030060122,0.9127779910986754,0.24079900024376327
4,-0.6,1.6801202404809619,0.9137172082943321,0.24081273326674763
4,-0.6,1.6844889779559118,0.9146561590896419,0.24082043831351416
4,-0.6,1.6888577154308617,0.9155948205497996,0.24082212507921982
4,-0.6,1.6932264529058116,0.9165331695843265,0.24081780319535395
4,-0.6,1.6975951903807616,0.9174711829460765,0.24080748223236126
4,-0.6,1.7019639278557115,0.9184088372302345,0.24079117170229247
4,-0.6,1.7063326653306614,0.919346108873305,0.24076888106147723
4,-0.6,1.7107014028056113,0.9202829741520949,0.24074061971323327
4,-0.6,1.7150701402805613,0.9212194091826851,0.24070639701059632
4,-0.6,1.719438877755511,0.9221553899193969,0.24066622225908624
4,-0.6,1.7238076152304609,0.9230908921537517,0.2406201047194983
4,-0.6,1.7281763527054108,0.9240258915134236,0.24056805361072942
4,-0.6,1.7325450901803607,0.9249603634611859,0.2405100781126343
4,-0.6,1.7369138276553107,0.9258942832938527,0.24044618736891568
4,-0.6,1.7412825651302606,0.9268276261412163,0.24037639049004836
4,-0.6,1.7456513026052105,0.9277603669649794,0.24030069655623662
4,-0.6,1.7500200400801604,0.928692480557685,0.24021911462040818
4,-0.6,1.7543887775551104,0.9296239415416413,0.2401316537112457
4,-0.6,1.75875751503006,0.930554724367846,0.2400383228362528
4,-0.6,1.76312625250501,0.9314848033149089,0.23993913098485906
4,-0.6,1.76749498997996,0.9324141524879735,0.23983408713156598
4,-0.6,1.7718637274549098,0.933342745817636,0.2397232002391308
4,-0.6,1.7762324649298598,0.934270557058869,0.2396064792617924
4,-0.6,1.7806012024048097,0.9351975597899425,0.23948393314853608
4,-0.6,1.7849699398797596,0.9361237274113494,0.23935557084640668
4,-0.6,1.7893386773547095,0.9370490331447342,0.23922140130385938
4,-0.6,1.7937074148296595,0.9379734500318215,0.23908143347415794
4,-0.6,1.7980761523046092,0.938896950933356,0.23893567631881835
4,-0.6,1.802444889779559,0.9398195085280392,0.23878413881109864
4,-0.6,1.806813627254509,0.940741095311482,0.23862682993953566
4,-0.6,1.811182364729459,0.9416616835951571,0.23846375871153025
4,-0.6,1.8155511022044089,0.9425812455053648,0.23829493415698194
4,-0.6,1.8199198396793588,0.9434997529822051,0.23812036533197378
4,-0.6,1.8242885771543087,0.9444171777785628,0.23794006132250778
4,-0.6,1.8286573146292586,0.9453334914591017,0.2377540312482945
4,-0.6,1.8330260521042085,0.9462486653992763,0.23756228426659284
4,-0.6,1.8373947895791582,0.9471626707843521,0.23736482957610647
4,-0.6,1.8417635270541082,0.948075478608444,0.23716167642093236
4,-0.6,1.846132264529058,0.9489870596735723,0.23695283409456966
4,-0.6,1.850501002004008,0.9498973845887347,0.2367383119439814
4,-0.6,1.854869739478958,0.9508064237689977,0.23651811937371542
4,-0.6,1.8592384769539079,0.9517141474346106,0.23629226585008659
4,-0.6,1.8636072144288578,0.9526205256101398,0.23606076090541447
4,-0.6,1.8679759519038077,0.9535255281236278,0.2358236141423252
4,-0.6,1.8723446893787576,0.9544291246057766,0.2355808352381144
4,-0.6,1.8767134268537076,0.9553312844891585,0.23533243394917122
4,-0.6,1.8810821643286573,0.9562319770074565,0.23507842011546928
4,-0.6,1.8854509018036072,0.9571311711947321,0.23481880366511562
4,-0.6,1.8898196392785571,0.9580288358847273,0.2345535946189746
4,-0.6,1.894188376753507,0.9589249397102008,0.2342828030953499
4,-0.6,1.898557114228457,0.9598194511022974,0.23400643931473789
4,-0.6,1.902925851703407,0.960712338289957,0.2337245136046449
4,-0.6,1.9072945891783568,0.9616035692993634,0.2334370364044818
4,-0.6,1.9116633266533067,0.9624931119534325,0.23314401827051665
4,-0.6,1.9160320641282567,0.9633809338713463,0.23284546988090848
4,-0.6,1.9204008016032064,0.9642670024681319,0.23254140204080656
4,-0.6,1.9247695390781563,0.9651512849542885,0.23223182568752176
4,-0.6,1.9291382765531062,0.9660337483354657,0.23191675189577257
4,-0.6,1.9335070140280561,0.9669143594121925,0.23159619188300531
4,-0.6,1.937875751503006,0.9677930847796635,0.23127015701478423
4,-0.6,1.942244488977956,0.9686698908275816,0.2309386588102634
4,-0.6,1.946613226452906,0.9695447437400618,0.23060170894772467
4,-0.6,1.9509819639278558,0.9704176094955961,0.23025931927020146
4,-0.6,1.9553507014028058,0.9712884538670851,0.22991150179117004
4,-0.6,1.9597194388777555,0.9721572424219388,0.22955826870032672
4,-0.6,1.9640881763527054,0.9730239405222455,0.2291996323694314
4,-0.6,1.9684569138276553,0.9738885133250177,0.22883560535824116
4,-0.6,1.9728256513026052,0.9747509257825133,0.22846620042051163
4,-0.6,1.9771943887775552,0.9756111426426368,0.22809143051008293
4,-0.6,1.981563126252505,0.9764691284494247,0.2277113087870407
4,-0.6,1.985931863727455,0.9773248475436159,0.22732584862395844
4,-0.6,1.990300601202405,0.9781782640633128,0.2269350636122162
4,-0.6,1.9946693386773549,0.9790293419447333,0.2265389675684001
4,-0.6,1.9990380761523046,0.9798780449230636,0.22613757454077868
4,-0.6,2.0034068136272545,0.9807243365334047,0.2257308988158606
4,-0.6,2.0077755511022044,0.9815681801118278,0.22531895492502652
4,-0.6,2.0121442885771543,0.9824095387965337,0.22490175765124393
4,-0.6,2.0165130260521043,0.9832483755291234,0.2244793220358547
4,-0.6,2.020881763527054,0.9840846530559851,0.22405166338544522
4,-0.6,2.025250501002004,0.9849183339297981,0.2236187972787878
4,-0.6,2.029619238476954,0.9857493805111589,0.22318073957386209
4,-0.6,2.033987975951904,0.9865777549703352,0.22273750641494788
4,-0.6,2.038356713426854,0.9874034192891491,0.2222891142397974
4,-0.6,2.042725450901804,0.9882263352629975,0.2218355797868735
4,-0.6,2.0470941883767537,0.9890464645030078,0.2213769201026685
4,-0.6,2.0514629258517036,0.9898637684383415,0.22091315254908642
4,-0.6,2.0558316633266536,0.9906782083186396,0.22044429481089628
4,-0.6,2.060200400801603,0.9914897452166292,0.2199703649032574
4,-0.6,2.064569138276553,0.9922983400308766,0.21949138117930647
4,-0.6,2.068937875751503,0.9931039534887085,0.21900736233780752
4,-0.6,2.073306613226453,0.9939065461492996,0.2185183274308712
4,-0.6,2.0776753507014027,0.9947060784069248,0.2180242958717251
4,-0.6,2.0820440881763527,0.9955025104943939,0.2175252874425504
4,-0.6,2.0864128256513026,0.9962958024866615,0.21702132230236443
4,-0.6,2.0907815631262525,0.9970859143046262,0.2165124209949662
4,-0.6,2.0951503006012024,0.9978728057191146,0.21599860445692337
4,-0.6,2.0995190380761524,0.9986564363550665,0.2154798940256073
4,-0.6,2.1038877755511023,0.9994367656959146,0.21495631144727717
4,-0.6,2.108256513026052,1.0002137530881718,0.21442787888519516
4,-0.6,2.112625250501002,1.000987357746229,0.21389461892778364
4,-0.6,2.116993987975952,1.001757538757366,0.2133565545968134
4,-0.6,2.121362725450902,1.0025242550869833,0.21281370935561883
4,-0.6,2.125731462925852,1.003287465584059,0.21226610711733815
4,-0.6,2.130100200400802,1.0040471289868362,0.21171377225317234
4,-0.6,2.1344689378757518,1.0048032039287456,0.21115672960065537
4,-0.6,2.1388376753507012,1.0055556489445663,0.21059500447194004
4,-0.6,2.143206412825651,1.0063044224768352,0.21002862266208258
4,-0.6,2.147575150300601,1.0070494828825034,0.20945761045732292
4,-0.6,2.151943887775551,1.00779078843985,0.20888199464336832
4,-0.6,2.156312625250501,1.0085282973556549,0.20830180251365027
4,-0.6,2.160681362725451,1.0092619677726342,0.20771706187756528
4,-0.6,2.165050100200401,1.0099917577771498,0.20712780106869638
4,-0.6,2.1694188376753507,1.0107176254071883,0.20653404895298785
4,-0.6,2.1737875751503006,1.0114395286606228,0.20593583493688858
4,-0.6,2.1781563126252506,1.0121574255037515,0.2053331889754396
4,-0.6,2.1825250501002005,1.0128712738801313,0.2047261415803107
4,-0.6,2.1868937875751504,1.0135810317196983,0.2041147238277662
4,-0.6,2.1912625250501003,1.014286656948182,0.20349896736656492
4,-0.6,2.1956312625250503,1.0149881074968243,0.20287890442576334
4,-0.6,2.2,1.0156853413123963,0.2022545678224466
5,-0.8,0.02,0.9004630959000682,-0.542177943158771
5,-0.8,0.0243687374749499,0.8992066933886202,-0.5355418747606804
5,-0.8,0.0287374749498998,0.8979613343242064,-0.5289639068189763
5,-0.8,0.0331062124248497,0.8967269662470758,-0.5224434842522694
5,-0.8,0.0374749498997996,0.8955035371951442,-0.5159800574075496
5,-0.8,0.0418436873747495,0.8942909956976003,-0.5095730820130728
5,-0.8,0.046212424849699396,0.8930892907685216,-0.5032220191316006
5,-0.8,0.0505811623246493,0.8918983719004822,-0.4969263351139851
5,-0.8,0.0549498997995992,0.8907181890581708,-0.49068550155309987
5,-0.8,0.0593186372745491,0.8895486926720109,-0.4844989952381022
5,-0.8,0.063687374749499,0.8883898336317865,-0.47836629810904263
5,-0.8,0.0680561122244489,0.8872415632802798,-0.4722868972117982
5,-0.8,0.0724248496993988,0.8861038334069185,-0.4662602846533348
5,-0.8,0.0767935871743487,0.8849765962414295,-0.4602859575573004
5,-0.8,0.0811623246492986,0.8838598044475169,-0.45436341801993585
5,-0.8,0.0855310621242485,0.8827534111165435,-0.44849217306630496
5,-0.8,0.0898997995991984,0.881657369761241,-0.4426717346068424
5,-0.8,0.0942685370741483,0.8805716343094286,-0.4369016193942144
5,-0.8,0.0986372745490982,0.8794961590977619,-0.4311813489804855
5,-0.8,0.1030060120240481,0.8784308988654967,-0.4255104496745994
5,-0.8,0.107374749498998,0.8773758087482797,-0.4198884525001567
5,-0.8,0.1117434869739479,0.8763308442719667,-0.4143148931535002
5,-0.8,0.11611222444889781,0.8752959613464665,-0.4087893119620938
5,-0.8,0.1204809619238477,0.8742711162596104,-0.4033112538432023
5,-0.8,0.1248496993987976,0.8732562656710613,-0.39788026826286405
5,-0.8,0.12921843687374748,0.8722513666062444,-0.3924959091951506
5,-0.8,0.13358717434869738,0.8712563764503204,-0.38715773508172446
5,-0.8,0.1379559118236473,0.8702712529421879,-0.3818653087916756
5,-0.8,0.1423246492985972,0.8692959541685279,-0.37661819758164317
5,-0.8,0.1466933867735471,0.868330438557882,-0.3714159730562276
5,-0.8,0.151062124248497,0.8673746648747741,-0.36625821112867324
5,-0.8,0.1554308617234469,0.8664285922138713,-0.3611444919818355
5,-0.8,0.15979959919839679,0.8654921799941863,-0.35607440002942314
5,-0.8,0.16416833667334668,0.8645653879533297,-0.35104752387751476
5,-0.8,0.16853707414829658,0.8636481761418012,-0.34606345628634766
5,-0.8,0.17290581162324647,0.8627405049173295,-0.34112179413237875
5,-0.8,0.17727454909819637,0.861842334939262,-0.33622213837061504
5,-0.8,0.1816432865731463,0.8609536271630019,-0.33136409399721034
5,-0.8,0.1860120240480962,0.860074342834497,-0.3265472700123297
5,-0.8,0.1903807615230461,0.8592044434847772,-0.3217712793832776
5,-0.8,0.19474949899799598,0.8583438909245495,-0.317035739007888
5,-0.8,0.19911823647294588,0.8574926472388422,-0.31234026967817896
5,-0.8,0.20348697394789578,0.8566506747817073,-0.30768449604426534
5,-0.8,0.20785571142284567,0.8558179361709735,-0.30306804657853004
5,-0.8,0.2122244488977956,0.8549943942830645,-0.2984905535400538
5,-0.8,0.2165931863727455,0.854180012247865,-0.2939516529393017
5,-0.8,0.2209619238476954,0.8533747534436548,-0.2894509845030633
5,-0.8,0.2253306613226453,0.8525785814920921,-0.2849881916396467
5,-0.8,0.22969939879759518,0.8517914602532666,-0.2805629214043275
5,-0.8,0.23406813627254508,0.8510133538208072,-0.27617482446504565
5,-0.8,0.23843687374749498,0.8502442265170522,-0.27182355506835637
5,-0.8,0.24280561122244487,0.8494840428882837,-0.26750877100562853
5,-0.8,0.24717434869739477,0.8487327677000228,-0.2632301335794903
5,-0.8,0.2515430861723447,0.8479903659323874,-0.2589873075705249
5,-0.8,0.2559118236472946,0.8472568027755174,-0.2547799612042111
5,-0.8,0.2602805611222445,0.8465320436250601,-0.2506077661181087
5,-0.8,0.2646492985971944,0.8458160540777215,-0.24647039732929102
5,-0.8,0.2690180360721443,0.845108799926885,-0.24236753320201404
5,-0.8,0.27338677354709423,0.8444102471582912,-0.2382988554156402
5,-0.8,0.2777555110220441,0.843720361945787,-0.23426404893279115
5,-0.8,0.282124248496994,0.8430391106471392,-0.23026280196774956
5,-0.8,0.2864929859719439,0.8423664597999138,-0.22629480595509804
5,-0.8,0.2908617234468938,0.841702376117423,-0.22235975551859807
5,-0.8,0.2952304609218437,0.8410468264847362,-0.21845734844030687
5,-0.8,0.2995991983967936,0.8403997779547611,-0.21458728562993215
5,-0.8,0.30396793587174353,0.8397611977443884,-0.21074927109442215
5,-0.8,0.3083366733466934,0.8391310532307037,-0.2069430119077951
5,-0.8,0.3127054108216433,0.838509311947266,-0.20316821818120007
5,-0.8,0.3170741482965932,0.8378959415804549,-0.19942460303321347
5,-0.8,0.3214428857715431,0.8372909099658807,-0.19571188256037148
5,-0.8,0.325811623246493,0.8366941850848622,-0.19202977580793174
5,-0.8,0.3301803607214429,0.8361057350609715,-0.18837800474086763
5,-0.8,0.3345490981963928,0.8355255281566435,-0.1847562942150977
5,-0.8,0.3389178356713427,0.8349535327698525,-0.18116437194894008
5,-0.8,0.34328657314629263,0.8343897174308507,-0.17760196849479928
5,-0.8,0.3476553106212425,0.8338340507989774,-0.17406881721108453
5,-0.8,0.3520240480961924,0.833286501659527,-0.17056465423434883
5,-0.8,0.3563927855711423,0.8327470389206859,-0.16708921845166513
5,-0.8,0.3607615230460922,0.8322156316105308,-0.1636422514732192
5,-0.8,0.3651302605210421,0.8316922488740913,-0.16022349760513702
5,-0.8,0.369498997995992,0.8311768599704771,-0.15683270382252887
5,-0.8,0.37386773547094193,0.8306694342700638,-0.1534696197427661
5,-0.8,0.3782364729458918,0.8301699412517476,-0.15013399759897297
5,-0.8,0.3826052104208417,0.8296783505002533,-0.14682559221374744
5,-0.8,0.3869739478957916,0.8291946317035107,-0.1435441609730992
5,-0.8,0.3913426853707415,0.8287187546500878,-0.14028946380061133
5,-0.8,0.3957114228456914,0.8282506892266839,-0.13706126313182013
5,-0.8,0.4000801603206413,0.8277904054156845,-0.13385932388881527
5,-0.8,0.40444889779559123,0.8273378732927723,-0.13068341345505705
5,-0.8,0.4088176352705411,0.8268930630245974,-0.12753330165041182
5,-0.8,0.413186372745491,0.8264559448665054,-0.12440876070640361
5,-0.8,0.4175551102204409,0.8260264891603216,-0.12130956524168057
5,-0.8,0.4219238476953908,0.8256046663321919,-0.11823549223769732
5,-0.8,0.4262925851703407,0.8251904468904776,-0.11518632101460914
5,-0.8,0.4306613226452906,0.8247838014237066,-0.11216183320738195
5,-0.8,0.4350300601202405,0.8243847005985788,-0.10916181274210997
5,-0.8,0.4393987975951904,0.8239931151580223,-0.1061860458125478
5,-0.8,0.44376753507014033,0.8236090159193048,-0.103234320856849
5,-0.8,0.4481362725450902,0.8232323737721934,-0.1003064285345188
5,-0.8,0.4525050100200401,0.8228631596771712,-0.09740216170356726
5,-0.8,0.45687374749499,0.8225013446636964,-0.09452131539787595
5,-0.8,0.4612424849699399,0.8221468998285157,-0.09166368680476686
5,-0.8,0.4656112224448898,0.8217997963340274,-0.08882907524277621
5,-0.8,0.4699799599198397,0.8214600054066872,-0.08601728213963387
5,-0.8,0.4743486973947896,0.8211274983354647,-0.08322811101044417
5,-0.8,0.4787174348697395,0.8208022464703457,-0.08046136743606762
5,-0.8,0.4830861723446894,0.8204842212208802,-0.07771685904170444
5,-0.8,0.4874549098196393,0.8201733940547715,-0.07499439547567711
5,-0.8,0.4918236472945892,0.8198697364965144,-0.07229378838841141
5,-0.8,0.4961923847695391,0.8195732201260724,-0.06961485141161357
5,-0.8,0.500561122244489,0.8192838165775986,-0.06695740013764487
5,-0.8,0.5049298597194388,0.8190014975381968,-0.06432125209909077
5,-0.8,0.5092985971943887,0.8187262347467245,-0.061706226748523454
5,-0.8,0.5136673346693387,0.818457999992635,-0.05911214543845734
5,-0.8,0.5180360721442886,0.8181967651148574,-0.056538831401495904
5,-0.8,0.5224048096192385,0.8179425020007167,-0.053986109730668475
5,-0.8,0.5267735470941884,0.8176951825848886,-0.05145380735995791
5,-0.8,0.5311422845691383,0.8174547788483921,-0.048941753045013324
5,-0.8,0.5355110220440882,0.8172212628176194,-0.046449777344050855
5,-0.8,0.5398797595190381,0.8169946065633963,-0.04397771259894194
5,-0.8,0.544248496993988,0.8167747822000799,-0.041525392916482384
5,-0.8,0.548617234468938,0.8165617618846909,-0.03909265414984655
5,-0.8,0.5529859719438878,0.8163555178160737,-0.03667933388022326
5,-0.8,0.5573547094188377,0.8161560222340912,-0.034285271398631384
5,-0.8,0.5617234468937876,0.8159632474188508,-0.03191030768791594
5,-0.8,0.5660921843687375,0.8157771656899591,-0.029554285404921752
5,-0.8,0.5704609218436874,0.815597749405807,-0.027217048862843752
5,-0.8,0.5748296593186373,0.8154249709628834,-0.024898444013752092
5,-0.8,0.5791983967935872,0.8152588027951142,-0.02259831843129437
5,-0.8,0.5835671342685371,0.8150992173732343,-0.02031652129356744
5,-0.8,0.587935871743487,0.8149461872041789,-0.018052903366162717
5,-0.8,0.5923046092184369,0.814799684830506,-0.015807316985382812
5,-0.8,0.5966733466933868,0.8146596828298408,-0.013579616041624509
5,-0.8,0.6010420841683367,0.8145261538143456,-0.011369655962932922
5,-0.8,0.6054108216432866,0.8143990704302131,-0.009177293698719962
5,-0.8,0.6097795591182364,0.8142784053571828,-0.007002387703649697
5,-0.8,0.6141482965931864,0.8141641313080776,-0.00484479792168524
5,-0.8,0.6185170340681363,0.8140562210283667,-0.0027043857703014066
5,-0.8,0.6228857715430862,0.8139546472957426,-0.0005810141248573825
5,-0.8,0.6272545090180361,0.8138593829197245,0.0015254526968716564
5,-0.8,0.631623246492986,0.8137704007412777,0.003615148950001114
5,-0.8,0.6359919839679359,0.8136876736324533,0.005688207477690717
5,-0.8,0.6403607214428858,0.8136111744960458,0.007744759726136494
5,-0.8,0.6447294589178357,0.8135408762652677,0.009784935759412054
5,-0.8,0.6490981963927855,0.8134767519034433,0.011808864274155003
5,-0.8,0.6534669338677355,0.8134187744037166,0.013816672614100285
5,-0.8,0.6578356713426854,0.8133669167887762,0.01580848678446394
5,-0.8,0.6622044088176353,0.8133211521105961,0.017784431466176
5,-0.8,0.6665731462925852,0.8132814534501895,0.019744630029965654
5,-0.8,0.670941883767535,0.8132477939173806,0.021689204550299507
5,-0.8,0.675310621242485,0.8132201466505833,0.023618275819173088
5,-0.8,0.6796793587174349,0.8131984848166014,0.025531963359759616
5,-0.8,0.6840480961923848,0.813182781610434,0.02743038543991316
5,-0.8,0.6884168336673347,0.8131730102550985,0.029313659085532583
5,-0.8,0.6927855711422846,0.8131691440014616,0.03118190009378288
5,-0.8,0.6971543086172345,0.8131711561280833,0.03303522304617802
5,-0.8,0.7015230460921844,0.8131790199410703,0.03487374132152569
5,-0.8,0.7058917835671343,0.8131927087739415,0.036697567108735396
5,-0.8,0.7102605210420841,0.8132121959875004,0.03850681141948995
5,-0.8,0.7146292585170341,0.8132374549697194,0.04030158410078521
5,-0.8,0.718997995991984,0.813268459135631,0.04208199384733393
5,-0.8,0.7233667334669339,0.8133051819272279,0.04384814821383992
5,-0.8,0.7277354709418838,0.8133475968133727,0.045600153627141676
5,-0.8,0.7321042084168337,0.8133956772897103,0.04733811539822473
5,-0.8,0.7364729458917836,0.8134493968785955,0.04906213773410945
5,-0.8,0.7408416833667335,0.8135087291290177,0.050772323749608994
5,-0.8,0.7452104208416834,0.8135736476165389,0.05246877547896399
5,-0.8,0.7495791583166332,0.813644125943237,0.05415159388735076
5,-0.8,0.7539478957915832,0.8137201377376488,0.05582087888226972
5,-0.8,0.7583166332665331,0.8138016566547266,0.057476729324808414
5,-0.8,0.762685370741483,0.8138886563757931,0.05911924304078655
5,-0.8,0.7670541082164329,0.8139811106085051,0.06074851683178059
5,-0.8,0.7714228456913828,0.8140789930868167,0.062364646486030066
5,-0.8,0.7757915831663327,0.8141822775709525,0.06396772678922742
5,-0.8,0.7801603206412826,0.8142909378473777,0.0655578515351914
5,-0.8,0.7845290581162325,0.8144049477287771,0.06713511353642648
5,-0.8,0.7888977955911824,0.8145242810540329,0.06869960463456849
5,-0.8,0.7932665330661323,0.8146489116882075,0.07025141571071764
5,-0.8,0.7976352705410822,0.8147788135225281,0.0717906366956613
5,-0.8,0.8020040080160321,0.8149139604743724,0.07331735657998527
5,-0.8,0.806372745490982,0.815054326487257,0.0748316634240785
5,-0.8,0.8107414829659318,0.8151998855308267,0.07633364436802763
5,-0.8,0.8151102204408818,0.8153506116008469,0.07782338564140599
5,-0.8,0.8194789579158317,0.8155064787191937,0.07930097257295894
5,-0.8,0.8238476953907816,0.8156674609338473,0.08076648960018071
5,-0.8,0.8282164328657315,0.8158335323188854,0.08222002027879206
5,-0.8,0.8325851703406814,0.8160046669744763,0.08366164729211399
5,-0.8,0.8369539078156313,0.8161808390268726,0.08509145246033976
5,-0.8,0.8413226452905812,0.8163620226284052,0.08650951674970904
5,-0.8,0.8456913827655311,0.8165481919574744,0.08791592028158098
5,-0.8,0.8500601202404809,0.8167393212185448,0.08931074234141036
5,-0.8,0.8544288577154309,0.8169353846421362,0.09069406138762759
5,-0.8,0.8587975951903808,0.8171363564848129,0.09206595506042194
5,-0.8,0.8631663326653307,0.8173422110291759,0.09342650019043101
5,-0.8,0.8675350701402806,0.8175529225838493,0.0947757728073353
5,-0.8,0.8719038076152305,0.8177684654834678,0.09611384814836137
5,-0.8,0.8762725450901804,0.8179888140886626,0.09744080066669397
5,-0.8,0.8806412825651303,0.8182139427860441,0.09875670403979524
5,-0.8,0.8850100200400802,0.8184438259881831,0.10006163117763628
5,-0.8,0.88937875751503,0.8186784381335911,0.10135565423083953
5,-0.8,0.89374749498998,0.8189177536866967,0.10263884459873449
5,-0.8,0.8981162324649299,0.819161747137821,0.10391127293732434
5,-0.8,0.9024849699398798,0.8194103930031491,0.10517300916717073
5,-0.8,0.9068537074148297,0.8196636658247002,0.10642412248118929
5,-0.8,0.9112224448897795,0.8199215401702941,0.1076646813523657
5,-0.8,0.9155911823647295,0.8201839906335152,0.10889475354138636
5,-0.8,0.9199599198396794,0.8204509918336726,0.11011440610418838
5,-0.8,0.9243286573146293,0.8207225184157598,0.11132370539942776
5,-0.8,0.9286973947895791,0.8209985450504076,0.11252271709586883
5,-0.8,0.9330661322645291,0.8212790464338345,0.11371150617969349
5,-0.8,0.937434869739479,0.8215639972877972,0.11489013696173267
5,-0.8,0.9418036072144289,0.821853372359532,0.11605867308462078
5,-0.8,0.9461723446893788,0.8221471464216968,0.11721717752987382
5,-0.8,0.9505410821643286,0.8224452942723077,0.11836571262489129
5,-0.8,0.9549098196392786,0.8227477907346723,0.11950434004988467
5,-0.8,0.9592785571142285,0.823054610657318,0.1206331208447304
5,-0.8,0.9636472945891784,0.8233657289139188,0.1217521154157524
5,-0.8,0.9680160320641283,0.8236811204032156,0.12286138354243067
5,-0.8,0.9723847695390782,0.8240007600489325,0.12396098438403852
5,-0.8,0.9767535070140281,0.8243246227996922,0.12505097648621166
5,-0.8,0.981122244488978,0.8246526836289225,0.12613141778744585
5,-0.8,0.9854909819639279,0.8249849175347616,0.12720236562552523
5,-0.8,0.9898597194388777,0.8253212995399594,0.1282638767438853
5,-0.8,0.9942284569138277,0.8256618046917709,0.12931600729790715
5,-0.8,0.9985971943887776,0.8260064080618508,0.13035881286114537
5,-0.8,1.0029659318637274,0.8263550847461376,0.1313923484314906
5,-0.8,1.0073346693386773,0.8267078098647376,0.1324166684372684
5,-0.8,1.0117034068136272,0.8270645585618013,0.13343182674327292
5,-0.8,1.0160721442885772,0.8274253060053993,0.1344378766567379
5,-0.8,1.020440881763527,0.8277900273873874,0.13543487093324516
5,-0.8,1.024809619238477,0.8281586979232739,0.1364228617825728
5,-0.8,1.029178356713427,0.8285312928520758,0.13740190087447954
5,-0.8,1.0335470941883769,0.8289077874361755,0.13837203934443212
5,-0.8,1.0379158316633268,0.8292881569611705,0.1393333277992716
5,-0.8,1.0422845691382765,0.8296723767357157,0.1402858163228213
5,-0.8,1.0466533066132264,0.8300604220913673,0.14122955448143615
5,-0.8,1.0510220440881763,0.830452268382415,0.14216459132949738
5,-0.8,1.0553907815631263,0.8308478909857151,0.14309097541484733
5,-0.8,1.0597595190380762,0.8312472653005134,0.14400875478416966
5,-0.8,1.0641282565130261,0.8316503667482679,0.14491797698831624
5,-0.8,1.068496993987976,0.8320571707724641,0.14581868908757634
5,-0.8,1.072865731462926,0.8324676528384259,0.14671093765689586
5,-0.8,1.0772344689378759,0.8328817884331211,0.14759476879103975
5,-0.8,1.0816032064128256,0.8332995530649636,0.14847022810970426
5,-0.8,1.0859719438877755,0.8337209222636092,0.1493373607625779
5,-0.8,1.0903406813627254,0.8341458715797456,0.15019621143434883
5,-0.8,1.0947094188376754,0.8345743765848809,0.1510468243496647
5,-0.8,1.0990781563126253,0.8350064128711241,0.15188924327804063
5,-0.8,1.1034468937875752,0.8354419560509603,0.15272351153871908
5,-0.8,1.1078156312625251,0.8358809817570244,0.15354967200548122
5,-0.8,1.112184368737475,0.8363234656418667,0.1543677671114097
5,-0.8,1.116553106212425,0.8367693833777147,0.15517783885360492
5,-0.8,1.1209218436873747,0.837218710656229,0.15597992879785458
5,-0.8,1.1252905811623246,0.8376714231882576,0.15677407808325639
5,-0.8,1.1296593186372745,0.8381274967035813,0.1575603274267964
5,-0.8,1.1340280561122245,0.8385869069506551,0.15833871712788236
5,-0.8,1.1383967935871744,0.8390496296963471,0.1591092870728324
5,-0.8,1.1427655310621243,0.8395156407256708,0.1598720767393195
5,-0.8,1.1471342685370742,0.8399849158415111,0.1606271252007751
5,-0.8,1.1515030060120242,0.8404574308643492,0.16137447113074765
5,-0.8,1.155871743486974,0.8409331616319794,0.1621141528072211
5,-0.8,1.1602404809619238,0.8414120839992217,0.16284620811689082
5,-0.8,1.1646092184368737,0.8418941738376323,0.1635706745594004
5,-0.8,1.1689779559118236,0.8423794070352048,0.16428758925153575
5,-0.8,1.1733466933867736,0.8428677594960711,0.16499698893138198
5,-0.8,1.1777154308617235,0.8433592071401936,0.16569890996244002
5,-0.8,1.1820841683366734,0.843853725903058,0.16639338833770462
5,-0.8,1.1864529058116233,0.8443512917353541,0.16708045968370439
5,-0.8,1.1908216432865733,0.8448518806026589,0.1677601592645056
5,-0.8,1.1951903807615232,0.8453554684851127,0.16843252198567585
5,-0.8,1.1995591182364729,0.8458620313770874,0.16909758239821596
5,-0.8,1.2039278557114228,0.8463715452868547,0.16975537470245136
5,-0.8,1.2082965931863727,0.8468839862362494,0.1704059327518913
5,-0.8,1.2126653306613226,0.8473993302603243,0.17104929005705125
5,-0.8,1.2170340681362726,0.8479175534070051,0.17168547978924256
5,-0.8,1.2214028056112225,0.8484386317367383,0.17231453478432687
5,-0.8,1.2257715430861724,0.8489625413221364,0.17293648754643726
5,-0.8,1.2301402805611223,0.8494892582476162,0.17355137025166795
5,-0.8,1.2345090180360723,0.8500187586090359,0.17415921475172974
5,-0.8,1.238877755511022,0.8505510185133254,0.17476005257757532
5,-0.8,1.243246492985972,0.851086014078114,0.1753539149429921
5,-0.8,1.2476152304609218,0.8516237214313533,0.17594083274816297
5,-0.8,1.2519839679358717,0.8521641167109357,0.17652083658320047
5,-0.8,1.2563527054108217,0.8527071760643086,0.17709395673164674
5,-0.8,1.2607214428857716,0.8532528756480849,0.1776602231739459
5,-0.8,1.2650901803607215,0.8538011916276509,0.17821966559088845
5,-0.8,1.2694589178356714,0.8543521001767669,0.17877231336702365
5,-0.8,1.2738276553106214,0.8549055774771656,0.1793181955940491
5,-0.8,1.278196392785571,0.8554615997181496,0.17985734107416632
5,-0.8,1.282565130260521,0.8560201430961786,0.1803897783234153
5,-0.8,1.286933867735471,0.8565811838144581,0.1809155355749775
5,-0.8,1.2913026052104208,0.8571446980825224,0.18143464078245522
5,-0.8,1.2956713426853708,0.8577106621158138,0.18194712162312401
5,-0.8,1.3000400801603207,0.858279052135259,0.18245300550116025
5,-0.8,1.3044088176352706,0.85884984436684,0.18295231955084382
5,-0.8,1.3087775551102205,0.859423015041164,0.1834450906397351
5,-0.8,1.3131462925851705,0.859998540393028,0.18393134537182895
5,-0.8,1.3175150300601204,0.8605763966609805,0.18441111009068512
5,-0.8,1.32188376753507,0.8611565600868804,0.1848844108825342
5,-0.8,1.32625250501002,0.86173900691545,0.18535127357936126
5,-0.8,1.33062124248497,0.86232371339383,0.18581172376196942
5,-0.8,1.3349899799599199,0.8629106557711251,0.18626578676301642
5,-0.8,1.3393587174348698,0.86349981029795,0.1867134876700339
5,-0.8,1.3437274549098197,0.8640911532259725,0.18715485132842385
5,-0.8,1.3480961923847696,0.864684660807453,0.18758990234443512
5,-0.8,1.3524649298597196,0.8652803092947787,0.188018665088117
5,-0.8,1.3568336673346695,0.8658780749399997,0.18844116369625732
5,-0.8,1.3612024048096192,0.8664779339943582,0.1888574220752965
5,-0.8,1.365571142284569,0.8670798627078161,0.1892674639042242
5,-0.8,1.369939879759519,0.8676838373285803,0.18967131263745987
5,-0.8,1.374308617234469,0.8682898341026267,0.19006899150770948
5,-0.8,1.3786773547094189,0.8688978292732183,0.19046052352880907
5,-0.8,1.3830460921843688,0.8695077990804249,0.1908459314985477
5,-0.8,1.3874148296593187,0.8701197197606365,0.1912252380014748
5,-0.8,1.3917835671342687,0.8707335675460774,0.19159846541169157
5,-0.8,1.3961523046092186,0.8713493186643168,0.19196563589562257
5,-0.8,1.4005210420841683,0.8719669493377775,0.1923267714147746
5,-0.8,1.4048897795591182,0.872586435783243,0.19268189372847816
5,-0.8,1.4092585170340681,0.8732077542113613,0.19303102439661457
5,-0.8,1.413627254509018,0.8738308808261488,0.193374184782328
5,-0.8,1.417995991983968,0.8744557918244907,0.19371139605472157
5,-0.8,1.422364729458918,0.8750824633956408,0.19404267919154142
5,-0.8,1.4267334669338678,0.8757108717207204,0.1943680549818459
5,-0.8,1.4311022044088177,0.876340992972213,0.1946875440286615
5,-0.8,1.4354709418837677,0.8769728033134605,0.19500116675162507
5,-0.8,1.4398396793587174,0.8776062788981568,0.19530894338961474
5,-0.8,1.4442084168336673,0.8782413958698416,0.19561089400336718
5,-0.8,1.4485771543086172,0.8788781303613893,0.19590703847808355
5,-0.8,1.4529458917835671,0.8795164584945033,0.19619739652602405
5,-0.8,1.457314629258517,0.8801563563792031,0.19648198768909045
5,-0.8,1.461683366733467,0.880797800113316,0.19676083134139885
5,-0.8,1.466052104208417,0.8814407657819622,0.1970339466918404
5,-0.8,1.4704208416833668,0.8820852294570475,0.19730135278663324
5,-0.8,1.4747895791583168,0.8827311671967474,0.19756306851186442
5,-0.8,1.4791583166332665,0.8833785550449967,0.1978191125960208
5,-0.8,1.4835270541082164,0.8840273690309775,0.19806950361251327
5,-0.8,1.4878957915831663,0.8846775851686044,0.19831425998219035
5,-0.8,1.4922645290581162,0.8853291794560156,0.1985533999758436
5,-0.8,1.4966332665330662,0.8859821278750584,0.19878694171670624
5,-0.8,1.501002004008016,0.8866364063907789,0.19901490318294177
5,-0.8,1.505370741482966,0.8872919909509117,0.19923730221012784
5,-0.8,1.509739478957916,0.88794885748537,0.19945415649373052
5,-0.8,1.5141082164328659,0.8886069819057354,0.19966548359157318
5,-0.8,1.5184769539078156,0.8892663401047506,0.19987130092629996
5,-0.8,1.5228456913827655,0.8899269079558138,0.2000716257878304
5,-0.8,1.5272144288577154,0.8905886613124716,0.20026647533581016
5,-0.8,1.5315831663326653,0.8912515760079167,0.20045586660205764
5,-0.8,1.5359519038076153,0.8919156278544854,0.2006398164930014
5,-0.8,1.5403206412825652,0.8925807926431578,0.20081834179211888
5,-0.8,1.544689378757515,0.8932470461430592,0.2009914591623635
5,-0.8,1.549058116232465,0.8939143641009659,0.20115918514859396
5,-0.8,1.553426853707415,0.8945827222408108,0.20132153617999715
5,-0.8,1.5577955911823649,0.8952520962631936,0.201478528572506
5,-0.8,1.5621643286573146,0.8959224618448921,0.20163017853121729
5,-0.8,1.5665330661322645,0.8965937946383806,0.20177650215280513
5,-0.8,1.5709018036072144,0.8972660702713448,0.20191751542793177
5,-0.8,1.5752705410821644,0.897939264346207,0.20205323424365645
5,-0.8,1.5796392785571143,0.8986133524396507,0.20218367438584312
5,-0.8,1.5840080160320642,0.8992883101021509,0.2023088515415638
5,-0.8,1.5883767535070141,0.8999641128575082,0.20242878130150666
5,-0.8,1.592745490981964,0.9006407362023874,0.20254347916237456
5,-0.8,1.597114228456914,0.9013181556058596,0.20265296052929194
5,-0.8,1.6014829659318637,0.9019963465089517,0.20275724071820403
5,-0.8,1.6058517034068136,0.9026752843241983,0.2028563349582805
5,-0.8,1.6102204408817635,0.9033549444352008,0.20295025839431824
5,-0.8,1.6145891783567135,0.90403530219619,0.20303902608914226
5,-0.8,1.6189579158316634,0.9047163329315994,0.20312265302601182
5,-0.8,1.6233266533066133,0.9053980119356362,0.20320115411102382
5,-0.8,1.6276953907815632,0.9060803144718688,0.20327454417551982
5,-0.8,1.6320641282565131,0.9067632157728136,0.20334283797849362
5,-0.8,1.636432865731463,0.907446691039531,0.20340605020900193
5,-0.8,1.6408016032064128,0.9081307154412299,0.2034641954885745
5,-0.8,1.6451703406813627,0.9088152641148787,0.20351728837363137
5,-0.8,1.6495390781563126,0.909500312164824,0.203565343357898
5,-0.8,1.6539078156312625,0.9101858346624183,0.20360837487482775
5,-0.8,1.6582765531062125,0.9108718066456555,0.20364639730002337
5,-0.8,1.6626452905811624,0.9115582031188161,0.20367942495366662
5,-0.8,1.6670140280561123,0.9122449990521198,0.20370747210294715
5,-0.8,1.6713827655310622,0.9129321693813912,0.20373055296449927
5,-0.8,1.6757515030060122,0.9136196890077326,0.2037486817068408
5,-0.8,1.6801202404809619,0.9143075327972042,0.20376187245281657
5,-0.8,1.6844889779559118,0.9149956755805245,0.20377013928204868
5,-0.8,1.6888577154308617,0.9156840921527697,0.20377349623338867
5,-0.8,1.6932264529058116,0.9163727572730942,0.20377195730737652
5,-0.8,1.6975951903807616,0.9170616456644577,0.2037655364687069
5,-0.8,1.7019639278557115,0.9177507320133641,0.20375424764869754
5,-0.8,1.7063326653306614,0.9184399909696177,0.20373810474776693
5,-0.8,1.7107014028056113,0.9191293971460869,0.20371712163791447
5,-0.8,1.7150701402805613,0.9198189251184845,0.20369131216521058
5,-0.8,1.719438877755511,0.9205085494251602,0.20366069015229094
5,-0.8,1.7238076152304609,0.9211982445669094,0.2036252694008591
5,-0.8,1.7281763527054108,0.9218879850067933,0.20358506369419307
5,-0.8,1.7325450901803607,0.9225777451699776,0.20354008679966337
5,-0.8,1.7369138276553107,0.9232674994435858,0.2034903524712532
5,-0.8,1.7412825651302606,0.9239572221765667,0.2034358744520911
5,-0.8,1.7456513026052105,0.9246468876795801,0.20337666647698643
5,-0.8,1.7500200400801604,0.9253364702248992,0.20331274227497687
5,-0.8,1.7543887775551104,0.9260259440463317,0.20324411557187932
5,-0.8,1.75875751503006,0.9267152833391562,0.20317080009285324
5,-0.8,1.76312625250501,0.9274044622600796,0.20309280956496764
5,-0.8,1.76749498997996,0.9280934549272121,0.20301015771978
5,-0.8,1.7718637274549098,0.9287822354200622,0.20292285829592138
5,-0.8,1.7762324649298598,0.9294707777795526,0.20283092504169067
5,-0.8,1.7806012024048097,0.9301590560080544,0.20273437171765601
5,-0.8,1.7849699398797596,0.9308470440694467,0.20263321209926716
5,-0.8,1.7893386773547095,0.9315347158891928,0.20252745997947444
5,-0.8,1.7937074148296595,0.9322220453544426,0.20241712917135615
5,-0.8,1.7980761523046092,0.9329090063141565,0.20230223351075702
5,-0.8,1.802444889779559,0.9335955725792533,0.20218278685893304
5,-0.8,1.806813627254509,0.9342817179227808,0.20205880310520483
5,-0.8,1.811182364729459,0.934967416080113,0.20193029616962238
5,-0.8,1.8155511022044089,0.9356526407491724,0.20179728000563635
5,-0.8,1.8199198396793588,0.9363373655906756,0.20165976860277793
5,-0.8,1.8242885771543087,0.9370215642284108,0.2015177759893479
5,-0.8,1.8286573146292586,0.9377052102495359,0.20137131623511664
5,-0.8,1.8330260521042085,0.9383882772049108,0.2012204034540271
5,-0.8,1.8373947895791582,0.939070738609454,0.20106505180691261
5,-0.8,1.8417635270541082,0.9397525679425296,0.20090527550421852
5,-0.8,1.846132264529058,0.9404337386483653,0.2007410888087343
5,-0.8,1.850501002004008,0.9411142241365001,0.20057250603833288
5,-0.8,1.854869739478958,0.9417939977822628,0.2003995415687194
5,-0.8,1.8592384769539079,0.9424730329272829,0.2002222098361857
5,-0.8,1.8636072144288578,0.943151302880035,0.2000405253403743
5,-0.8,1.8679759519038077,0.9438287809164163,0.19985450264704813
5,-0.8,1.8723446893787576,0.9445054402803562,0.19966415639087015
5,-0.8,1.8767134268537076,0.9451812541844636,0.19946950127818744
5,-0.8,1.8810821643286573,0.9458561958107101,0.19927055208982325
5,-0.8,1.8854509018036072,0.9465302383111445,0.19906732368387617
5,-0.8,1.8898196392785571,0.9472033548086515,0.19885983099852322
5,-0.8,1.894188376753507,0.9478755183977428,0.19864808905483247
5,-0.8,1.898557114228457,0.9485467021453906,0.19843211295957755
5,-0.8,1.902925851703407,0.9492168790918966,0.19821191790805961
5,-0.8,1.9072945891783568,0.9498860222518049,0.19798751918693455
5,-0.8,1.9116633266533067,0.9505541046148532,0.1977589321770423
5,-0.8,1.9160320641282567,0.951221099146969,0.19752617235624212
5,-0.8,1.9204008016032064,0.9518869787913018,0.19728925530225142
5,-0.8,1.9247695390781563,0.9525517164693083,0.1970481966954862
5,-0.8,1.9291382765531062,0.9532152850818721,0.19680301232190556
5,-0.8,1.9335070140280561,0.9538776575104749,0.19655371807585803
5,-0.8,1.937875751503006,0.9545388066184093,0.19630032996292895
5,-0.8,1.942244488977956,0.9551987052520412,0.1960428641027887
5,-0.8,1.946613226452906,0.955857326242118,0.19578133673204132
5,-0.8,1.9509819639278558,0.9565146424051245,0.1955157642070738
5,-0.8,1.9553507014028058,0.9571706265446874,0.19524616300690245
5,-0.8,1.9597194388777555,0.9578252514530323,0.19497254973601977
5,-0.8,1.9640881763527054,0.9584784899124877,0.19469494112723698
5,-0.8,1.9684569138276553,0.9591303146970421,0.19441335404452528
5,-0.8,1.9728256513026052,0.9597806985739517,0.19412780548585043
5,-0.8,1.9771943887775552,0.9604296143054046,0.19383831258600606
5,-0.8,1.981563126252505,0.9610770346502332,0.1935448926194375
5,-0.8,1.985931863727455,0.9617229323656855,0.1932475630030638
5,-0.8,1.990300601202405,0.96236728020925,0.1929463412990865
5,-0.8,1.9946693386773549,0.9630100509405352,0.19264124521779497
5,-0.8,1.9990380761523046,0.9636512173232081,0.19233229262036022
5,-0.8,2.0034068136272545,0.9642907521269887,0.1920195015216189
5,-0.8,2.0077755511022044,0.9649286281297024,0.19170289009284577
5,-0.8,2.0121442885771543,0.9655648181193932,0.1913824766645105
5,-0.8,2.0165130260521043,0.9661992948964935,0.1910582797290288
5,-0.8,2.020881763527054,0.9668320312760571,0.19073031794348977
5,-0.8,2.025250501002004,0.9674630000900507,0.1903986101323723
5,-0.8,2.029619238476954,0.9680921741897089,0.19006317529024364
5,-0.8,2.033987975951904,0.9687195264479505,0.18972403258443812
5,-0.8,2.038356713426854,0.9693450297618574,0.18938120135771688
5,-0.8,2.042725450901804,0.9699686570552177,0.18903470113090678
5,-0.8,2.0470941883767537,0.9705903812811326,0.18868455160551592
5,-0.8,2.0514629258517036,0.9712101754246873,0.18833077266632553
5,-0.8,2.0558316633266536,0.9718280125056886,0.18797338438395608
5,-0.8,2.060200400801603,0.9724438655814659,0.18761240701740817
5,-0.8,2.064569138276553,0.9730577077497407,0.18724786101657165
5,-0.8,2.068937875751503,0.9736695121515603,0.18687976702470932
5,-0.8,2.073306613226453,0.9742792519743013,0.1865081458809027
5,-0.8,2.0776753507014027,0.974886900454737,0.18613301862247028
5,-0.8,2.0820440881763527,0.9754924308821767,0.18575440648735067
5,-0.8,2.0864128256513026,0.9760958166016696,0.1853723309164415
5,-0.8,2.0907815631262525,0.9766970310172772,0.18498681355591126
5,-0.8,2.0951503006012024,0.9772960475954188,0.1845978762594601
5,-0.8,2.0995190380761524,0.9778928398682796,0.18420554109054615
5,-0.8,2.1038877755511023,0.9784873814372901,0.18380983032456555
5,-0.8,2.108256513026052,0.9790796459766783,0.1834107664509825
5,-0.8,2.112625250501002,0.979669607237086,0.18300837217542107
5,-0.8,2.116993987975952,0.9802572390492543,0.18260267042169434
5,-0.8,2.121362725450902,0.9808425153277844,0.1821936843337961
5,-0.8,2.125731462925852,0.9814254100749596,0.18178143727782417
5,-0.8,2.130100200400802,0.9820058973846421,0.1813659528438602
5,-0.8,2.1344689378757518,0.9825839514462344,0.1809472548477847
5,-0.8,2.1388376753507012,0.9831595465487132,0.18052536733303354
5,-0.8,2.143206412825651,0.9837326570847285,0.1801003145722905
5,-0.8,2.147575150300601,0.9843032575547724,0.17967212106912017
5,-0.8,2.151943887775551,0.9848713225714139,0.17924081155952892
5,-0.8,2.156312625250501,0.9854368268636009,0.17880641101345882
5,-0.8,2.160681362725451,0.9859997452810314,0.17836894463621333
5,-0.8,2.165050100200401,0.9865600527985859,0.17792843786980236
5,-0.8,2.1694188376753507,0.9871177245208284,0.1774849163942196
5,-0.8,2.1737875751503006,0.9876727356865708,0.1770384061286373
5,-0.8,2.1781563126252506,0.9882250616734994,0.1765889332325202
5,-0.8,2.1825250501002005,0.9887746780028672,0.17613652410666056
5,-0.8,2.1868937875751504,0.9893215603442438,0.17568120539412274
5,-0.8,2.1912625250501003,0.9898656845203294,0.1752230039811042
5,-0.8,2.1956312625250503,0.9904070265118268,0.1747619469977066
5,-0.8,2.2,0.9909455624623704,0.1742980618186109
6,-1.0,0.02,1.1851375400613542,-0.4247827862866849
6,-1.0,0.0243687374749499,1.1813501766412495,-0.41922407463142325
6,-1.0,0.0287374749498998,1.1775981090483316,-0.4137154818788061
6,-1.0,0.0331062124248497,1.1738810478126689,-0.4082565249493912
6,-1.0,0.0374749498997996,1.170198706067827,-0.4028467255137162
6,-1.0,0.0418436873747495,1.1665507995276165,-0.39748560994904575
6,-1.0,0.046212424849699396,1.1629370464630084,-0.39217270929648756
6,-1.0,0.0505811623246493,1.1593571676792114,-0.3869075592184666
6,-1.0,0.0549498997995992,1.1558108864929135,-0.38168969995655483
6,-1.0,0.0593186372745491,1.1522979287096868,-0.3765186762896583
6,-1.0,0.063687374749499,1.1488180226015512,-0.3713940374925508
6,-1.0,0.0680561122244489,1.145370898884701,-0.36631533729476273
6,-1.0,0.0724248496993988,1.141956290697391,-0.3612821338398032
6,-1.0,0.0767935871743487,1.1385739335779839,-0.3562939896447338
6,-1.0,0.0811623246492986,1.135223565443152,-0.3513504715600774
6,-1.0,0.0855310621242485,1.131904926566242,-0.3464511507300595
6,-1.0,0.0898997995991984,1.128617759555794,-0.34159560255318777
6,-1.0,0.0942685370741483,1.1253618093342168,-0.3367834066431563
6,-1.0,0.0986372745490982,1.1221368231166238,-0.3320141467900802
6,-1.0,0.1030060120240481,1.1189425503898178,-0.32728741092205094
6,-1.0,0.107374749498998,1.1157787428914359,-0.32260279106701667
6,-1.0,0.1117434869739479,1.112645154589244,-0.3179598833149778
6,-1.0,0.11611222444889781,1.1095415416605916,-0.3133582877804978
6,-1.0,0.1204809619238477,1.1064676624720111,-0.3087976085655307
6,-1.0,0.1248496993987976,1.103423277558975,-0.30427745372255544
6,-1.0,0.12921843687374748,1.1004081496058045,-0.29979743521801844
6,-1.0,0.13358717434869738,1.097422043425726,-0.29535716889608005
6,-1.0,0.1379559118236473,1.0944647259410818,-0.2909562744426693
6,-1.0,0.1423246492985972,1.0915359661636883,-0.2865943753498285
6,-1.0,0.1466933867735471,1.0886355351753447,-0.2822710988803645
6,-1.0,0.151062124248497,1.0857632061084905,-0.2779860760327894
6,-1.0,0.1554308617234469,1.0829187541270093,-0.27373894150655415
6,-1.0,0.15979959919839679,1.0801019564071839,-0.26952933366757686
6,-1.0,0.16416833667334668,1.077312592118794,-0.2653568945140487
6,-1.0,0.16853707414829658,1.0745504424063659,-0.26122126964253745
6,-1.0,0.17290581162324647,1.0718152903705611,-0.257122108214363
6,-1.0,0.17727454909819637,1.0691069210497188,-0.25305906292225966
6,-1.0,0.1816432865731463,1.0664251214015337,-0.2490317899573157
6,-1.0,0.1860120240480962,1.0637696802848855,-0.24503994897618708
6,-1.0,0.1903807615230461,1.0611403884418105,-0.24108320306858544
6,-1.0,0.19474949899799598,1.0585370384796131,-0.23716121872503937
6,-1.0,0.19911823647294588,1.0559594248531234,-0.23327366580492348
6,-1.0,0.20348697394789578,1.0534073438470943,-0.22942021750475514
6,-1.0,0.20785571142284567,1.0508805935587437,-0.22560055032675577
6,-1.0,0.2122244488977956,1.048378973880433,-0.22181434404767622
6,-1.0,0.2165931863727455,1.045902286482488,-0.2180612816878828
6,-1.0,0.2209619238476954,1.0434503347961603,-0.2143410494807014
6,-1.0,0.2253306613226453,1.0410229239967288,-0.21065333684201823
6,-1.0,0.22969939879759518,1.0386198609867345,-0.20699783634013874
6,-1.0,0.23406813627254508,1.0362409543793605,-0.20337424366589535
6,-1.0,0.23843687374749498,1.033886014481944,-0.19978225760300655
6,-1.0,0.24280561122244487,1.0315548532796281,-0.19622157999868967
6,-1.0,0.24717434869739477,1.0292472844191485,-0.19269191573451314
6,-1.0,0.2515430861723447,1.026963123192756,-0.1891929726975022
6,-1.0,0.2559118236472946,1.0247021865222758,-0.18572446175148158
6,-1.0,0.2602805611222445,1.0224642929432997,-0.18228609670866305
6,-1.0,0.2646492985971944,1.0202492625895105,-0.17887759430147238
6,-1.0,0.2690180360721443,1.0180569171771452,-0.17549867415461015
6,-1.0,0.27338677354709423,1.0158870799895845,-0.17214905875735928
6,-1.0,0.2777555110220441,1.0137395758620782,-0.16882847343611118
6,-1.0,0.282124248496994,1.0116142311666034,-0.16553664632714055
6,-1.0,0.2864929859719439,1.0095108737968488,-0.1622733083496001
6,-1.0,0.2908617234468938,1.0074293331533326,-0.15903819317874837
6,-1.0,0.2952304609218437,1.0053694401286508,-0.1558310372194064
6,-1.0,0.2995991983967936,1.003331027092851,-0.1526515795796369
6,-1.0,0.30396793587174353,1.001313927878938,-0.14949956204465042
6,-1.0,0.3083366733466934,0.9993179777685061,-0.14637472905093338
6,-1.0,0.3127054108216433,0.9973430134774963,-0.14327682766059624
6,-1.0,0.3170741482965932,0.9953888731420836,-0.14020560753594158
6,-1.0,0.3214428857715431,0.9934553963046873,-0.13716082091425044
6,-1.0,0.325811623246493,0.9915424239001072,-0.13414222258278366
6,-1.0,0.3301803607214429,0.9896497982417848,-0.13114956985399875
6,-1.0,0.3345490981963928,0.9877773630081873,-0.1281826225409794
6,-1.0,0.3389178356713427,0.9859249632293161,-0.12524114293307725
6,-1.0,0.34328657314629263,0.9840924452733355,-0.12232489577176263
6,-1.0,0.3476553106212425,0.9822796568333257,-0.11943364822668483
6,-1.0,0.3520240480961924,0.9804864469141541,-0.11656716987193813
6,-1.0,0.3563927855711423,0.9787126658194701,-0.11372523266253538
6,-1.0,0.3607615230460922,0.9769581651388157,-0.11090761091108249
6,-1.0,0.3651302605210421,0.9752227977348594,-0.10811408126466125
6,-1.0,0.369498997995992,0.9735064177307451,-0.10534442268190415
6,-1.0,0.37386773547094193,0.9718088804975581,-0.10259841641028093
6,-1.0,0.3782364729458918,0.9701300426419119,-0.09987584596357041
6,-1.0,0.3826052104208417,0.968469761993647,-0.09717649709954189
6,-1.0,0.3869739478957916,0.966827897593646,-0.09450015779782221
6,-1.0,0.3913426853707415,0.965204309681765,-0.09184661823796149
6,-1.0,0.3957114228456914,0.9635988596848771,-0.08921567077769273
6,-1.0,0.4000801603206413,0.9620114102050293,-0.08660710993137857
6,-1.0,0.40444889779559123,0.9604418250077135,-0.0840207323486536
6,-1.0,0.4088176352705411,0.958889969010246,-0.08145633679324908
6,-1.0,0.413186372745491,0.957355708270262,-0.07891372412201157
6,-1.0,0.4175551102204409,0.9558389099743146,-0.07639269726410226
6,-1.0,0.4219238476953908,0.9543394424265914,-0.07389306120038358
6,-1.0,0.4262925851703407,0.9528571750377306,-0.07141462294298961
6,-1.0,0.4306613226452906,0.9513919783137516,-0.06895719151507726
6,-1.0,0.4350300601202405,0.9499437238450906,-0.06652057793075825
6,-1.0,0.4393987975951904,0.9485122842957417,-0.06410459517521273
6,-1.0,0.44376753507014033,0.9470975333925039,-0.061709058184976524
6,-1.0,0.4481362725450902,0.9456993459143371,-0.059333783828412076
6,-1.0,0.4525050100200401,0.9443175976818119,-0.056978590886349365
6,-1.0,0.45687374749499,0.9429521655466757,-0.054643300032901965
6,-1.0,0.4612424849699399,0.941602927381512,-0.052327733816460956
6,-1.0,0.4656112224448898,0.9402697620695043,-0.05003171664085388
6,-1.0,0.4699799599198397,0.9389525494943018,-0.04775507474667991
6,-1.0,0.4743486973947896,0.9376511705299837,-0.0454976361928126
6,-1.0,0.4787174348697395,0.9363655070311245,-0.04325923083806844
6,-1.0,0.4830861723446894,0.9350954418229575,-0.04103969032304786
6,-1.0,0.4874549098196393,0.9338408586916335,-0.03883884805213559
6,-1.0,0.4918236472945892,0.932601642374582,-0.03665653917567193
6,-1.0,0.4961923847695391,0.9313776785509632,-0.034492600572282255
6,-1.0,0.500561122244489,0.9301688538322189,-0.03234687083137063
6,-1.0,0.5049298597194388,0.9289750557527161,-0.030219190235775992
6,-1.0,0.5092985971943887,0.927796172760487,-0.028109400744586035
6,-1.0,0.5136673346693387,0.9266320942080581,-0.0260173459761096
6,-1.0,0.5180360721442886,0.9254827103433771,-0.02394287119100856
6,-1.0,0.5224048096192385,0.9243479123008256,-0.021885823275583187
6,-1.0,0.5267735470941884,0.9232275920923274,-0.019846050725215426
6,-1.0,0.5311422845691383,0.9221216425985433,-0.017823403627964453
6,-1.0,0.5355110220440882,0.9210299575601582,-0.015817733648314732
6,-1.0,0.5398797595190381,0.9199524315692537,-0.01382889401107658
6,-1.0,0.544248496993988,0.9188889600607696,-0.011856739485438118
6,-1.0,0.548617234468938,0.9178394393040542,-0.009901126369164015
6,-1.0,0.5529859719438878,0.9168037663944967,-0.007961912472944048
6,-1.0,0.5573547094188377,0.9157818392452493,-0.006038957104888644
6,-1.0,0.5617234468937876,0.9147735565790296,-0.004132121055171554
6,-1.0,0.5660921843687375,0.9137788179200104,-0.0022412665808142283
6,-1.0,0.5704609218436874,0.9127975235857909,-0.00036625739061676456
6,-1.0,0.5748296593186373,0.91182957467945,0.0014930413697705615
6,-1.0,0.5791983967935872,0.9108748730816811,0.003336763132631119
6,-1.0,0.5835671342685371,0.9099333214430091,0.005165039922830265
6,-1.0,0.587935871743487,0.9090048231760853,0.006978002372319596
6,-1.0,0.5923046092184369,0.9080892824480629,0.008775779734505369
6,-1.0,0.5966733466933868,0.9071866041730503,0.01055849989848107
6,-1.0,0.6010420841683367,0.9062966940046417,0.012326289403120588
6,-1.0,0.6054108216432866,0.9054194583285271,0.014079273451038855
6,-1.0,0.6097795591182364,0.9045548042551759,0.015817575922418246
6,-1.0,0.6141482965931864,0.9037026396125961,0.017541319388702837
6,-1.0,0.6185170340681363,0.9028628729391699,0.019250625126158213
6,-1.0,0.6228857715430862,0.9020354134765617,0.020945613129304604
6,-1.0,0.6272545090180361,0.9012201711627011,0.022626402124217192
6,-1.0,0.631623246492986,0.9004170566248373,0.02429310958169881
6,-1.0,0.6359919839679359,0.8996259811726635,0.025945851730327187
6,-1.0,0.6403607214428858,0.8988468567915174,0.027584743569372506
6,-1.0,0.6447294589178357,0.8980795961356471,0.02920989888159081
6,-1.0,0.6490981963927855,0.8973241125215492,0.03082143024589483
6,-1.0,0.6534669338677355,0.8965803199213751,0.0324194490498994
6,-1.0,0.6578356713426854,0.8958481329564066,0.034004065502343916
6,-1.0,0.6622044088176353,0.8951274668905972,0.03557538864539748
6,-1.0,0.6665731462925852,0.8944182376241824,0.03713352636683777
6,-1.0,0.670941883767535,0.893720361687354,0.038678585412117446
6,-1.0,0.675310621242485,0.8930337562340025,0.04021067139630664
6,-1.0,0.6796793587174349,0.8923583390355218,0.041729888815920935
6,-1.0,0.6840480961923848,0.8916940284746782,0.04323634106063314
6,-1.0,0.6884168336673347,0.8910407435395465,0.04473013042486942
6,-1.0,0.6927855711422846,0.8903984038175038,0.04621135811929085
6,-1.0,0.6971543086172345,0.8897669294892885,0.04768012428216231
6,-1.0,0.7015230460921844,0.8891462413231205,0.04913652799060892
6,-1.0,0.7058917835671343,0.8885362606688807,0.050580667271760874
6,-1.0,0.7102605210420841,0.8879369094523529,0.05201263911378885
6,-1.0,0.7146292585170341,0.8873481101695239,0.053432539476828834
6,-1.0,0.718997995991984,0.8867697858809414,0.05484046330379949
6,-1.0,0.7233667334669339,0.8862018602061335,0.056236504531112154
6,-1.0,0.7277354709418838,0.8856442573180816,0.05762075609927461
6,-1.0,0.7321042084168337,0.8850969019377536,0.058993309963386226
6,-1.0,0.7364729458917836,0.8845597193286929,0.06035425710353504
6,-1.0,0.7408416833667335,0.8840326352916613,0.0617036875350842
6,-1.0,0.7452104208416834,0.8835155761593382,0.06304169031886013
6,-1.0,0.7495791583166332,0.8830084687910762,0.06436835357123757
6,-1.0,0.7539478957915832,0.8825112405677061,0.0656837644741236
6,-1.0,0.7583166332665331,0.8820238193864018,0.06698800928484187
6,-1.0,0.762685370741483,0.8815461336555904,0.0682811733459184
6,-1.0,0.7670541082164329,0.8810781122899212,0.06956334109476872
6,-1.0,0.7714228456913828,0.8806196847052816,0.07083459607328761
6,-1.0,0.7757915831663327,0.8801707808138666,0.07209502093734262
6,-1.0,0.7801603206412826,0.8797313310192978,0.07334469746617378
6,-1.0,0.7845290581162325,0.8793012662117933,0.07458370657169605
6,-1.0,0.7888977955911824,0.8788805177633837,0.07581212830770963
6,-1.0,0.7932665330661323,0.8784690175231836,0.0770300418790187
6,-1.0,0.7976352705410822,0.8780666978127022,0.07823752565045586
6,-1.0,0.8020040080160321,0.8776734914212094,0.07943465715581714
6,-1.0,0.806372745490982,0.8772893316011463,0.08062151310670684
6,-1.0,0.8107414829659318,0.8769141520635801,0.08179816940129189
6,-1.0,0.8151102204408818,0.876547886973709,0.08296470113296997
6,-1.0,0.8194789579158317,0.8761904709464101,0.08412118259894705
6,-1.0,0.8238476953907816,0.8758418390418327,0.08526768730873119
6,-1.0,0.8282164328657315,0.8755019267610379,0.08640428799253898
6,-1.0,0.8325851703406814,0.8751706700416791,0.087531056609616
6,-1.0,0.8369539078156313,0.8748480052537294,0.0886480643564758
6,-1.0,0.8413226452905812,0.8745338691952489,0.08975538167505223
6,-1.0,0.8456913827655311,0.8742281990881978,0.0908530782607713
6,-1.0,0.8500601202404809,0.8739309325742893,0.09194122307054105
6,-1.0,0.8544288577154309,0.8736420077108841,0.09301988433065932
6,-1.0,0.8587975951903808,0.873361362966927,0.09408912954464274
6,-1.0,0.8631663326653307,0.873088937218925,0.09514902550097493
6,-1.0,0.8675350701402806,0.8728246697469617,0.09619963828077757
6,-1.0,0.8719038076152305,0.8725685002307575,0.09724103326540218
6,-1.0,0.8762725450901804,0.8723203687457622,0.09827327514394657
6,-1.0,0.8806412825651303,0.8720802157592923,0.0992964279206927
6,-1.0,0.8850100200400802,0.8718479821267046,0.10031055492247218
6,-1.0,0.88937875751503,0.8716236090876042,0.10131571880595311
6,-1.0,0.89374749498998,0.8714070382620973,0.10231198156485725
6,-1.0,0.8981162324649299,0.8711982116470737,0.1032994045371003
6,-1.0,0.9024849699398798,0.8709970716125318,0.1042780484118622
6,-1.0,0.9068537074148297,0.8708035608979351,0.1052479732365846
6,-1.0,0.9112224448897795,0.8706176226086076,0.1062092384238963
6,-1.0,0.9155911823647295,0.8704392002121645,0.10716190275847162
6,-1.0,0.9199599198396794,0.8702682375349754,0.10810602440381592
6,-1.0,0.9243286573146293,0.8701046787586649,0.10904166090898364
6,-1.0,0.9286973947895791,0.8699484684166457,0.1099688692152291
6,-1.0,0.9330661322645291,0.8697995513906864,0.11088770566258818
6,-1.0,0.937434869739479,0.8696578729075118,0.11179822599639448
6,-1.0,0.9418036072144289,0.869523378535438,0.11270048537372952
6,-1.0,0.9461723446893788,0.8693960141810375,0.11359453836980683
6,-1.0,0.9505410821643286,0.8692757260858384,0.11448043898429223
6,-1.0,0.9549098196392786,0.8691624608230557,0.11535824064756071
6,-1.0,0.9592785571142285,0.8690561652943527,0.1162279962268876
6,-1.0,0.9636472945891784,0.8689567867266366,0.11708975803258036
6,-1.0,0.9680160320641283,0.8688642726688792,0.11794357782404619
6,-1.0,0.9723847695390782,0.8687785709889749,0.11878950681580012
6,-1.0,0.9767535070140281,0.8686996298706237,0.11962759568341047
6,-1.0,0.981122244488978,0.8686273978102469,0.12045789456938723
6,-1.0,0.9854909819639279,0.8685618236139304,0.12128045308900728
6,-1.0,0.9898597194388777,0.8685028563943997,0.12209532033608511
6,-1.0,0.9942284569138277,0.8684504455680193,0.12290254488868349
6,-1.0,0.9985971943887776,0.868404540851825,0.12370217481476606
6,-1.0,1.0029659318637274,0.8683650922605821,0.12449425767779472
6,-1.0,1.0073346693386773,0.8683320501038725,0.1252788405422705
6,-1.0,1.0117034068136272,0.868305364983207,0.12605596997921847
6,-1.0,1.0160721442885772,0.8682849877891685,0.12682569207161817
6,-1.0,1.020440881763527,0.8682708696985786,0.12758805241978005
6,-1.0,1.024809619238477,0.8682629621716926,0.1283430961466676
6,-1.0,1.029178356713427,0.868261216949421,0.12909086790316643
6,-1.0,1.0335470941883769,0.8682655860505761,0.12983141187330216
6,-1.0,1.0379158316633268,0.868276021769144,0.13056477177940431
6,-1.0,1.0422845691382765,0.8682924766715835,0.13129099088722104
6,-1.0,1.0466533066132264,0.8683149035941494,0.13201011201098206
6,-1.0,1.0510220440881763,0.8683432556402405,0.13272217751841098
6,-1.0,1.0553907815631263,0.8683774861777717,0.13342722933568973
6,-1.0,1.0597595190380762,0.8684175488365714,0.13412530895237165
6,-1.0,1.0641282565130261,0.8684633975058025,0.13481645742624815
6,-1.0,1.068496993987976,0.8685149863314084,0.13550071538816716
6,-1.0,1.072865731462926,0.868572269713579,0.13617812304680296
6,-1.0,1.0772344689378759,0.8686352023042448,0.13684872019338062
6,-1.0,1.0816032064128256,0.8687037390045899,0.13751254620635375
6,-1.0,1.0859719438877755,0.8687778349625908,0.13816964005603619
6,-1.0,1.0903406813627254,0.8688574455705752,0.13882004030918907
6,-1.0,1.0947094188376754,0.868942526462805,0.13946378513356258
6,-1.0,1.0990781563126253,0.8690330335130809,0.1401009123023951
6,-1.0,1.1034468937875752,0.869128922832368,0.14073145919886548
6,-1.0,1.1078156312625251,0.8692301507664438,0.14135546282050712
6,-1.0,1.112184368737475,0.8693366738935678,0.14197295978357383
6,-1.0,1.116553106212425,0.869448449022171,0.14258398632736946
6,-1.0,1.1209218436873747,0.8695654331885675,0.14318857831853105
6,-1.0,1.1252905811623246,0.8696875836546863,0.1437867712552728
6,-1.0,1.1296593186372745,0.8698148579058242,0.1443786002715911
6,-1.0,1.1340280561122245,0.8699472136484175,0.14496410014142597
6,-1.0,1.1383967935871744,0.8700846088078359,0.1455433052827863
6,-1.0,1.1427655310621243,0.870227001526194,0.14611624976183418
6,-1.0,1.1471342685370742,0.8703743501601842,0.14668296729693003
6,-1.0,1.1515030060120242,0.8705266132789283,0.14724349126264108
6,-1.0,1.155871743486974,0.8706837496618494,0.147797854693712
6,-1.0,1.1602404809619238,0.8708457182965593,0.14834609028899629
6,-1.0,1.1646092184368737,0.8710124783767706,0.14888823041535346
6,-1.0,1.1689779559118236,0.8711839893002232,0.14942430711150853
6,-1.0,1.1733466933867736,0.8713602106666303,0.14995435209187544
6,-1.0,1.1777154308617235,0.8715411022756424,0.15047839675034624
6,-1.0,1.1820841683366734,0.8717266241248317,0.15099647216404335
6,-1.0,1.1864529058116233,0.8719167364076916,0.15150860909703945
6,-1.0,1.1908216432865733,0.8721113995116553,0.15201483800404156
6,-1.0,1.1951903807615232,0.8723105740161328,0.15251518903404224
6,-1.0,1.1995591182364729,0.872514220690564,0.15300969203393777
6,-1.0,1.2039278557114228,0.8727223004924902,0.15349837655211246
6,-1.0,1.2082965931863727,0.872934774565642,0.15398127184199176
6,-1.0,1.2126653306613226,0.8731516042380446,0.15445840686556184
6,-1.0,1.2170340681362726,0.8733727510201402,0.15492981029686048
6,-1.0,1.2214028056112225,0.8735981766029274,0.1553955105254325
6,-1.0,1.2257715430861724,0.8738278428561149,0.15585553565975843
6,-1.0,1.2301402805611223,0.8740617118262957,0.1563099135306505
6,-1.0,1.2345090180360723,0.8742997457351342,0.15675867169461943
6,-1.0,1.238877755511022,0.8745419069775701,0.15720183743721167
6,-1.0,1.243246492985972,0.874788158120039,0.15763943777631717
6,-1.0,1.2476152304609218,0.8750384618987102,0.15807149946544824
6,-1.0,1.2519839679358717,0.875292781217737,0.15849804899699096
6,-1.0,1.2563527054108217,0.8755510791475242,0.15891911260542765
6,-1.0,1.2607214428857716,0.8758133189230131,0.15933471627053095
6,-1.0,1.2650901803607215,0.8760794639419787,0.15974488572053286
6,-1.0,1.2694589178356714,0.8763494777633437,0.16014964643526533
6,-1.0,1.2738276553106214,0.8766233241055079,0.16054902364927362
6,-1.0,1.278196392785571,0.8769009668446929,0.16094304235490514
6,-1.0,1.282565130260521,0.8771823700132989,0.1613317273053722
6,-1.0,1.286933867735471,0.8774674977982816,0.16171510301778783
6,-1.0,1.2913026052104208,0.8777563145395382,0.16209319377617784
6,-1.0,1.2956713426853708,0.8780487847283115,0.16246602363446802
6,-1.0,1.3000400801603207,0.8783448730056094,0.1628336164194465
6,-1.0,1.3044088176352706,0.8786445441606331,0.16319599573370164
6,-1.0,1.3087775551102205,0.8789477631292277,0.16355318495853818
6,-1.0,1.3131462925851705,0.8792544949923402,0.1639052072568669
6,-1.0,1.3175150300601204,0.8795647049744961,0.1642520855760737
6,-1.0,1.32188376753507,0.8798783584422871,0.1645938426508652
6,-1.0,1.32625250501002,0.8801954209028746,0.16493050100609147
6,-1.0,1.33062124248497,0.880515858002507,0.16526208295954734
6,-1.0,1.3349899799599199,0.8808396355250498,0.16558861062475122
6,-1.0,1.3393587174348698,0.8811667193905302,0.1659101059137037
6,-1.0,1.3437274549098197,0.8814970756536954,0.16622659053962327
6,-1.0,1.3480961923847696,0.8818306705025837,0.1665380860196628
6,-1.0,1.3524649298597196,0.882167470257111,0.16684461367760475
6,-1.0,1.3568336673346695,0.8825074413676689,0.16714619464653604
6,-1.0,1.3612024048096192,0.8828505504137361,0.16744284987150376
6,-1.0,1.365571142284569,0.8831967641025058,0.16773460011215036
6,-1.0,1.369939879759519,0.8835460492675228,0.16802146594533
6,-1.0,1.374308617234469,0.8838983728673367,0.16830346776770613
6,-1.0,1.3786773547094189,0.8842537019841669,0.16858062579832953
6,-1.0,1.3830460921843688,0.8846120038225813,0.16885296008119902
6,-1.0,1.3874148296593187,0.8849732457081859,0.16912049048780328
6,-1.0,1.3917835671342687,0.8853373950863338,0.1693832367196441
6,-1.0,1.3961523046092186,0.885704419520838,0.16964121831074377
6,-1.0,1.4005210420841683,0.886074286692705,0.16989445463013478
6,-1.0,1.4048897795591182,0.8864469643988773,0.17014296488432953
6,-1.0,1.4092585170340681,0.8868224205509903,0.17038676811977876
6,-1.0,1.413627254509018,0.8872006231741413,0.17062588322530767
6,-1.0,1.417995991983968,0.8875815404056717,0.17086032893454
6,-1.0,1.422364729458918,0.8879651404939622,0.17109012382830405
6,-1.0,1.4267334669338678,0.888351391797241,0.17131528633702323
6,-1.0,1.4311022044088177,0.8887402627824033,0.17153583474309186
6,-1.0,1.4354709418837677,0.8891317220238459,0.17175178718323508
6,-1.0,1.4398396793587174,0.8895257382023126,0.17196316165085312
6,-1.0,1.4442084168336673,0.889922280103753,0.17216997599835357
6,-1.0,1.4485771543086172,0.8903213166181947,0.17237224793946454
6,-1.0,1.4529458917835671,0.8907228167386266,0.17256999505153833
6,-1.0,1.457314629258517,0.8911267495598979,0.17276323477783798
6,-1.0,1.461683366733467,0.8915330842776247,0.17295198442981136
6,-1.0,1.466052104208417,0.8919417901871151,0.17313626118935113
6,-1.0,1.4704208416833668,0.8923528366823036,0.17331608211104105
6,-1.0,1.4747895791583168,0.8927661932546983,0.17349146412439131
6,-1.0,1.4791583166332665,0.8931818294923423,0.17366242403605714
6,-1.0,1.4835270541082164,0.8935997150787867,0.1738289785320483
6,-1.0,1.4878957915831663,0.894019819792077,0.17399114417992415
6,-1.0,1.4922645290581162,0.8944421135037509,0.17414893743097795
6,-1.0,1.4966332665330662,0.894866566177852,0.174302374622407
6,-1.0,1.501002004008016,0.8952931478699515,0.17445147197947283
6,-1.0,1.505370741482966,0.8957218287261883,0.17459624561764855
6,-1.0,1.509739478957916,0.8961525789823171,0.17473671154475587
6,-1.0,1.5141082164328659,0.8965853689627721,0.17487288566309006
6,-1.0,1.5184769539078156,0.8970201690797436,0.17500478377153397
6,-1.0,1.5228456913827655,0.8974569498322659,0.1751324215676604
6,-1.0,1.5272144288577154,0.8978956818053195,0.17525581464982676
6,-1.0,1.5315831663326653,0.898336335668946,0.17537497851925538
6,-1.0,1.5359519038076153,0.898778882177377,0.1754899285821057
6,-1.0,1.5403206412825652,0.8992232921681733,0.17560068015153557
6,-1.0,1.544689378757515,0.8996695365613808,0.17570724844975416
6,-1.0,1.549058116232465,0.900117586358698,0.1758096486100621
6,-1.0,1.553426853707415,0.900567412642655,0.17590789567888437
6,-1.0,1.5577955911823649,0.9010189865758098,0.1760020046177937
6,-1.0,1.5621643286573146,0.9014722793999538,0.176091990305523
6,-1.0,1.5665330661322645,0.901927262435334,0.17617786753996934
6,-1.0,1.5709018036072144,0.902383907079887,0.17625965104019067
6,-1.0,1.5752705410821644,0.9028421848084865,0.1763373554483908
6,-1.0,1.5796392785571143,0.9033020671722054,0.17641099533189747
6,-1.0,1.5840080160320642,0.9037635257975907,0.17648058518513154
6,-1.0,1.5883767535070141,0.9042265323859529,0.1765461394315677
6,-1.0,1.592745490981964,0.9046910587126679,0.1766076724256863
6,-1.0,1.597114228456914,0.9051570766264954,0.17666519845491843
6,-1.0,1.6014829659318637,0.9056245580489083,0.1767187317415804
6,-1.0,1.6058517034068136,0.9060934749734383,0.1767682864448042
6,-1.0,1.6102204408817635,0.9065637994650344,0.17681387666245577
6,-1.0,1.6145891783567135,0.9070355036594376,0.17685551643304853
6,-1.0,1.6189579158316634,0.9075085597625664,0.17689321973764838
6,-1.0,1.6233266533066133,0.9079829400499202,0.1769270005017718
6,-1.0,1.6276953907815632,0.9084586168659962,0.17695687259727516
6,-1.0,1.6320641282565131,0.9089355626237201,0.1769828498442383
6,-1.0,1.636432865731463,0.9094137498038923,0.17700494601283986
6,-1.0,1.6408016032064128,0.9098931509546482,0.17702317482522598
6,-1.0,1.6451703406813627,0.9103737386909345,0.17703754995737284
6,-1.0,1.6495390781563126,0.9108554856940001,0.17704808504093977
6,-1.0,1.6539078156312625,0.9113383647109027,0.17705479366511823
6,-1.0,1.6582765531062125,0.9118223485540269,0.17705768937847213
6,-1.0,1.6626452905811624,0.9123074101006247,0.17705678569077363
6,-1.0,1.6670140280561123,0.9127935222923654,0.1770520960748286
6,-1.0,1.6713827655310622,0.913280658134904,0.17704363396829975
6,-1.0,1.6757515030060122,0.913768790697463,0.1770314127755197
6,-1.0,1.6801202404809619,0.9142578931124343,0.17701544586929976
6,-1.0,1.6844889779559118,0.9147479385749921,0.17699574659273162
6,-1.0,1.6888577154308617,0.9152389003427249,0.17697232826098158
6,-1.0,1.6932264529058116,0.9157307517352831,0.17694520416308057
6,-1.0,1.6975951903807616,0.9162234661340429,0.17691438756370612
6,-1.0,1.7019639278557115,0.9167170169817856,0.1768798917049577
6,-1.0,1.7063326653306614,0.9172113777823958,0.17684172980812785
6,-1.0,1.7107014028056113,0.9177065221005745,0.17679991507546428
6,-1.0,1.7150701402805613,0.9182024235615678,0.17675446069192813
6,-1.0,1.719438877755511,0.9186990558509185,0.1767053798269444
6,-1.0,1.7238076152304609,0.919196392714225,0.17665268563614672
6,-1.0,1.7281763527054108,0.9196944079569298,0.17659639126311508
6,-1.0,1.7325450901803607,0.9201930754441121,0.1765365098411089
6,-1.0,1.7369138276553107,0.9206923691003096,0.17647305449479164
6,-1.0,1.7412825651302606,0.9211922629093497,0.17640603834195046
6,-1.0,1.7456513026052105,0.9216927309142056,0.17633547449520928
6,-1.0,1.7500200400801604,0.9221937472168621,0.1762613760637351
6,-1.0,1.7543887775551104,0.9226952859782075,0.17618375615493798
6,-1.0,1.75875751503006,0.9231973214179395,0.17610262787616393
6,-1.0,1.76312625250501,0.9236998278144902,0.17601800433638293
6,-1.0,1.76749498997996,0.9242027795049689,0.17592989864786807
6,-1.0,1.7718637274549098,0.924706150885127,0.17583832392786922
6,-1.0,1.7762324649298598,0.9252099164093366,0.17574329330028043
6,-1.0,1.7806012024048097,0.9257140505905938,0.17564481989729894
6,-1.0,1.7849699398797596,0.9262185280005348,0.17554291686107845
6,-1.0,1.7893386773547095,0.9267233232694783,0.17543759734537517
6,-1.0,1.7937074148296595,0.9272284110864812,0.17532887451718515
6,-1.0,1.7980761523046092,0.9277337661994192,0.17521676155837793
6,-1.0,1.802444889779559,0.9282393634150804,0.17510127166731823
6,-1.0,1.806813627254509,0.9287451775992879,0.17498241806048434
6,-1.0,1.811182364729459,0.929251183677033,0.17486021397407536
6,-1.0,1.8155511022044089,0.9297573566326369,0.17473467266561393
6,-1.0,1.8199198396793588,0.9302636715099268,0.17460580741553836
6,-1.0,1.8242885771543087,0.9307701034124343,0.1744736315287878
6,-1.0,1.8286573146292586,0.9312766275036176,0.17433815833637967
6,-1.0,1.8330260521042085,0.9317832190070974,0.17419940119697844
6,-1.0,1.8373947895791582,0.9322898532069225,0.17405737349845474
6,-1.0,1.8417635270541082,0.9327965054478491,0.17391208865943683
6,-1.0,1.846132264529058,0.9333031511356447,0.17376356013085448
6,-1.0,1.850501002004008,0.9338097657374148,0.17361180139747004
6,-1.0,1.854869739478958,0.9343163247819466,0.17345682597940357
6,-1.0,1.8592384769539079,0.9348228038600782,0.17329864743364753
6,-1.0,1.8636072144288578,0.9353291786250887,0.17313727935557113
6,-1.0,1.8679759519038077,0.9358354247931086,0.1729727353804146
6,-1.0,1.8723446893787576,0.9363415181435544,0.17280502918477464
6,-1.0,1.8767134268537076,0.9368474345195831,0.17263417448807813
6,-1.0,1.8810821643286573,0.9373531498285717,0.17246018505404556
6,-1.0,1.8854509018036072,0.9378586400426157,0.17228307469214388
6,-1.0,1.8898196392785571,0.9383638811990537,0.17210285725902705
6,-1.0,1.894188376753507,0.9388688494010112,0.17191954665996736
6,-1.0,1.898557114228457,0.9393735208179691,0.17173315685027216
6,-1.0,1.902925851703407,0.9398778716863561,0.1715437018366906
6,-1.0,1.9072945891783568,0.9403818783101588,0.17135119567880688
6,-1.0,1.9116633266533067,0.9408855170615631,0.1711556524904228
6,-1.0,1.9160320641282567,0.9413887643816092,0.1709570864409248
6,-1.0,1.9204008016032064,0.941891596780878,0.1707555117566389
6,-1.0,1.9247695390781563,0.942393990840196,0.17055094272217236
6,-1.0,1.9291382765531062,0.9428959232113651,0.17034339368174223
6,-1.0,1.9335070140280561,0.9433973706179143,0.17013287904048605
6,-1.0,1.937875751503006,0.9438983098558776,0.1699194132657633
6,-1.0,1.942244488977956,0.9443987177945916,0.1697030108884374
6,-1.0,1.946613226452906,0.9448985713775216,0.16948368650414414
6,-1.0,1.9509819639278558,0.9453978476231052,0.16926145477454554
6,-1.0,1.9553507014028058,0.945896523625625,0.1690363304285651
6,-1.0,1.9597194388777555,0.9463945765561019,0.16880832826360842
6,-1.0,1.9640881763527054,0.9468919836632115,0.1685774631467662
6,-1.0,1.9684569138276553,0.9473887222742277,0.16834375001600174
6,-1.0,1.9728256513026052,0.9478847697959856,0.16810720388131714
6,-1.0,1.9771943887775552,0.9483801037158708,0.16786783982590409
6,-1.0,1.981563126252505,0.9488747016028318,0.16762567300727776
6,-1.0,1.985931863727455,0.9493685411084156,0.1673807186583863
6,-1.0,1.990300601202405,0.9498615999678265,0.1671329920887076
6,-1.0,1.9946693386773549,0.9503538560010102,0.1668825086853196
6,-1.0,1.9990380761523046,0.9508452871137576,0.1666292839139568
6,-1.0,2.0034068136272545,0.9513358712988375,0.16637333332004012
6,-1.0,2.0077755511022044,0.9518255866371481,0.1661146725296916
6,-1.0,2.0121442885771543,0.952314411298893,0.16585331725072056
6,-1.0,2.0165130260521043,0.9528023235447816,0.16558928327359454
6,-1.0,2.020881763527054,0.9532893017272505,0.16532258647238127
6,-1.0,2.025250501002004,0.9537753242917093,0.16505324280567413
6,-1.0,2.029619238476954,0.9542603697778098,0.16478126831748763
6,-1.0,2.033987975951904,0.9547444168207341,0.16450667913813297
6,-1.0,2.038356713426854,0.9552274441525115,0.16422949148506782
6,-1.0,2.042725450901804,0.9557094306033501,0.16394972166372065
6,-1.0,2.0470941883767537,0.9561903551029984,0.1636673860682897
6,-1.0,2.0514629258517036,0.9566701966821227,0.1633825011825167
6,-1.0,2.0558316633266536,0.9571489344737083,0.1630950835804315
6,-1.0,2.060200400801603,0.9576265477144834,0.16280514992707287
6,-1.0,2.064569138276553,0.9581030157463636,0.16251271697918016
6,-1.0,2.068937875751503,0.9585783180179158,0.16221780158585428
6,-1.0,2.073306613226453,0.9590524340858452,0.1619204206891949
6,-1.0,2.0776753507014027,0.9595253436165012,0.16162059132490414
6,-1.0,2.0820440881763527,0.9599970263874053,0.16131833062286233
6,-1.0,2.0864128256513026,0.9604674622887943,0.16101365580767413
6,-1.0,2.0907815631262525,0.9609366313251912,0.16070658419918146
6,-1.0,2.0951503006012024,0.9614045136169862,0.16039713321294732
6,-1.0,2.0995190380761524,0.9618710894020428,0.16008532036070558
6,-1.0,2.1038877755511023,0.9623363390373195,0.15977116325078242
6,-1.0,2.108256513026052,0.9628002430005128,0.15945467958847803
6,-1.0,2.112625250501002,0.9632627818917114,0.15913588717641985
6,-1.0,2.116993987975952,0.9637239364350743,0.1588148039148833
6,-1.0,2.121362725450902,0.9641836874805234,0.15849144780207042
6,-1.0,2.125731462925852,0.9646420160054505,0.15816583693436143
6,-1.0,2.130100200400802,0.9650989031164444,0.15783798950652556
6,-1.0,2.1344689378757518,0.9655543300510273,0.15750792381189746
6,-1.0,2.1388376753507012,0.9660082781794115,0.157175658242519
6,-1.0,2.143206412825651,0.9664607290062693,0.15684121128923803
6,-1.0,2.147575150300601,0.9669116641725144,0.15650460154177565
6,-1.0,2.151943887775551,0.967361065457098,0.1561658476887529
6,-1.0,2.156312625250501,0.9678089147788174,0.15582496851767605
6,-1.0,2.160681362725451,0.9682551941981373,0.1554819829148879
6,-1.0,2.165050100200401,0.9686998859190223,0.15513690986547518
6,-1.0,2.1694188376753507,0.9691429722907766,0.1547897684531376
6,-1.0,2.1737875751503006,0.9695844358099016,0.1544405778600159
6,-1.0,2.1781563126252506,0.9700242591219539,0.15408935736647977
6,-1.0,2.1825250501002005,0.9704624250234194,0.15373612635087133
6,-1.0,2.1868937875751504,0.97089891646359,0.1533809042892116
6,-1.0,2.1912625250501003,0.9713337165464514,0.15302371075485743
6,-1.0,2.1956312625250503,0.971766808532576,0.15266456541812584
6,-1.0,2.2,0.9721981758410211,0.15230348804586163
7,-1.2,0.02,1.3961934639282105,-0.2030883691680368
7,-1.2,0.0243687374749499,1.3904786988343643,-0.1996134727500401
7,-1.2,0.0287374749498998,1.3848180369580343,-0.19617080196642894
7,-1.2,0.0331062124248497,1.3792110006071305,-0.1927600359303512
7,-1.2,0.0374749498997996,1.3736571164580142,-0.18938085707110258
7,-1.2,0.0418436873747495,1.3681559155168637,-0.18603295110161944
7,-1.2,0.046212424849699396,1.3627069330813395,-0.18271600698626822
7,-1.2,0.0505811623246493,1.357309708702539,-0.17942971690892917
7,-1.2,0.0549498997995992,1.3519637861472498,-0.17617377624137093
7,-1.2,0.0593186372745491,1.346668713360487,-0.1729478835119159
7,-1.2,0.063687374749499,1.3414240424283266,-0.16975174037438986
7,-1.2,0.0680561122244489,1.33622932954102,-0.16658505157736123
7,-1.2,0.0724248496993988,1.3310841349563973,-0.16344752493365483
7,-1.2,0.0767935871743487,1.3259880229635506,-0.16033887129015223
7,-1.2,0.0811623246492986,1.3209405618468038,-0.1572588044978683
7,-1.2,0.0855310621242485,1.315941323849955,-0.15420704138229954
7,-1.2,0.0898997995991984,1.3109898851408035,-0.15118330171405003
7,-1.2,0.0942685370741483,1.3060858257759487,-0.14818730817972403
7,-1.2,0.0986372745490982,1.3012287296658633,-0.1452187863530901
7,-1.2,0.1030060120240481,1.296418184540243,-0.1422774646665108
7,-1.2,0.107374749498998,1.2916537819136213,-0.13936307438263287
7,-1.2,0.1117434869739479,1.2869351170512588,-0.13647534956634674
7,-1.2,0.11611222444889781,1.2822617889352939,-0.1336140270569963
7,-1.2,0.1204809619238477,1.277633400231167,-0.13077884644085383
7,-1.2,0.1248496993987976,1.2730495572543006,-0.12796955002384486
7,-1.2,0.12921843687374748,1.268509869937048,-0.12518588280453094
7,-1.2,0.13358717434869738,1.2640139517958981,-0.12242759244733685
7,-1.2,0.1379559118236473,1.2595614198989442,-0.11969442925603539
7,-1.2,0.1423246492985972,1.255151894833604,-0.11698614614746843
7,-1.2,0.1466933867735471,1.2507850006746015,-0.11430249862552201
7,-1.2,0.151062124248497,1.2464603649522,-0.11164324475533897
7,-1.2,0.1554308617234469,1.242177618620688,-0.10900814513777188
7,-1.2,0.15979959919839679,1.237936396027118,-0.10639696288407756
7,-1.2,0.16416833667334668,1.23373633488029,-0.10380946359084356
7,-1.2,0.16853707414829658,1.2295770762199902,-0.101245415315154
7,-1.2,0.17290581162324647,1.2254582643864713,-0.09870458854998254
7,-1.2,0.17727454909819637,1.221379546990177,-0.09618675619981998
7,-1.2,0.1816432865731463,1.2173405748817137,-0.09369169355652872
7,-1.2,0.1860120240480962,1.2133410021220628,-0.09121917827542257
7,-1.2,0.1903807615230461,1.2093804859530297,-0.08876899035157247
7,-1.2,0.19474949899799598,1.2054586867679382,-0.0863409120963334
7,-1.2,0.19911823647294588,1.2015752680825558,-0.08393472811409387
7,-1.2,0.20348697394789578,1.1977298965062606,-0.0815502252792414
7,-1.2,0.20785571142284567,1.193922241713439,-0.07918719271334923
7,-1.2,0.2122244488977956,1.1901519764151174,-0.07684542176257089
7,-1.2,0.2165931863727455,1.1864187763308258,-0.07452470597525605
7,-1.2,0.2209619238476954,1.1827223201606916,-0.07222484107977033
7,-1.2,0.2253306613226453,1.179062289557763,-0.06994562496252914
7,-1.2,0.22969939879759518,1.1754383691005557,-0.06768685764623929
7,-1.2,0.23406813627254508,1.171850246265832,-0.06544834126834015
7,-1.2,0.23843687374749498,1.1682976114015977,-0.06322988005965857
7,-1.2,0.24280561122244487,1.1647801577003272,-0.06103128032325696
7,-1.2,0.24717434869739477,1.1612975811724078,-0.05885235041348676
7,-1.2,0.2515430861723447,1.1578495806198037,-0.05669290071523923
7,-1.2,0.2559118236472946,1.1544358576099418,-0.054552743623392935
7,-1.2,0.2602805611222445,1.1510561164498099,-0.05243169352245802
7,-1.2,0.2646492985971944,1.1477100641602789,-0.05032956676641066
7,-1.2,0.2690180360721443,1.1443974104506303,-0.04824618165872181
7,-1.2,0.27338677354709423,1.1411178676933051,-0.046181358432575974
7,-1.2,0.2777555110220441,1.1378711508988615,-0.04413491923127721
7,-1.2,0.282124248496994,1.134656977691141,-0.042106688088843144
7,-1.2,0.2864929859719439,1.1314750682826489,-0.04009649091078325
7,-1.2,0.2908617234468938,1.1283251454501388,-0.03810415545505949
7,-1.2,0.2952304609218437,1.125206934510406,-0.03612951131323219
7,-1.2,0.2995991983967936,1.122120163296286,-0.034172389891782215
7,-1.2,0.30396793587174353,1.1190645621328543,-0.03223262439361398
7,-1.2,0.3083366733466934,1.1160398638138334,-0.030310049799736203
7,-1.2,0.3127054108216433,1.1130458035781983,-0.02840450285111517
7,-1.2,0.3170741482965932,1.1100821190869836,-0.02651582203070514
7,-1.2,0.3214428857715431,1.1071485504002865,-0.02464384754564876
7,-1.2,0.325811623246493,1.1042448399544718,-0.022788421309650416
7,-1.2,0.3301803607214429,1.1013707325395694,-0.020949386925516292
7,-1.2,0.3345490981963928,1.098525975276869,-0.019126589667865023
7,-1.2,0.3389178356713427,1.095710317596707,-0.017319876466002238
7,-1.2,0.34328657314629263,1.0929235112164453,-0.015529095886961932
7,-1.2,0.3476553106212425,1.0901653101186446,-0.013754098118709961
7,-1.2,0.3520240480961924,1.0874354705294222,-0.011994734953508326
7,-1.2,0.3563927855711423,1.0847337508970043,-0.010250859771444104
7,-1.2,0.3607615230460922,1.0820599118704592,-0.0085223275241121
7,-1.2,0.3651302605210421,1.0794137162786221,-0.00680899471845884
7,-1.2,0.369498997995992,1.0767949291092007,-0.005110719400780365
7,-1.2,0.37386773547094193,1.0742033174880685,-0.003427361140876947
7,-1.2,0.3782364729458918,1.0716386506587332,-0.00175878101635962
7,-1.2,0.3826052104208417,1.069100699961996,-0.00010484159710834153
7,-1.2,0.3869739478957916,1.0665892388157814,0.0015345930701162647
7,-1.2,0.3913426853707415,1.0641040426951505,0.0031596574769168846
7,-1.2,0.3957114228456914,1.06164488911249,0.004770484668351118
7,-1.2,0.4000801603206413,1.0592115575978807,0.0063672062578780915
7,-1.2,0.40444889779559123,1.056803829679633,0.00794995244215946
7,-1.2,0.4088176352705411,1.0544214888650045,0.009518852015719613
7,-1.2,0.413186372745491,1.052064320621085,0.011074032385456439
7,-1.2,0.4175551102204409,1.0497321123558534,0.012615619585018023
7,-1.2,0.4219238476953908,1.0474246533994067,0.014143738289034355
7,-1.2,0.4262925851703407,1.0451417349853553,0.015658511827213194
7,-1.2,0.4306613226452906,1.042883150232386,0.017160062198295613
7,-1.2,0.4350300601202405,1.0406486941259934,0.01864851008387766
7,-1.2,0.4393987975951904,1.0384381635003739,0.02012397486209676
7,-1.2,0.44376753507014033,1.0362513570204854,0.021586574621182655
7,-1.2,0.4481362725450902,1.03408807516427,0.023036426172876493
7,-1.2,0.4525050100200401,1.0319481202050353,0.02447364506571979
7,-1.2,0.45687374749499,1.0298312961940002,0.025898345598211588
7,-1.2,0.4612424849699399,1.027737408942997,0.027310640831836784
7,-1.2,0.4656112224448898,1.0256662660073324,0.02871064260396868
7,-1.2,0.4699799599198397,1.0236176766688072,0.030098461540641327
7,-1.2,0.4743486973947896,1.0215914519188867,0.03147420706919869
7,-1.2,0.4787174348697395,1.0195874044420312,0.03283798743082054
7,-1.2,0.4830861723446894,1.0176053485991774,0.034189909692921995
7,-1.2,0.4874549098196393,1.015645100411372,0.03553007976143381
7,-1.2,0.4918236472945892,1.0137064775435554,0.036858602392959496
7,-1.2,0.4961923847695391,1.011789299288498,0.038175581206815
7,-1.2,0.500561122244489,1.009893386550884,0.03948111869694814
7,-1.2,0.5049298597194388,1.0080185618315396,0.040775316243739576
7,-1.2,0.5092985971943887,1.0061646492118153,0.04205827412568859
7,-1.2,0.5136673346693387,1.0043314743381049,0.043330091530984875
7,-1.2,0.5180360721442886,1.002518864406516,0.04459086656896194
7,-1.2,0.5224048096192385,1.000726648147678,0.04584069628144058
7,-1.2,0.5267735470941884,0.998954655811696,0.04707967665395855
7,-1.2,0.5311422845691383,0.9972027191532443,0.04830790262688952
7,-1.2,0.5355110220440882,0.9954706714167992,0.049525468106451184
7,-1.2,0.5398797595190381,0.9937583473220107,0.05073246597560535
7,-1.2,0.544248496993988,0.9920655830492127,0.05192898810484842
7,-1.2,0.548617234468938,0.9903922162250679,0.05311512536289529
7,-1.2,0.5529859719438878,0.9887380859083512,0.05429096762725864
7,-1.2,0.5573547094188377,0.9871030325758637,0.05545660379472001
7,-1.2,0.5617234468937876,0.9854868981084822,0.05661212179169812
7,-1.2,0.5660921843687375,0.9838895257773407,0.057757608584516534
7,-1.2,0.5704609218436874,0.9823107602301419,0.05889315018956396
7,-1.2,0.5748296593186373,0.980750447477601,0.060018831683357726
7,-1.2,0.5791983967935872,0.9792084348800153,0.061134737212503835
7,-1.2,0.5835671342685371,0.9776845711339649,0.062240950003561335
7,-1.2,0.587935871743487,0.9761787062591375,0.06333755237280352
7,-1.2,0.5923046092184369,0.9746906915852811,0.06442462573588492
7,-1.2,0.5966733466933868,0.9732203797392797,0.06550225061741118
7,-1.2,0.6010420841683367,0.9717676246323557,0.06657050666041271
7,-1.2,0.6054108216432866,0.97033228144739,0.06762947263572297
7,-1.2,0.6097795591182364,0.9689142066263694,0.06867922645126436
7,-1.2,0.6141482965931864,0.9675132578579511,0.06971984516124058
7,-1.2,0.6185170340681363,0.9661292940651466,0.07075140497523656
7,-1.2,0.6228857715430862,0.9647621753931268,0.0717739812672257
7,-1.2,0.6272545090180361,0.9634117631971438,0.07278764858449178
7,-1.2,0.631623246492986,0.9620779200305659,0.07379248065645397
7,-1.2,0.6359919839679359,0.9607605096330344,0.07478855040341034
7,-1.2,0.6403607214428858,0.9594593969187298,0.0757759299451886
7,-1.2,0.6447294589178357,0.9581744479647538,0.07675469060971206
7,-1.2,0.6490981963927855,0.9569055299996244,0.07772490294148032
7,-1.2,0.6534669338677355,0.9556525113918811,0.07868663670996164
7,-1.2,0.6578356713426854,0.9544152616388022,0.07963996091790373
7,-1.2,0.6622044088176353,0.9531936513552308,0.08058494380955988
7,-1.2,0.6665731462925852,0.9519875522625119,0.08152165287883187
7,-1.2,0.670941883767535,0.9507968371775322,0.08245015487733158
7,-1.2,0.675310621242485,0.9496213800018742,0.08337051582236062
7,-1.2,0.6796793587174349,0.948461055711069,0.08428280100480945
7,-1.2,0.6840480961923848,0.9473157403439578,0.0851870749969785
7,-1.2,0.6884168336673347,0.946185310992159,0.08608340166031737
7,-1.2,0.6927855711422846,0.945069645789634,0.08697184415308992
7,-1.2,0.6971543086172345,0.9439686239023589,0.08785246493795767
7,-1.2,0.7015230460921844,0.9428821255180961,0.08872532578948897
7,-1.2,0.7058917835671343,0.9418100318362658,0.08959048780159302
7,-1.2,0.7102605210420841,0.9407522250579184,0.0904480113948763
7,-1.2,0.7146292585170341,0.9397085883758044,0.09129795632392763
7,-1.2,0.718997995991984,0.9386790059645425,0.0921403816845264
7,-1.2,0.7233667334669339,0.9376633629708845,0.09297534592078076
7,-1.2,0.7277354709418838,0.9366615455040745,0.09380290683219059
7,-1.2,0.7321042084168337,0.9356734406263079,0.09462312158064339
7,-1.2,0.7364729458917836,0.9346989363432779,0.09543604669733396
7,-1.2,0.7408416833667335,0.9337379215948212,0.09624173808961806
7,-1.2,0.7452104208416834,0.9327902862456521,0.0970402510477951
7,-1.2,0.7495791583166332,0.9318559210761918,0.0978316402518232
7,-1.2,0.7539478957915832,0.9309347177734844,0.09861595977796306
7,-1.2,0.7583166332665331,0.9300265689222075,0.09939326310535972
7,-1.2,0.762685370741483,0.9291313679957666,0.10016360312255292
7,-1.2,0.7670541082164329,0.9282490093474833,0.10092703213392408
7,-1.2,0.7714228456913828,0.9273793882018663,0.10168360186607688
7,-1.2,0.7757915831663327,0.9265224006459726,0.10243336347415376
7,-1.2,0.7801603206412826,0.9256779436208509,0.10317636754808819
7,-1.2,0.7845290581162325,0.9248459149130744,0.10391266411879224
7,-1.2,0.7888977955911824,0.9240262131463544,0.10464230266428515
7,-1.2,0.7932665330661323,0.9232187377732367,0.10536533211575491
7,-1.2,0.7976352705410822,0.9224233890668866,0.10608180086356205
7,-1.2,0.8020040080160321,0.9216400681129464,0.10679175676318094
7,-1.2,0.806372745490982,0.9208686768014831,0.1074952471410816
7,-1.2,0.8107414829659318,0.9201091178190104,0.10819231880054973
7,-1.2,0.8151102204408818,0.9193612946405926,0.10888301802745314
7,-1.2,0.8194789579158317,0.918625111522028,0.1095673905959417
7,-1.2,0.8238476953907816,0.9179004734921076,0.11024548177409783
7,-1.2,0.8282164328657315,0.9171872863449537,0.11091733632952322
7,-1.2,0.8325851703406814,0.9164854566324343,0.11158299853487202
7,-1.2,0.8369539078156313,0.915794891656653,0.11224251217332909
7,-1.2,0.8413226452905812,0.9151154994625137,0.11289592054402929
7,-1.2,0.8456913827655311,0.9144471888303614,0.11354326646742437
7,-1.2,0.8500601202404809,0.9137898692686932,0.11418459229059576
7,-1.2,0.8544288577154309,0.913143451006947,0.11481993989251194
7,-1.2,0.8587975951903808,0.912507844988358,0.11544935068923258
7,-1.2,0.8631663326653307,0.9118829628628898,0.11607286563906427
7,-1.2,0.8675350701402806,0.911268716980233,0.11669052524765586
7,-1.2,0.8719038076152305,0.91066502038288,0.11730236957305133
7,-1.2,0.8762725450901804,0.910071786799261,0.11790843823068502
7,-1.2,0.8806412825651303,0.9094889306369559,0.11850877039832991
7,-1.2,0.8850100200400802,0.9089163669759714,0.11910340482099452
7,-1.2,0.88937875751503,0.9083540115620845,0.11969237981577027
7,-1.2,0.89374749498998,0.9078017808002552,0.12027573327663174
7,-1.2,0.8981162324649299,0.9072595917481032,0.12085350267918483
7,-1.2,0.9024849699398798,0.906727362109452,0.12142572508537132
7,-1.2,0.9068537074148297,0.9062050102279369,0.1219924371481238
7,-1.2,0.9112224448897795,0.905692455080677,0.12255367511597236
7,-1.2,0.9155911823647295,0.90518961627201,0.12310947483760896
7,-1.2,0.9199599198396794,0.9046964140272931,0.12365987176640138
7,-1.2,0.9243286573146293,0.9042127691867631,0.12420490096486583
7,-1.2,0.9286973947895791,0.903738603199459,0.1247445971090906
7,-1.2,0.9330661322645291,0.9032738381172061,0.1252789944931192
7,-1.2,0.937434869739479,0.9028183965886617,0.12580812703328673
7,-1.2,0.9418036072144289,0.9023722018534175,0.12633202827251405
7,-1.2,0.9461723446893788,0.9019351777361654,0.12685073138455855
7,-1.2,0.9505410821643286,0.9015072486409184,0.127364269178223
7,-1.2,0.9549098196392786,0.9010883395452929,0.12787267410152153
7,-1.2,0.9592785571142285,0.9006783759948456,0.1283759782458039
7,-1.2,0.9636472945891784,0.9002772840974693,0.12887421334983876
7,-1.2,0.9680160320641283,0.8998849905178444,0.129367410803858
7,-1.2,0.9723847695390782,0.8995014224719469,0.12985560165355683
7,-1.2,0.9767535070140281,0.8991265077216118,0.1303388166040583
7,-1.2,0.981122244488978,0.8987601745691496,0.13081708602383574
7,-1.2,0.9854909819639279,0.8984023518520192,0.13129043994859632
7,-1.2,0.9898597194388777,0.8980529689375523,0.13175890808512772
7,-1.2,0.9942284569138277,0.8977119557177345,0.132222519815105
7,-1.2,0.9985971943887776,0.8973792426040353,0.13268130419886082
7,-1.2,1.0029659318637274,0.8970547605222919,0.1331352899791174
7,-1.2,1.0073346693386773,0.8967384409076441,0.13358450558468263
7,-1.2,1.0117034068136272,0.8964302156995211,0.13402897913410863
7,-1.2,1.0160721442885772,0.8961300173366792,0.13446873843931603
7,-1.2,1.020440881763527,0.8958377787522863,0.1349038110091795
7,-1.2,1.024809619238477,0.895553433369061,0.13533422405308154
7,-1.2,1.029178356713427,0.8952769150944577,0.135760004484429
7,-1.2,1.0335470941883769,0.8950081583158987,0.1361811789241359
7,-1.2,1.0379158316633268,0.8947470978960606,0.13659777370407206
7,-1.2,1.0422845691382765,0.8944936691681998,0.1370098148704786
7,-1.2,1.0466533066132264,0.8942478079315329,0.13741732818734814
7,-1.2,1.0510220440881763,0.8940094504466596,0.13782033913977537
7,-1.2,1.0553907815631263,0.8937785334310322,0.13821887293727192
7,-1.2,1.0597595190380762,0.8935549940544725,0.13861295451704952
7,-1.2,1.0641282565130261,0.8933387699347326,0.1390026085472744
7,-1.2,1.068496993987976,0.8931297991331005,0.1393878594302844
7,-1.2,1.072865731462926,0.8929280201500517,0.1397687313057817
7,-1.2,1.0772344689378759,0.8927333719209428,0.14014524805398892
7,-1.2,1.0816032064128256,0.8925457938117501,0.140517433298778
7,-1.2,1.0859719438877755,0.8923652256148518,0.14088531041076927
7,-1.2,1.0903406813627254,0.8921916075448487,0.14124890251039762
7,-1.2,1.0947094188376754,0.8920248802344355,0.14160823247095342
7,-1.2,1.0990781563126253,0.8918649847303037,0.1419633229215914
7,-1.2,1.1034468937875752,0.8917118624890953,0.1423141962503117
7,-1.2,1.1078156312625251,0.8915654553733912,0.14266087460691296
7,-1.2,1.112184368737475,0.8914257056477425,0.14300337990591613
7,-1.2,1.116553106212425,0.8912925559747442,0.14334173382946352
7,-1.2,1.1209218436873747,0.8911659494111437,0.1436759578301852
7,-1.2,1.1252905811623246,0.891045829403994,0.14400607313404437
7,-1.2,1.1296593186372745,0.890932139786843,0.14433210074315087
7,-1.2,1.1340280561122245,0.8908248247759616,0.14465406143855108
7,-1.2,1.1383967935871744,0.8907238289666117,0.14497197578299134
7,-1.2,1.1427655310621243,0.8906290973293507,0.14528586412365427
7,-1.2,1.1471342685370742,0.8905405752063744,0.14559574659487082
7,-1.2,1.1515030060120242,0.8904582083078963,0.14590164312080628
7,-1.2,1.155871743486974,0.8903819427085659,0.14620357341812237
7,-1.2,1.1602404809619238,0.8903117248439202,0.14650155699861292
7,-1.2,1.1646092184368737,0.8902475015068737,0.14679561317181705
7,-1.2,1.1689779559118236,0.8901892198442443,0.14708576104760648
7,-1.2,1.1733466933867736,0.8901368273533137,0.14737201953875145
7,-1.2,1.1777154308617235,0.8900902718784228,0.14765440736346017
7,-1.2,1.1820841683366734,0.8900495016076045,0.14793294304789747
7,-1.2,1.1864529058116233,0.8900144650692452,0.14820764492867908
7,-1.2,1.1908216432865733,0.8899851111287881,0.148478531155344
7,-1.2,1.1951903807615232,0.8899613889854643,0.14874561969280425
7,-1.2,1.1995591182364729,0.8899432481690601,0.14900892832377172
7,-1.2,1.2039278557114228,0.8899306385367168,0.14926847465116505
7,-1.2,1.2082965931863727,0.8899235102697638,0.14952427610049224
7,-1.2,1.2126653306613226,0.8899218138705838,0.1497763499222139
7,-1.2,1.2170340681362726,0.8899255001595117,0.1500247131940857
7,-1.2,1.2214028056112225,0.8899345202717617,0.15026938282347782
7,-1.2,1.2257715430861724,0.8899488256543926,0.1505103755496757
7,-1.2,1.2301402805611223,0.889968368063297,0.15074770794615974
7,-1.2,1.2345090180360723,0.8899930995602274,0.15098139642286496
7,-1.2,1.238877755511022,0.8900229725098511,0.15121145722842105
7,-1.2,1.243246492985972,0.8900579395768332,0.15143790645237235
7,-1.2,1.2476152304609218,0.8900979537229564,0.15166076002737916
7,-1.2,1.2519839679358717,0.8901429682042623,0.15188003373139836
7,-1.2,1.2563527054108217,0.8901929365682306,0.15209574318984817
7,-1.2,1.2607214428857716,0.8902478126509806,0.1523079038777501
7,-1.2,1.2650901803607215,0.8903075505745086,0.15251653112185615
7,-1.2,1.2694589178356714,0.8903721047439477,0.15272164010275585
7,-1.2,1.2738276553106214,0.8904414298448623,0.15292324585696576
7,-1.2,1.278196392785571,0.8905154808405674,0.15312136327900094
7,-1.2,1.282565130260521,0.8905942129694756,0.15331600712342933
7,-1.2,1.286933867735471,0.8906775817424764,0.153507192006909
7,-1.2,1.2913026052104208,0.8907655429403372,0.1536949324102069
7,-1.2,1.2956713426853708,0.8908580526111367,0.15387924268020162
7,-1.2,1.3000400801603207,0.8909550670677239,0.1540601370318703
7,-1.2,1.3044088176352706,0.8910565428852022,0.1542376295502578
7,-1.2,1.3087775551102205,0.8911624368984448,0.15441173419242948
7,-1.2,1.3131462925851705,0.8912727061996305,0.1545824647894085
7,-1.2,1.3175150300601204,0.8913873081358117,0.15474983504809706
7,-1.2,1.32188376753507,0.8915062003065056,0.1549138585531823
7,-1.2,1.32625250501002,0.8916293405613106,0.1550745487690249
7,-1.2,1.33062124248497,0.8917566869975512,0.15523191904153588
7,-1.2,1.3349899799599199,0.8918881979579457,0.15538598260003372
7,-1.2,1.3393587174348698,0.8920238320282996,0.1555367525590906
7,-1.2,1.3437274549098197,0.8921635480352268,0.1556842419203607
7,-1.2,1.3480961923847696,0.8923073050438906,0.15582846357439709
7,-1.2,1.3524649298597196,0.8924550623557753,0.15596943030245083
7,-1.2,1.3568336673346695,0.8926067795064778,0.15610715477825807
7,-1.2,1.3612024048096192,0.8927624162635245,0.1562416495698132
7,-1.2,1.365571142284569,0.8929219326242143,0.15637292714112544
7,-1.2,1.369939879759519,0.893085288813483,0.15650099985396612
7,-1.2,1.374308617234469,0.893252445281793,0.156625879969598
7,-1.2,1.3786773547094189,0.8934233627030458,0.15674757965049332
7,-1.2,1.3830460921843688,0.893598001972518,0.1568661109620397
7,-1.2,1.3874148296593187,0.8937763242048219,0.15698148587423044
7,-1.2,1.3917835671342687,0.8939582907318858,0.15709371626334273
7,-1.2,1.3961523046092186,0.894143863100961,0.15720281391360558
7,-1.2,1.4005210420841683,0.8943330030726494,0.1573087905188509
7,-1.2,1.4048897795591182,0.8945256726189543,0.1574116576841546
7,-1.2,1.4092585170340681,0.8947218339213521,0.15751142692746709
7,-1.2,1.413627254509018,0.8949214493688893,0.15760810968122577
7,-1.2,1.417995991983968,0.8951244815562991,0.15770171729396376
7,-1.2,1.422364729458918,0.8953308932821387,0.15779226103189828
7,-1.2,1.4267334669338678,0.8955406475469547,0.15787975208051427
7,-1.2,1.4311022044088177,0.8957537075514607,0.1579642015461314
7,-1.2,1.4354709418837677,0.8959700366947445,0.15804562045746326
7,-1.2,1.4398396793587174,0.8961895985724941,0.15812401976716167
7,-1.2,1.4442084168336673,0.8964123569752411,0.15819941035335391
7,-1.2,1.4485771543086172,0.8966382758866314,0.1582718030211649
7,-1.2,1.4529458917835671,0.8968673194817136,0.15834120850423042
7,-1.2,1.457314629258517,0.897099452125246,0.15840763746619999
7,-1.2,1.461683366733467,0.897334638370031,0.15847110050222793
7,-1.2,1.466052104208417,0.8975728429552615,0.158531608140454
7,-1.2,1.4704208416833668,0.8978140308048945,0.15858917084347307
7,-1.2,1.4747895791583168,0.8980581670260434,0.15864379900979714
7,-1.2,1.4791583166332665,0.8983052169073866,0.1586955029753021
7,-1.2,1.4835270541082164,0.8985551459176014,0.1587442930146697
7,-1.2,1.4878957915831663,0.8988079197038167,0.15879017934281597
7,-1.2,1.4922645290581162,0.8990635040900806,0.1588331721163108
7,-1.2,1.4966332665330662,0.8993218650758565,0.15887328143478685
7,-1.2,1.501002004008016,0.8995829688345302,0.1589105173423424
7,-1.2,1.505370741482966,0.8998467817119421,0.1589448898289278
7,-1.2,1.509739478957916,0.9001132702249371,0.15897640883172864
7,-1.2,1.5141082164328659,0.9003824010599326,0.15900508423653636
7,-1.2,1.5184769539078156,0.9006541410715072,0.15903092587911058
7,-1.2,1.5228456913827655,0.9009284572810096,0.159053943546531
7,-1.2,1.5272144288577154,0.9012053168751822,0.15907414697854155
7,-1.2,1.5315831663326653,0.9014846872048097,0.15909154586888413
7,-1.2,1.5359519038076153,0.9017665357833805,0.15910614986662533
7,-1.2,1.5403206412825652,0.9020508302857714,0.1591179685774698
7,-1.2,1.544689378757515,0.9023375385469478,0.15912701156507136
7,-1.2,1.549058116232465,0.9026266285606855,0.15913328835232884
7,-1.2,1.553426853707415,0.9029180684783077,0.15913680842267777
7,-1.2,1.5577955911823649,0.9032118266074429,0.15913758122137073
7,-1.2,1.5621643286573146,0.9035078714107997,0.15913561615675006
7,-1.2,1.5665330661322645,0.9038061715049612,0.15913092260151243
7,-1.2,1.5709018036072144,0.9041066956591947,0.15912350989396434
7,-1.2,1.5752705410821644,0.904409412794284,0.15911338733926952
7,-1.2,1.5796392785571143,0.9047142919813752,0.15910056421068666
7,-1.2,1.5840080160320642,0.9050213024408434,0.15908504975080248
7,-1.2,1.5883767535070141,0.9053304135411757,0.1590668531727511
7,-1.2,1.592745490981964,0.9056415947978724,0.1590459836614305
7,-1.2,1.597114228456914,0.9059548158723657,0.1590224503747068
7,-1.2,1.6014829659318637,0.9062700465709586,0.15899626244461412
7,-1.2,1.6058517034068136,0.9065872568437755,0.15896742897854182
7,-1.2,1.6102204408817635,0.9069064167837373,0.1589359590604188
7,-1.2,1.6145891783567135,0.9072274966255472,0.15890186175188536
7,-1.2,1.6189579158316634,0.9075504667447007,0.15886514609345978
7,-1.2,1.6233266533066133,0.9078752976565074,0.15882582110569674
7,-1.2,1.6276953907815632,0.9082019600151319,0.1587838957903361
7,-1.2,1.6320641282565131,0.9085304246126538,0.15873937913144612
7,-1.2,1.636432865731463,0.9088606623781411,0.15869228009655673
7,-1.2,1.6408016032064128,0.9091926443767453,0.15864260763778718
7,-1.2,1.6451703406813627,0.9095263418088081,0.1585903706929635
7,-1.2,1.6495390781563126,0.9098617260089901,0.15853557818673056
7,-1.2,1.6539078156312625,0.9101987684454136,0.15847823903165345
7,-1.2,1.6582765531062125,0.9105374407188229,0.15841836212931504
7,-1.2,1.6626452905811624,0.9108777145617613,0.15835595637140162
7,-1.2,1.6670140280561123,0.9112195618377659,0.15829103064078326
7,-1.2,1.6713827655310622,0.9115629545405768,0.15822359381258677
7,-1.2,1.6757515030060122,0.9119078647933654,0.1581536547552591
7,-1.2,1.6801202404809619,0.912254264847979,0.15808122233162406
7,-1.2,1.6844889779559118,0.9126021270841993,0.1580063053999319
7,-1.2,1.6888577154308617,0.9129514240090217,0.15792891281489954
7,-1.2,1.6932264529058116,0.9133021282559465,0.15784905342874403
7,-1.2,1.6975951903807616,0.9136542125842909,0.15776673609220923
7,-1.2,1.7019639278557115,0.914007649878514,0.15768196965558204
7,-1.2,1.7063326653306614,0.9143624131475596,0.15759476296970382
7,-1.2,1.7107014028056113,0.9147184755242153,0.1575051248869713
7,-1.2,1.7150701402805613,0.9150758102644877,0.15741306426233195
7,-1.2,1.719438877755511,0.9154343907469932,0.15731858995427064
7,-1.2,1.7238076152304609,0.9157941904723665,0.15722171082578698
7,-1.2,1.7281763527054108,0.9161551830626832,0.15712243574536688
7,-1.2,1.7325450901803607,0.9165173422608989,0.157020773587946
7,-1.2,1.7369138276553107,0.9168806419303069,0.1569167332358621
7,-1.2,1.7412825651302606,0.9172450560540077,0.1568103235798052
7,-1.2,1.7456513026052105,0.9176105587343979,0.15670155351975293
7,-1.2,1.7500200400801604,0.9179771241926722,0.15659043196590358
7,-1.2,1.7543887775551104,0.9183447267683439,0.1564769678395967
7,-1.2,1.75875751503006,0.9187133409187799,0.1563611700742289
7,-1.2,1.76312625250501,0.9190829412187494,0.15624304761615862
7,-1.2,1.76749498997996,0.9194535023599938,0.15612260942560433
7,-1.2,1.7718637274549098,0.9198249991508046,0.15599986447753358
7,-1.2,1.7762324649298598,0.9201974065156251,0.15587482176254502
7,-1.2,1.7806012024048097,0.9205706994946605,0.15574749028773807
7,-1.2,1.7849699398797596,0.9209448532435079,0.15561787907758115
7,-1.2,1.7893386773547095,0.9213198430328008,0.15548599717476233
7,-1.2,1.7937074148296595,0.9216956442478674,0.15535185364103976
7,-1.2,1.7980761523046092,0.9220722323884072,0.15521545755807717
7,-1.2,1.802444889779559,0.9224495830681785,0.1550768180282738
7,-1.2,1.806813627254509,0.9228276720147058,0.15493594417558498
7,-1.2,1.811182364729459,0.9232064750690014,0.1547928451463333
7,-1.2,1.8155511022044089,0.9235859681852976,0.15464753011000967
7,-1.2,1.8199198396793588,0.9239661274308005,0.15450000826006827
7,-1.2,1.8242885771543087,0.9243469289854545,0.1543502888147091
7,-1.2,1.8286573146292586,0.9247283491417232,0.15419838101765257
7,-1.2,1.8330260521042085,0.925110364304385,0.15404429413890575
7,-1.2,1.8373947895791582,0.9254929509903438,0.15388803747551724
7,-1.2,1.8417635270541082,0.9258760858284536,0.15372962035232346
7,-1.2,1.846132264529058,0.92625974555936,0.15356905212268532
7,-1.2,1.850501002004008,0.9266439070353519,0.15340634216921475
7,-1.2,1.854869739478958,0.9270285472202335,0.15324149990449232
7,-1.2,1.8592384769539079,0.9274136431892063,0.1530745347717724
7,-1.2,1.8636072144288578,0.927799172128768,0.15290545624568228
7,-1.2,1.8679759519038077,0.9281851113366236,0.15273427383290714
7,-1.2,1.8723446893787576,0.9285714382216137,0.15256099707286708
7,-1.2,1.8767134268537076,0.9289581303036548,0.15238563553838333
7,-1.2,1.8810821643286573,0.9293451652136936,0.1522081988363326
7,-1.2,1.8854509018036072,0.9297325206936767,0.1520286966082931
7,-1.2,1.8898196392785571,0.9301201745965331,0.1518471385311787
7,-1.2,1.894188376753507,0.930508104886172,0.15166353431786098
7,-1.2,1.898557114228457,0.9308962896374928,0.15147789371778272
7,-1.2,1.902925851703407,0.9312847070364089,0.151290226517558
7,-1.2,1.9072945891783568,0.9316733353798862,0.1511005425415632
7,-1.2,1.9116633266533067,0.9320621530759944,0.15090885165251458
7,-1.2,1.9160320641282567,0.9324511386439721,0.1507151637520363
7,-1.2,1.9204008016032064,0.932840270714305,0.15051948878121535
7,-1.2,1.9247695390781563,0.9332295280288158,0.15032183672114507
7,-1.2,1.9291382765531062,0.93361888944077,0.1501222175934573
7,-1.2,1.9335070140280561,0.9340083339149927,0.14992064146084277
7,-1.2,1.937875751503006,0.9343978405279987,0.14971711842755775
7,-1.2,1.942244488977956,0.9347873884681358,0.14951165863992075
7,-1.2,1.946613226452906,0.9351769570357396,0.14930427228679416
7,-1.2,1.9509819639278558,0.9355665256433028,0.14909496960005703
7,-1.2,1.9553507014028058,0.9359560738156542,0.14888376085505964
7,-1.2,1.9597194388777555,0.9363455811901522,0.1486706563710715
7,-1.2,1.9640881763527054,0.9367350275168894,0.14845566651171213
7,-1.2,1.9684569138276553,0.9371243926589091,0.1482388016853699
7,-1.2,1.9728256513026052,0.9375136565924338,0.14802007234560766
7,-1.2,1.9771943887775552,0.9379027994071072,0.1477994889915561
7,-1.2,1.981563126252505,0.9382918013062415,0.14757706216829083
7,-1.2,1.985931863727455,0.9386806426070864,0.1473528024671997
7,-1.2,1.990300601202405,0.9390693037410998,0.14712672052633194
7,-1.2,1.9946693386773549,0.9394577652542336,0.1468988270307367
7,-1.2,1.9990380761523046,0.9398460078072312,0.14666913271278612
7,-1.2,2.0034068136272545,0.9402340121759337,0.1464376483524839
7,-1.2,2.0077755511022044,0.9406217592515986,0.1462043847777613
7,-1.2,2.0121442885771543,0.9410092300412273,0.14596935286475474
7,-1.2,2.0165130260521043,0.9413964056679038,0.14573256353807437
7,-1.2,2.020881763527054,0.941783267371142,0.1454940277710516
7,-1.2,2.025250501002004,0.9421697965072459,0.1452537565859765
7,-1.2,2.029619238476954,0.9425559745496763,0.14501176105431832
7,-1.2,2.033987975951904,0.9429417830894281,0.14476805229693032
7,-1.2,2.038356713426854,0.9433272038354181,0.14452264148423957
7,-1.2,2.042725450901804,0.9437122186148796,0.14427553983642186
7,-1.2,2.0470941883767537,0.9440968093737678,0.14402675862355988
7,-1.2,2.0514629258517036,0.9444809581771726,0.14377630916578676
7,-1.2,2.0558316633266536,0.9448646472097406,0.14352420283341258
7,-1.2,2.060200400801603,0.9452478587761054,0.14327045104703579
7,-1.2,2.064569138276553,0.9456305753013252,0.14301506527763683
7,-1.2,2.068937875751503,0.9460127793313284,0.14275805704665936
7,-1.2,2.073306613226453,0.9463944535333669,0.1424994379260685
7,-1.2,2.0776753507014027,0.9467755806964773,0.14223921953839871
7,-1.2,2.0820440881763527,0.9471561437319486,0.14197741355678214
7,-1.2,2.0864128256513026,0.947536125673795,0.1417140317049605
7,-1.2,2.0907815631262525,0.9479155096792387,0.1414490857572787
7,-1.2,2.0951503006012024,0.948294279029197,0.14118258753866486
7,-1.2,2.0995190380761524,0.9486724171287747,0.1409145489245895
7,-1.2,2.1038877755511023,0.9490499075077643,0.14064498184100935
7,-1.2,2.108256513026052,0.9494267338211503,0.14037389826429358
7,-1.2,2.112625250501002,0.9498028798496194,0.14010131022113195
7,-1.2,2.116993987975952,0.9501783295000741,0.1398272297884256
7,-1.2,2.121362725450902,0.9505530668061548,0.13955166909316077
7,-1.2,2.125731462925852,0.9509270759287624,0.13927464031226394
7,-1.2,2.130100200400802,0.9513003411565851,0.13899615567243942
7,-1.2,2.1344689378757518,0.9516728469066331,0.13871622744998807
7,-1.2,2.1388376753507012,0.9520445777247721,0.13843486797061072
7,-1.2,2.143206412825651,0.9524155182862629,0.13815208960918837
7,-1.2,2.147575150300601,0.9527856533963038,0.1378679047895508
7,-1.2,2.151943887775551,0.9531549679905723,0.1375823259842205
7,-1.2,2.156312625250501,0.9535234471357751,0.13729536571414272
7,-1.2,2.160681362725451,0.9538910760301946,0.13700703654839416
7,-1.2,2.165050100200401,0.9542578400042392,0.1367173511038767
7,-1.2,2.1694188376753507,0.9546237245209956,0.13642632204498759
7,-1.2,2.1737875751503006,0.9549887151767817,0.1361339620832755
7,-1.2,2.1781563126252506,0.9553527977016991,0.13584028397707645
7,-1.2,2.1825250501002005,0.9557159579601876,0.1355453005311299
7,-1.2,2.1868937875751504,0.9560781819515779,0.13524902459617882
7,-1.2,2.1912625250501003,0.9564394558106466,0.134951469068546
7,-1.2,2.1956312625250503,0.9567997658081681,0.13465264688969913
7,-1.2,2.2,0.9571590983514662,0.13435257104579137
