curve_index,ki,kr,omega_r,omega_i
1,0.0,0.02,0.019743669182002644,-0.002028949304306839
1,0.0,0.0243687374749499,0.02398936691995733,-0.002718194190309709
1,0.0,0.0287374749498998,0.028211514238903324,-0.00346744452948727
1,0.0,0.0331062124248497,0.03241033072071421,-0.004270782690231136
1,0.0,0.0374749498997996,0.03658603399852933,-0.005123448348632264
1,0.0,0.0418436873747495,0.04073883977380841,-0.006021492620219585
1,0.0,0.046212424849699396,0.04486896183323558,-0.006961562868727968
1,0.0,0.0505811623246493,0.048976612065477376,-0.00794076063948102
1,0.0,0.0549498997995992,0.05306200047779452,-0.008956543459339125
1,0.0,0.0593186372745491,0.05712533521250893,-0.010006654419411674
1,0.0,0.063687374749499,0.06116682256332644,-0.011089070139764597
1,0.0,0.0680561122244489,0.06518666699151855,-0.012201961340628958
1,0.0,0.0724248496993988,0.06918507114196211,-0.01334366232438036
1,0.0,0.0767935871743487,0.07316223585903996,-0.014512646918928252
1,0.0,0.0811623246492986,0.07711836020240195,-0.015707509211720948
1,0.0,0.0855310621242485,0.08105364146258992,-0.016926947904095588
1,0.0,0.0898997995991984,0.08496827517652529,-0.01816975344872127
1,0.0,0.0942685370741483,0.08886245514286299,-0.019434797358557004
1,0.0,0.0986372745490982,0.09273637343720972,-0.020721023233130825
1,0.0,0.1030060120240481,0.09659022042721112,-0.022027439159318325
1,0.0,0.107374749498998,0.10042418478750732,-0.023353111224282432
1,0.0,0.1117434869739479,0.10423845351455734,-0.024697157937235707
1,0.0,0.11611222444889781,0.10803321194133415,-0.02605874540050233
1,0.0,0.1204809619238477,0.11180864375189342,-0.02743708310355325
1,0.0,0.1248496993987976,0.11556493099581279,-0.028831420238936197
1,0.0,0.12921843687374748,0.11930225410250733,-0.030241042458330775
1,0.0,0.13358717434869738,0.12302079189541922,-0.031665269002432155
1,0.0,0.1379559118236473,0.12672072160608347,-0.03310345014999782
1,0.0,0.1423246492985972,0.13040221888807188,-0.034554964941133914
1,0.0,0.1466933867735471,0.13406545783081497,-0.0360192191372781
1,0.0,0.151062124248497,0.1377106109733038,-0.037495643386624256
1,0.0,0.1554308617234469,0.1413378493176712,-0.038983691568560526
1,0.0,0.15979959919839679,0.14494734234265622,-0.04048283929480591
1,0.0,0.16416833667334668,0.14853925801695003,-0.04199258254830464
1,0.0,0.16853707414829658,0.15211376281242595,-0.043512436443618116
1,0.0,0.17290581162324647,0.15567102171725428,-0.04504193409493293
1,0.0,0.17727454909819637,0.15921119824890215,-0.0465806255796224
1,0.0,0.1816432865731463,0.16273445446702064,-0.04812807698704698
1,0.0,0.1860120240480962,0.16624095098621944,-0.04968386954350219
1,0.0,0.1903807615230461,0.16973084698873012,-0.051247598805484997
1,0.0,0.19474949899799598,0.1732043002369584,-0.05281887391435182
1,0.0,0.19911823647294588,0.1766614670859286,-0.05439731690635154
1,0.0,0.20348697394789578,0.18010250249561718,-0.0559825620726981
1,0.0,0.20785571142284567,0.18352756004318083,-0.05757425536495066
1,0.0,0.2122244488977956,0.1869367919350775,-0.05917205384156994
1,0.0,0.2165931863727455,0.19033034901908066,-0.06077562515191868
1,0.0,0.2209619238476954,0.19370838079618977,-0.06238464705441768
1,0.0,0.2253306613226453,0.19707103543243717,-0.06399880696591018
1,0.0,0.22969939879759518,0.2004184597705909,-0.06561780153961537
1,0.0,0.23406813627254508,0.20375079934175686,-0.06724133626925195
1,0.0,0.23843687374749498,0.20706819837687843,-0.06886912511728072
1,0.0,0.24280561122244487,0.2103707998181366,-0.07050089016528772
1,0.0,0.24717434869739477,0.21365874533025106,-0.07213636128480742
1,0.0,0.2515430861723447,0.21693217531168144,-0.07377527582702573
1,0.0,0.2559118236472946,0.22019122890573214,-0.07541737832990486
1,0.0,0.2602805611222445,0.2234360440115599,-0.07706242024150928
1,0.0,0.2646492985971944,0.22666675729508526,-0.07871015965828683
1,0.0,0.2690180360721443,0.22988350419980863,-0.0803603610772972
1,0.0,0.27338677354709423,0.23308641895753276,-0.08201279516136993
1,0.0,0.2777555110220441,0.23627563459899098,-0.08366723851634372
1,0.0,0.282124248496994,0.23945128296438356,-0.08532347347952014
1,0.0,0.2864929859719439,0.24261349471382096,-0.08698128791863416
1,0.0,0.2908617234468938,0.24576239933767718,-0.08864047504062363
1,0.0,0.2952304609218437,0.248898125166852,-0.09030083320957365
1,0.0,0.2995991983967936,0.2520207993829448,-0.09196216577326098
1,0.0,0.30396793587174353,0.25513054802833796,-0.09362428089775224
1,0.0,0.3083366733466934,0.25822749601619427,-0.09528699140957113
1,0.0,0.3127054108216433,0.2613117671403649,-0.09695011464497484
1,0.0,0.3170741482965932,0.2643834840852136,-0.09861347230590296
1,0.0,0.3214428857715431,0.2674427684353528,-0.10027689032223024
1,0.0,0.325811623246493,0.2704897406852962,-0.10194019871994248
1,0.0,0.3301803607214429,0.27352452024902657,-0.10360323149490477
1,0.0,0.3345490981963928,0.27654722546948074,-0.10526582649189756
1,0.0,0.3389178356713427,0.27955797362795065,-0.10692782528865132
1,0.0,0.34328657314629263,0.2825568809534039,-0.10858907308458163
1,0.0,0.3476553106212425,0.285544062631722,-0.11024941859398628
1,0.0,0.3520240480961924,0.2885196328148579,-0.11190871394346476
1,0.0,0.3563927855711423,0.29148370462991435,-0.11356681457334158
1,0.0,0.3607615230460922,0.294436390188143,-0.11522357914287104
1,0.0,0.3651302605210421,0.297377800593864,-0.11687886943905777
1,0.0,0.369498997995992,0.3003080459533095,-0.11853255028888202
1,0.0,0.37386773547094193,0.30322723538338786,-0.12018448947478598
1,0.0,0.3782364729458918,0.3061354770203736,-0.12183455765323654
1,0.0,0.3826052104208417,0.3090328780285196,-0.12348262827623956
1,0.0,0.3869739478957916,0.31191954460859583,-0.12512857751564188
1,0.0,0.3913426853707415,0.3147955820063524,-0.12677228419011038
1,0.0,0.3957114228456914,0.31766109452090907,-0.12841362969464168
1,0.0,0.4000801603206413,0.3205161855130722,-0.13005249793250498
1,0.0,0.40444889779559123,0.32336095741357784,-0.13168877524949435
1,0.0,0.4088176352705411,0.3261955117312642,-0.13332235037039214
1,0.0,0.413186372745491,0.3290199490611725,-0.13495311433754148
1,0.0,0.4175551102204409,0.3318343690925759,-0.13658096045143797
1,0.0,0.4219238476953908,0.33463887061694086,-0.13820578421325114
1,0.0,0.4262925851703407,0.33743355153581595,-0.13982748326919267
1,0.0,0.4306613226452906,0.3402185088686548,-0.14144595735665366
1,0.0,0.4350300601202405,0.34299383876056866,-0.1430611082520323
1,0.0,0.4393987975951904,0.3457596364900121,-0.14467283972018993
1,0.0,0.44376753507014033,0.34851599647640225,-0.146281057465456
1,0.0,0.4481362725450902,0.3512630122876695,-0.14788566908413533
1,0.0,0.4525050100200401,0.35400077664774565,-0.14948658401843548
1,0.0,0.45687374749499,0.3567293814439829,-0.15108371351178082
1,0.0,0.4612424849699399,0.35944891773451143,-0.15267697056543902
1,0.0,0.4656112224448898,0.36215947575553054,-0.15426626989641937
1,0.0,0.4699799599198397,0.3648611449285366,-0.15585152789659312
1,0.0,0.4743486973947896,0.36755401386748937,-0.15743266259298055
1,0.0,0.4787174348697395,0.3702381703859135,-0.15900959360917372
1,0.0,0.4830861723446894,0.3729137015039398,-0.16058224212783892
1,0.0,0.4874549098196393,0.37558069345528444,-0.16215053085426595
1,0.0,0.4918236472945892,0.37823923169416707,-0.1637143839809258
1,0.0,0.4961923847695391,0.38088940090216844,-0.16527372715299735
1,0.0,0.500561122244489,0.38353128499502925,-0.16682848743482542
1,0.0,0.5049298597194388,0.38616496712938797,-0.16837859327728608
1,0.0,0.5092985971943887,0.38879052970946126,-0.16992397448601373
1,0.0,0.5136673346693387,0.39140805439366533,-0.17146456219047063
1,0.0,0.5180360721442886,0.3940176221011799,-0.17300028881382484
1,0.0,0.5224048096192385,0.3966193130184543,-0.1745310880436069
1,0.0,0.5267735470941884,0.39921320660565757,-0.17605689480312345
1,0.0,0.5311422845691383,0.4017993816030713,-0.1775776452235944
1,0.0,0.5355110220440882,0.4043779160374279,-0.1790932766169981
1,0.0,0.5398797595190381,0.40694888722819206,-0.18060372744959305
1,0.0,0.544248496993988,0.40951237179378863,-0.18210893731609906
1,0.0,0.548617234468938,0.4120684456577754,-0.18360884691451135
1,0.0,0.5529859719438878,0.4146171840549621,-0.18510339802153192
1,0.0,0.5573547094188377,0.41715866153747666,-0.1865925334685934
1,0.0,0.5617234468937876,0.4196929519807769,-0.18807619711845866
1,0.0,0.5660921843687375,0.4222201285896117,-0.18955433384237821
1,0.0,0.5704609218436874,0.42474026390392866,-0.19102688949778562
1,0.0,0.5748296593186373,0.42725342980473113,-0.19249381090651638
1,0.0,0.5791983967935872,0.4297596975198829,-0.19395504583352963
1,0.0,0.5835671342685371,0.4322591376298638,-0.19541054296612498
1,0.0,0.587935871743487,0.4347518200734733,-0.19686025189362838
1,0.0,0.5923046092184369,0.43723781415348606,-0.19830412308754244
1,0.0,0.5966733466933868,0.43971718854225694,-0.19974210788213928
1,0.0,0.6010420841683367,0.4421900112872767,-0.20117415845549105
1,0.0,0.6054108216432866,0.4446563498166809,-0.2026002278109139
1,0.0,0.6097795591182364,0.4471162709447088,-0.2040202697588231
1,0.0,0.6141482965931864,0.44956984087711577,-0.20543423889898213
1,0.0,0.6185170340681363,0.45201712521653775,-0.20684209060313377
1,0.0,0.6228857715430862,0.45445818896780954,-0.20824378099800422
1,0.0,0.6272545090180361,0.4568930965432361,-0.20963926694866697
1,0.0,0.631623246492986,0.45932191176781767,-0.2110285060422593
1,0.0,0.6359919839679359,0.4617446978844301,-0.21241145657203553
1,0.0,0.6403607214428858,0.46416151755895874,-0.21378807752175552
1,0.0,0.6447294589178357,0.4665724328853889,-0.21515832855038763
1,0.0,0.6490981963927855,0.4689775053908498,-0.21652216997713156
1,0.0,0.6534669338677355,0.47137679604061744,-0.2178795627667361
1,0.0,0.6578356713426854,0.47377036524307053,-0.21923046851511713
1,0.0,0.6622044088176353,0.4761582728546053,-0.22057484943525954
1,0.0,0.6665731462925852,0.47854057818450674,-0.22191266834339504
1,0.0,0.670941883767535,0.4809173399997769,-0.22324388864545558
1,0.0,0.675310621242485,0.48328861652992183,-0.22456847432378413
1,0.0,0.6796793587174349,0.4856544654716957,-0.22588638992410406
1,0.0,0.6840480961923848,0.4880149439938047,-0.22719760054273505
1,0.0,0.6884168336673347,0.4903701087415679,-0.22850207181405396
1,0.0,0.6927855711422846,0.49272001584154,-0.22979976989818515
1,0.0,0.6971543086172345,0.49506472090609166,-0.231090661468925
1,0.0,0.7015230460921844,0.49740427903795026,-0.23237471370188392
1,0.0,0.7058917835671343,0.4997387448347012,-0.2336518942628488
1,0.0,0.7102605210420841,0.5020681723932505,-0.23492217129635112
1,0.0,0.7146292585170341,0.5043926153142468,-0.23618551341444552
1,0.0,0.718997995991984,0.5067121267064663,-0.23744188968568136
1,0.0,0.7233667334669339,0.5090267591911581,-0.23869126962427134
1,0.0,0.7277354709418838,0.5113365649063532,-0.23993362317944908
1,0.0,0.7321042084168337,0.5136415955111335,-0.24116892072500754
1,0.0,0.7364729458917836,0.5159419021898662,-0.24239713304901794
1,0.0,0.7408416833667335,0.5182375356563985,-0.24361823134372168
1,0.0,0.7452104208416834,0.5205285461582181,-0.2448321871955904
1,0.0,0.7495791583166332,0.5228149834805751,-0.24603897257555185
1,0.0,0.7539478957915832,0.5250968969505696,-0.2472385598293739
1,0.0,0.7583166332665331,0.5273743354412032,-0.24843092166820557
1,0.0,0.762685370741483,0.5296473473753937,-0.2496160311592698
1,0.0,0.7670541082164329,0.5319159807299565,-0.25079386171670165
1,0.0,0.7714228456913828,0.534180283039551,-0.25196438709253016
1,0.0,0.7757915831663327,0.5364403014005911,-0.2531275813678022
1,0.0,0.7801603206412826,0.5386960824751222,-0.2542834189438388
1,0.0,0.7845290581162325,0.5409476724946659,-0.2554318745336242
1,0.0,0.7888977955911824,0.5431951172640282,-0.2565729231533245
1,0.0,0.7932665330661323,0.5454384621650766,-0.2577065401139288
1,0.0,0.7976352705410822,0.5476777521604833,-0.25883270101301437
1,0.0,0.8020040080160321,0.549913031797436,-0.25995138172662646
1,0.0,0.806372745490982,0.5521443452113157,-0.2610625584012757
1,0.0,0.8107414829659318,0.5543717361293432,-0.2621662074460446
1,0.0,0.8151102204408818,0.5565952478741927,-0.2632623055248046
1,0.0,0.8194789579158317,0.5588149233675751,-0.26435082954853534
1,0.0,0.8238476953907816,0.5610308051337879,-0.26543175666774893
1,0.0,0.8282164328657315,0.563242935303237,-0.2665050642650105
1,0.0,0.8325851703406814,0.5654513556159244,-0.26757072994755915
1,0.0,0.8369539078156313,0.5676561074249084,-0.26862873154001704
1,0.0,0.8413226452905812,0.5698572316997311,-0.2696790470771933
1,0.0,0.8456913827655311,0.5720547690298182,-0.27072165479697413
1,0.0,0.8500601202404809,0.574248759627846,-0.2717565331332982
1,0.0,0.8544288577154309,0.5764392433330829,-0.2727836607092158
1,0.0,0.8587975951903808,0.578626259614698,-0.2738030163300254
1,0.0,0.8631663326653307,0.5808098475750432,-0.2748145789764907
1,0.0,0.8675350701402806,0.582990045952905,-0.2758183277981314
1,0.0,0.8719038076152305,0.5851668931267294,-0.2768142421065859
1,0.0,0.8762725450901804,0.587340427117817,-0.2778023013690449
1,0.0,0.8806412825651303,0.5895106855934912,-0.2787824852017527
1,0.0,0.8850100200400802,0.5916777058702384,-0.27975477336357485
1,0.0,0.88937875751503,0.5938415249168207,-0.2807191457496252
1,0.0,0.89374749498998,0.5960021793573613,-0.28167558238496027
1,0.0,0.8981162324649299,0.5981597054744026,-0.28262406341832613
1,0.0,0.9024849699398798,0.6003141392119383,-0.2835645691159648
1,0.0,0.9068537074148297,0.602465516178419,-0.2844970798554741
1,0.0,0.9112224448897795,0.6046138716497298,-0.28542157611972047
1,0.0,0.9155911823647295,0.6067592405721444,-0.2863380384908008
1,0.0,0.9199599198396794,0.6089016575652509,-0.2872464476440515
1,0.0,0.9243286573146293,0.6110411569248542,-0.28814678434210617
1,0.0,0.9286973947895791,0.6131777726258507,-0.28903902942899334
1,0.0,0.9330661322645291,0.6153115383250808,-0.2899231638242787
1,0.0,0.937434869739479,0.6174424873641527,-0.2907991685172466
1,0.0,0.9418036072144289,0.6195706527722448,-0.2916670245611174
1,0.0,0.9461723446893788,0.621696067268882,-0.2925267130673027
1,0.0,0.9505410821643286,0.6238187632666873,-0.2933782151996942
1,0.0,0.9549098196392786,0.6259387728741108,-0.2942215121689815
1,0.0,0.9592785571142285,0.6280561278981336,-0.2950565852270042
1,0.0,0.9636472945891784,0.6301708598469483,-0.2958834156611277
1,0.0,0.9680160320641283,0.6322829999326157,-0.2967019847886489
1,0.0,0.9723847695390782,0.6343925790736998,-0.2975122739512219
1,0.0,0.9767535070140281,0.6364996278978774,-0.2983142645093084
1,0.0,0.981122244488978,0.6386041767445267,-0.29910793783664896
1,0.0,0.9854909819639279,0.640706255667292,-0.29989327531474996
1,0.0,0.9898597194388777,0.6428058944366271,-0.3006702583273896
1,0.0,0.9942284569138277,0.6449031225423153,-0.30143886825513716
1,0.0,0.9985971943887776,0.6469979691959682,-0.3021990864698844
1,0.0,1.0029659318637274,0.649090463333502,-0.30295089432938943
1,0.0,1.0073346693386773,0.6511806336175923,-0.30369427317182823
1,0.0,1.0117034068136272,0.6532685084401079,-0.3044292043103525
1,0.0,1.0160721442885772,0.6553541159245224,-0.305155669027655
1,0.0,1.020440881763527,0.657437483928305,-0.3058736485705354
1,0.0,1.024809619238477,0.659518640045291,-0.3065831241444696
1,0.0,1.029178356713427,0.6615976116080308,-0.30728407690817555
1,0.0,1.0335470941883769,0.6636744256901181,-0.30797648796817956
1,0.0,1.0379158316633268,0.6657491091084983,-0.30866033837337714
1,0.0,1.0422845691382765,0.6678216884257571,-0.30933560910958424
1,0.0,1.0466533066132264,0.6698921899523878,-0.3100022810940856
1,0.0,1.0510220440881763,0.6719606397490395,-0.31066033517016794
1,0.0,1.0553907815631263,0.6740270636287451,-0.31130975210164347
1,0.0,1.0597595190380762,0.6760914871591311,-0.3119505125673549
1,0.0,1.0641282565130261,0.678153935664606,-0.31258259715567166
1,0.0,1.068496993987976,0.6802144342285315,-0.3132059863589576
1,0.0,1.072865731462926,0.6822730076953728,-0.3138206605680271
1,0.0,1.0772344689378759,0.6843296806728322,-0.31442660006657075
1,0.0,1.0816032064128256,0.6863844775339615,-0.31502378502556233
1,0.0,1.0859719438877755,0.6884374224192584,-0.31561219549763586
1,0.0,1.0903406813627254,0.6904885392387425,-0.3161918114114308
1,0.0,1.0947094188376754,0.692537851674014,-0.3167626125659129
1,0.0,1.0990781563126253,0.6945853831802946,-0.31732457862465235
1,0.0,1.1034468937875752,0.69663115698845,-0.31787768911007425
1,0.0,1.1078156312625251,0.698675196106995,-0.3184219233976641
1,0.0,1.112184368737475,0.7007175233240799,-0.3189572607101376
1,0.0,1.116553106212425,0.7027581612094623,-0.3194836801115632
1,0.0,1.1209218436873747,0.7047971321164578,-0.3200011605014427
1,0.0,1.1252905811623246,0.7068344581838766,-0.3205096806087409
1,0.0,1.1296593186372745,0.7088701613379419,-0.3210092189858665
1,0.0,1.1340280561122245,0.7109042632941917,-0.3214997540025987
1,0.0,1.1383967935871744,0.7129367855593631,-0.3219812638399601
1,0.0,1.1427655310621243,0.714967749433262,-0.3224537264840273
1,0.0,1.1471342685370742,0.7169971760106143,-0.3229171197196845
1,0.0,1.1515030060120242,0.7190250861829018,-0.32337142112431033
1,0.0,1.155871743486974,0.7210515006401829,-0.32381660806139856
1,0.0,1.1602404809619238,0.7230764398728945,-0.3242526576741105
1,0.0,1.1646092184368737,0.7250999241736426,-0.32467954687875067
1,0.0,1.1689779559118236,0.7271219736389722,-0.3250972523581721
1,0.0,1.1733466933867736,0.7291426081711254,-0.3255057505550985
1,0.0,1.1777154308617235,0.7311618474797817,-0.32590501766536595
1,0.0,1.1820841683366734,0.7331797110837853,-0.3262950296310776
1,0.0,1.1864529058116233,0.7351962183128548,-0.326675762133674
1,0.0,1.1908216432865733,0.7372113883092797,-0.3270471905869046
1,0.0,1.1951903807615232,0.7392252400296011,-0.3274092901297098
1,0.0,1.1995591182364729,0.7412377922462781,-0.3277620356189981
1,0.0,1.2039278557114228,0.7432490635493392,-0.32810540162232515
1,0.0,1.2082965931863727,0.7452590723480202,-0.32843936241046234
1,0.0,1.2126653306613226,0.747267836872385,-0.32876389194985717
1,0.0,1.2170340681362726,0.7492753751749365,-0.3290789638949745
1,0.0,1.2214028056112225,0.7512817051322087,-0.3293845515805253
1,0.0,1.2257715430861724,0.753286844446349,-0.3296806280135649
1,0.0,1.2301402805611223,0.7552908106466832,-0.32996716586547054
1,0.0,1.2345090180360723,0.7572936210912693,-0.3302441374637797
1,0.0,1.238877755511022,0.7592952929684355,-0.33051151478389773
1,0.0,1.243246492985972,0.7612958432983068,-0.3307692694406612
1,0.0,1.2476152304609218,0.7632952889343165,-0.3310173726797534
1,0.0,1.2519839679358717,0.7652936465647053,-0.3312557953689703
1,0.0,1.2563527054108217,0.7672909327140071,-0.33148450798932977
1,0.0,1.2607214428857716,0.769287163744521,-0.3317034806260161
1,0.0,1.2650901803607215,0.7712823558577724,-0.33191268295916004
1,0.0,1.2694589178356714,0.7732765250959589,-0.33211208425444133
1,0.0,1.2738276553106214,0.775269687343384,-0.33230165335351725
1,0.0,1.278196392785571,0.7772618583278795,-0.3324813586642586
1,0.0,1.282565130260521,0.7792530536222154,-0.3326511681507994
1,0.0,1.286933867735471,0.7812432886454947,-0.33281104932338434
1,0.0,1.2913026052104208,0.7832325786645384,-0.33296096922801727
1,0.0,1.2956713426853708,0.7852209387952592,-0.3331008944358844
1,0.0,1.3000400801603207,0.7872083840040198,-0.333230791032575
1,0.0,1.3044088176352706,0.7891949291089823,-0.3333506246070615
1,0.0,1.3087775551102205,0.7911805887814441,-0.333460360240452
1,0.0,1.3131462925851705,0.7931653775471627,-0.33355996249449854
1,0.0,1.3175150300601204,0.7951493097876686,-0.33364939539985183
1,0.0,1.32188376753507,0.797132399741567,-0.3337286224440627
1,0.0,1.32625250501002,0.7991146615058276,-0.33379760655930785
1,0.0,1.33062124248497,0.8010961090370629,-0.33385631010984457
1,0.0,1.3349899799599199,0.8030767561527965,-0.33390469487917196
1,0.0,1.3393587174348698,0.8050566165327185,-0.3339427220569026
1,0.0,1.3437274549098197,0.8070357037199313,-0.3339703522253208
1,0.0,1.3480961923847696,0.8090140311221834,-0.3339875453456251
1,0.0,1.3524649298597196,0.8109916120130933,-0.33399426074384325
1,0.0,1.3568336673346695,0.8129684595333616,-0.3339904570964058
1,0.0,1.3612024048096192,0.8149445866919737,-0.3339760924153669
1,0.0,1.365571142284569,0.8169200063673903,-0.33395112403326244
1,0.0,1.369939879759519,0.8188947313087287,-0.3339155085875891
1,0.0,1.374308617234469,0.820868774136934,-0.33386920200489256
1,0.0,1.3786773547094189,0.8228421473459381,-0.3338121594844546
1,0.0,1.3830460921843688,0.8248148633038107,-0.33374433548155646
1,0.0,1.3874148296593187,0.8267869342538983,-0.3336656836903135
1,0.0,1.3917835671342687,0.8287583723159551,-0.33357615702605475
1,0.0,1.3961523046092186,0.8307291894872623,-0.3334757076072437
1,0.0,1.4005210420841683,0.8326993976437379,-0.3333642867369101
1,0.0,1.4048897795591182,0.8346690085410373,-0.33324184488358866
1,0.0,1.4092585170340681,0.8366380338156442,-0.3331083316617316
1,0.0,1.413627254509018,0.8386064849859508,-0.33296369581159146
1,0.0,1.417995991983968,0.8405743734533301,-0.33280788517854276
1,0.0,1.422364729458918,0.8425417105031974,-0.33264084669182586
1,0.0,1.4267334669338678,0.8445085073060625,-0.33246252634269596
1,0.0,1.4311022044088177,0.8464747749185748,-0.33227286916194243
1,0.0,1.4354709418837677,0.8484405242845554,-0.3320718191967713
1,0.0,1.4398396793587174,0.8504057662360239,-0.3318593194870128
1,0.0,1.4442084168336673,0.8523705114942136,-0.33163531204063684
1,0.0,1.4485771543086172,0.8543347706705784,-0.3313997378085431
1,0.0,1.4529458917835671,0.856298554267791,-0.33115253665860633
1,0.0,1.457314629258517,0.8582618726807344,-0.3308936473489346
1,0.0,1.461683366733467,0.8602247361974795,-0.33062300750033063
1,0.0,1.466052104208417,0.8621871550002587,-0.33034055356790065
1,0.0,1.4704208416833668,0.86414913916643,-0.3300462208117933
1,0.0,1.4747895791583168,0.8661106986694308,-0.3297399432670301
1,0.0,1.4791583166332665,0.8680718433797252,-0.3294216537123899
1,0.0,1.4835270541082164,0.8700325830657425,-0.3290912836383062
1,0.0,1.4878957915831663,0.8719929273948059,-0.32874876321374713
1,0.0,1.4922645290581162,0.8739528859340555,-0.3283940212520233
1,0.0,1.4966332665330662,0.875912468151362,-0.3280269851754866
1,0.0,1.501002004008016,0.8778716834162313,-0.32764758097907937
1,0.0,1.505370741482966,0.8798305410007028,-0.3272557331926715
1,0.0,1.509739478957916,0.8817890500802389,-0.32685136484214955
1,0.0,1.5141082164328659,0.8837472197346066,-0.32643439740919317
1,0.0,1.5184769539078156,0.8857050589487521,-0.32600475078968805
1,0.0,1.5228456913827655,0.887662576613667,-0.3255623432507207
1,0.0,1.5272144288577154,0.8896197815272465,-0.32510709138608573
1,0.0,1.5315831663326653,0.8915766823951409,-0.324638910070242
1,0.0,1.5359519038076153,0.893533287831599,-0.32415771241065766
1,0.0,1.5403206412825652,0.8954896063603043,-0.32366340969846136
1,0.0,1.544689378757515,0.8974456464152042,-0.3231559113573276
1,0.0,1.549058116232465,0.8994014163413309,-0.32263512489052537
1,0.0,1.553426853707415,0.9013569243956158,-0.32210095582603127
1,0.0,1.5577955911823649,0.9033121787476965,-0.32155330765962997
1,0.0,1.5621643286573146,0.9052671874807167,-0.3209920817959058
1,0.0,1.5665330661322645,0.907221958592119,-0.3204171774870237
1,0.0,1.5709018036072144,0.9091764999944311,-0.3198284917692034
1,0.0,1.5752705410821644,0.9111308195160432,-0.3192259193967695
1,0.0,1.5796392785571143,0.913084924901983,-0.31860935277366365
1,0.0,1.5840080160320642,0.9150388238146766,-0.31797868188230577
1,0.0,1.5883767535070141,0.9169925238347115,-0.3173337942096541
1,0.0,1.592745490981964,0.9189460324615848,-0.3166745746703562
1,0.0,1.597114228456914,0.9208993571144501,-0.3160009055268163
1,0.0,1.6014829659318637,0.9228525051328547,-0.3153126663060514
1,0.0,1.6058517034068136,0.9248054837774738,-0.31460973371315015
1,0.0,1.6102204408817635,0.9267583002308328,-0.31389198154118875
1,0.0,1.6145891783567135,0.9287109615980291,-0.31315928057739356
1,0.0,1.6189579158316634,0.9306634749074436,-0.31241149850537697
1,0.0,1.6233266533066133,0.9326158471114471,-0.3116484998032318
1,0.0,1.6276953907815632,0.9345680850871008,-0.31087014563726884
1,0.0,1.6320641282565131,0.9365201956368497,-0.3100762937511604
1,0.0,1.636432865731463,0.9384721854892119,-0.30926679835024834
1,0.0,1.6408016032064128,0.9404240612994577,-0.30844150998074954
1,0.0,1.6451703406813627,0.9423758296502882,-0.307600275403582
1,0.0,1.6495390781563126,0.9443274970525034,-0.3067429374625047
1,0.0,1.6539078156312625,0.946279069945666,-0.305869334946267
1,0.0,1.6582765531062125,0.9482305546987599,-0.304979302444412
1,0.0,1.6626452905811624,0.9501819576108422,-0.30407267019638146
1,0.0,1.6670140280561123,0.9521332849116891,-0.30314926393353
1,0.0,1.6713827655310622,0.9540845427624374,-0.30220890471363765
1,0.0,1.6757515030060122,0.9560357372562177,-0.30125140874747103
1,0.0,1.6801202404809619,0.9579868744187862,-0.30027658721692163
1,0.0,1.6844889779559118,0.9599379602091467,-0.29928424608421594
1,0.0,1.6888577154308617,0.9618890005201686,-0.29827418589164517
1,0.0,1.6932264529058116,0.9638400011792013,-0.29724620155122944
1,0.0,1.6975951903807616,0.9657909679486795,-0.2962000821236943
1,0.0,1.7019639278557115,0.9677419065267273,-0.2951356105860701
1,0.0,1.7063326653306614,0.9696928225477525,-0.2940525635872072
1,0.0,1.7107014028056113,0.9716437215830397,-0.29295071119039634
1,0.0,1.7150701402805613,0.9735946091413354,-0.2918298166022765
1,0.0,1.719438877755511,0.9755454906694297,-0.2906896358871047
1,0.0,1.7238076152304609,0.9774963715527312,-0.28952991766540465
1,0.0,1.7281763527054108,0.9794472571158375,-0.28835040279594487
1,0.0,1.7325450901803607,0.981398152623102,-0.2871508240398791
1,0.0,1.7369138276553107,0.9833490632791937,-0.2859309057058255
1,0.0,1.7412825651302606,0.9852999942296515,-0.2846903632745241
1,0.0,1.7456513026052105,0.9872509505614375,-0.2834289030016104
1,0.0,1.7500200400801604,0.9892019373034809,-0.2821462214969279
1,0.0,1.7543887775551104,0.9911529594272189,-0.2808420052786475
1,0.0,1.75875751503006,0.9931040218471336,-0.2795159303003199
1,0.0,1.76312625250501,0.9950551294212835,-0.2781676614488053
1,0.0,1.76749498997996,0.9970062869518294,-0.2767968520108674
1,0.0,1.7718637274549098,0.9989574991855558,-0.2754031431059848
1,0.0,1.7762324649298598,1.0009087708143902,-0.2739861630827073
1,0.0,1.7806012024048097,1.0028601064759144,-0.2725455268756631
1,0.0,1.7849699398797596,1.0048115107538729,-0.2710808353200012
1,0.0,1.7893386773547095,1.0067629881786766,-0.26959167441977216
1,0.0,1.7937074148296595,1.0087145432279025,-0.2680776145663785
1,0.0,1.7980761523046092,1.0106661803267876,-0.26653820970287456
1,0.0,1.802444889779559,1.01261790384872,-0.26497299642940253
1,0.0,1.806813627254509,1.0145697181157247,-0.2633814930446349
1,0.0,1.811182364729459,1.016521627398945,-0.26176319851749175
1,0.0,1.8155511022044089,1.01847363591912,-0.2601175913828224
1,0.0,1.8199198396793588,1.0204257478470584,-0.25844412855402316
1,0.0,1.8242885771543087,1.0223779673041067,-0.2567422440448249
1,0.0,1.8286573146292586,1.0243302983626141,-0.25501134759154753
1,0.0,1.8330260521042085,1.0262827450463934,-0.25325082316617875
1,0.0,1.8373947895791582,1.0282353113311775,-0.25146002736945466
1,0.0,1.8417635270541082,1.0301880011450721,-0.24963828769187152
1,0.0,1.846132264529058,1.0321408183690037,-0.24778490062904018
1,0.0,1.850501002004008,1.0340937668371641,-0.24589912963617694
1,0.0,1.854869739478958,1.0360468503374516,-0.24398020290454028
1,0.0,1.8592384769539079,1.0380000726119063,-0.24202731094045554
1,0.0,1.8636072144288578,1.039953437357145,-0.24003960392499177
1,0.0,1.8679759519038077,1.0419069482247871,-0.23801618882944706
1,0.0,1.8723446893787576,1.0438606088218827,-0.23595612625835136
1,0.0,1.8767134268537076,1.0458144227113313,-0.23385842698778384
1,0.0,1.8810821643286573,1.0477683934123012,-0.23172204816215242
1,0.0,1.8854509018036072,1.0497225244006418,-0.22954588910722065
1,0.0,1.8898196392785571,1.0516768191092953,-0.22732878671082207
1,0.0,1.894188376753507,1.0536312809287014,-0.22506951031529157
1,0.0,1.898557114228457,1.0555859132072012,-0.22276675605681098
1,0.0,1.902925851703407,1.0575407192514363,-0.220419140576498
1,0.0,1.9072945891783568,1.0594957023267444,-0.2180251940155941
1,0.0,1.9116633266533067,1.0614508656575512,-0.21558335219234237
1,0.0,1.9160320641282567,1.0634062124277595,-0.21309194784025928
1,0.0,1.9204008016032064,1.065361745781134,-0.21054920076607433
1,0.0,1.9247695390781563,1.0673174688216829,-0.20795320675952828
1,0.0,1.9291382765531062,1.0692733846140372,-0.20530192505546532
1,0.0,1.9335070140280561,1.0712294961838242,-0.2025931641098254
1,0.0,1.937875751503006,1.0731858065180406,-0.19982456540315635
1,0.0,1.942244488977956,1.0751423185654192,-0.1969935849259714
1,0.0,1.946613226452906,1.0770990352367955,-0.19409747192613708
1,0.0,1.9509819639278558,1.0790559594054685,-0.1911332444055155
1,0.0,1.9553507014028058,1.0810130939075595,-0.18809766073540457
1,0.0,1.9597194388777555,1.0829704415423669,-0.18498718661032496
1,0.0,1.9640881763527054,1.08492800507272,-0.1817979563670093
1,0.0,1.9684569138276553,1.086885787225325,-0.1785257274455105
1,0.0,1.9728256513026052,1.0888437906911141,-0.17516582644234013
1,0.0,1.9771943887775552,1.0908020181255869,-0.17171308477317987
1,0.0,1.981563126252505,1.0927604721491488,-0.16816176138488806
1,0.0,1.985931863727455,1.09471915534745,-0.16450544917489182
1,0.0,1.990300601202405,1.0966780702717178,-0.16073696070557464
1,0.0,1.9946693386773549,1.0986372194390877,-0.15684818731392774
1,0.0,1.9990380761523046,1.1005966053329304,-0.15282992361885628
1,0.0,2.0034068136272545,1.1025562304031786,-0.14867164641923203
1,0.0,2.0077755511022044,1.104516097066646,-0.1443612325782239
1,0.0,2.0121442885771543,1.1064762077073493,-0.13988459392957459
1,0.0,2.0165130260521043,1.1084365646768213,-0.13522519722869722
1,0.0,2.020881763527054,1.1103971702944262,-0.13036342148790162
1,0.0,2.025250501002004,1.1123580268476707,-0.1252756797389267
1,0.0,2.029619238476954,1.1143191365925098,-0.11993319007691344
1,0.0,2.033987975951904,1.1162805017536528,-0.11430020770095888
1,0.0,2.038356713426854,1.118242124524865,-0.10833139700681481
1,0.0,2.042725450901804,1.1202040070692694,-0.10196776889710242
1,0.0,2.0470941883767537,1.1221661515196395,-0.09513008999757669
1,0.0,2.0514629258517036,1.124128559978697,-0.0877075232218619
1,0.0,2.0558316633266536,1.1260912345194025,-0.07953644730742167
1,0.0,2.060200400801603,1.128054177185243,-0.0703565085217794
1,0.0,2.064569138276553,1.1300173899905206,-0.05970409558558666
1,0.0,2.068937875751503,1.1319808749206337,-0.046579637304116746
1,0.0,2.073306613226453,1.1339446339323596,-0.027663749772211445
1,0.0,2.0776753507014027,1.1104417184739135,0.0
1,0.0,2.0820440881763527,1.092354973447748,0.0
1,0.0,2.0864128256513026,1.0806371243782427,0.0
1,0.0,2.0907815631262525,1.0714676501241893,0.0
1,0.0,2.0951503006012024,1.0637753158759926,0.0
1,0.0,2.0995190380761524,1.0570761441923775,0.0
1,0.0,2.1038877755511023,1.0511025564243204,0.0
1,0.0,2.108256513026052,1.0456882510046888,0.0
1,0.0,2.112625250501002,1.040721556732331,0.0
1,0.0,2.116993987975952,1.0361232271774548,0.0
1,0.0,2.121362725450902,1.0318346406624859,0.0
1,0.0,2.125731462925852,1.0278110036418326,0.0
1,0.0,2.130100200400802,1.0240171863117864,0.0
1,0.0,2.1344689378757518,1.0204250427229975,0.0
1,0.0,2.1388376753507012,1.0170116159217717,0.0
1,0.0,2.143206412825651,1.0137578952710746,0.0
1,0.0,2.147575150300601,1.0106479316117594,0.0
1,0.0,2.151943887775551,1.0076681919105304,0.0
1,0.0,2.156312625250501,1.0048070786834113,0.0
1,0.0,2.160681362725451,1.0020545655507302,0.0
1,0.0,2.165050100200401,0.9994019163858241,0.0
1,0.0,2.1694188376753507,0.9968414657704844,0.0
1,0.0,2.1737875751503006,0.9943664451667337,0.0
1,0.0,2.1781563126252506,0.9919708436920465,0.0
1,0.0,2.1825250501002005,0.9896492954417279,0.0
1,0.0,2.1868937875751504,0.9873969874281247,0.0
1,0.0,2.1912625250501003,0.9852095837103464,0.0
1,0.0,2.1956312625250503,0.983083162368643,0.0
1,0.0,2.2,0.981014162764744,0.0
2,-0.2,0.02,0.1021554622679359,-0.21986242527146915
2,-0.2,0.0243687374749499,0.10704350197723655,-0.2169212555219185
2,-0.2,0.0287374749498998,0.11188512491383339,-0.213990339960466
2,-0.2,0.0331062124248497,0.11668096185996751,-0.21106948039523693
2,-0.2,0.0374749498997996,0.1214316413454315,-0.20815848804355944
2,-0.2,0.0418436873747495,0.12613778923982558,-0.20525718355079553
2,-0.2,0.046212424849699396,0.13080002834720453,-0.20236539697626843
2,-0.2,0.0505811623246493,0.13541897800617947,-0.1994829677471253
2,-0.2,0.0549498997995992,0.13999525369836413,-0.1966097445813436
2,-0.2,0.0593186372745491,0.1445294666678398,-0.193745585381334
2,-0.2,0.063687374749499,0.14902222355405298,-0.19089035709989172
2,-0.2,0.0680561122244489,0.15347412604031718,-0.18804393558041638
2,-0.2,0.0724248496993988,0.15788577051979763,-0.185206205373523
2,-0.2,0.0767935871743487,0.16225774778054217,-0.18237705953226144
2,-0.2,0.0811623246492986,0.16659064271086832,-0.17955639938827408
2,-0.2,0.0855310621242485,0.17088503402608995,-0.17674413431123498
2,-0.2,0.0898997995991984,0.17514149401729043,-0.17394018145394777
2,-0.2,0.0942685370741483,0.17936058832260657,-0.17114446548541987
2,-0.2,0.0986372745490982,0.18354287572121064,-0.168356918314203
2,-0.2,0.1030060120240481,0.18768890794993315,-0.16557747880418305
2,-0.2,0.107374749498998,0.1917992295423258,-0.16280609248490965
2,-0.2,0.1117434869739479,0.19587437768968036,-0.16004271125842268
2,-0.2,0.11611222444889781,0.1999148821234703,-0.15728729310441245
2,-0.2,0.1204809619238477,0.20392126501843738,-0.15453980178538615
2,-0.2,0.1248496993987976,0.2078940409155268,-0.15180020655338325
2,-0.2,0.12921843687374748,0.2118337166637088,-0.14906848185961064
2,-0.2,0.13358717434869738,0.21574079137970112,-0.1463446070682286
2,-0.2,0.1379559118236473,0.21961575642456016,-0.14362856617537514
2,-0.2,0.1423246492985972,0.22345909539601125,-0.1409203475343425
2,-0.2,0.1466933867735471,0.22727128413548084,-0.13821994358772002
2,-0.2,0.151062124248497,0.23105279074868362,-0.13552735060716162
2,-0.2,0.1554308617234469,0.23480407563869155,-0.13284256844131537
2,-0.2,0.15979959919839679,0.23852559155042508,-0.13016560027235494
2,-0.2,0.16416833667334668,0.24221778362550003,-0.1274964523814297
2,-0.2,0.16853707414829658,0.2458810894664444,-0.12483513392326699
2,-0.2,0.17290581162324647,0.2495159392093058,-0.12218165671007801
2,-0.2,0.17727454909819637,0.25312275560374575,-0.11953603500483291
2,-0.2,0.1816432865731463,0.2567019540997211,-0.11689828532390618
2,-0.2,0.1860120240480962,0.26025394293996157,-0.11426842624904797
2,-0.2,0.1903807615230461,0.2637791232574467,-0.11164647824856418
2,-0.2,0.19474949899799598,0.26727788917717904,-0.10903246350756508
2,-0.2,0.19911823647294588,0.27075062792157195,-0.1064264057670901
2,-0.2,0.20348697394789578,0.27419771991884306,-0.1038283301719008
2,-0.2,0.20785571142284567,0.2776195389138378,-0.10123826312669496
2,-0.2,0.2122244488977956,0.281016452080762,-0.09865623216048768
2,-0.2,0.2165931863727455,0.28438882013734157,-0.09608226579887649
2,-0.2,0.2209619238476954,0.2877369974599828,-0.09351639344391521
2,-0.2,0.2253306613226453,0.2910613321995315,-0.09095864526129266
2,-0.2,0.22969939879759518,0.29436216639727447,-0.08840905207452272
2,-0.2,0.23406813627254508,0.2976398361008781,-0.08586764526585298
2,-0.2,0.23843687374749498,0.30089467147995497,-0.08333445668357504
2,-0.2,0.24280561122244487,0.30412699694102585,-0.08080951855545833
2,-0.2,0.24717434869739477,0.30733713124163514,-0.07829286340800262
2,-0.2,0.2515430861723447,0.3105253876034379,-0.07578452399123216
2,-0.2,0.2559118236472946,0.3136920738240683,-0.07328453320874088
2,-0.2,0.2602805611222445,0.31683749238764836,-0.07079292405272224
2,-0.2,0.2646492985971944,0.3199619405738098,-0.06830972954372251
2,-0.2,0.2690180360721443,0.32306571056510386,-0.06583498267484991
2,-0.2,0.27338677354709423,0.3261490895527277,-0.0633687163602107
2,-0.2,0.2777555110220441,0.3292123598404599,-0.060910963387317565
2,-0.2,0.282124248496994,0.332255798946775,-0.058461756373255604
2,-0.2,0.2864929859719439,0.3352796797050579,-0.05602112772438458
2,-0.2,0.2908617234468938,0.33828427036189224,-0.05358910959936733
2,-0.2,0.2952304609218437,0.3412698346733927,-0.051165733875327385
2,-0.2,0.2995991983967936,0.34423663199956084,-0.04875103211695171
2,-0.2,0.30396793587174353,0.34718491739664825,-0.046345035548350275
2,-0.2,0.3083366733466934,0.35011494170752966,-0.04394777502750816
2,-0.2,0.3127054108216433,0.3530269516500808,-0.041559281023165105
2,-0.2,0.3170741482965932,0.3559211899035787,-0.03917958359397288
2,-0.2,0.3214428857715431,0.3587978951931266,-0.036808712369781435
2,-0.2,0.325811623246493,0.3616573023721277,-0.034446696534917436
2,-0.2,0.3301803607214429,0.3644996425028224,-0.03209356481332361
2,-0.2,0.3345490981963928,0.36732514293492546,-0.02974934545544475
2,-0.2,0.3389178356713427,0.37013402738237233,-0.02741406622673176
2,-0.2,0.34328657314629263,0.37292651599821935,-0.025087754397663826
2,-0.2,0.3476553106212425,0.3757028254477212,-0.022770436735184297
2,-0.2,0.3520240480961924,0.3784631689796225,-0.020462139495454584
2,-0.2,0.3563927855711423,0.3812077564956889,-0.018162888417824014
2,-0.2,0.3607615230460922,0.38393679461853164,-0.015872708719953516
2,-0.2,0.3651302605210421,0.38665048675773706,-0.013591625093985251
2,-0.2,0.369498997995992,0.38934903317436137,-0.011319661703704941
2,-0.2,0.37386773547094193,0.3920326310438063,-0.009056842182608093
2,-0.2,0.3782364729458918,0.3947014745171341,-0.0068031896328216
2,-0.2,0.3826052104208417,0.3973557547808397,-0.004558726624799698
2,-0.2,0.3869739478957916,0.3999956601151302,-0.0023234751977493223
2,-0.2,0.3913426853707415,0.40262137595074493,-9.74568607221817e-05
2,-0.2,0.3957114228456914,0.40523308492435156,0.0021193074056702686
2,-0.2,0.4000801603206413,0.40783096693255333,0.004326797146981868
2,-0.2,0.40444889779559123,0.4104151991845534,0.00652499243212097
2,-0.2,0.4088176352705411,0.412985956253493,0.008713873850068925
2,-0.2,0.413186372745491,0.4155434101265204,0.01089342250614613
2,-0.2,0.4175551102204409,0.4180877302536076,0.013063620017881403
2,-0.2,0.4219238476953908,0.42061908359515643,0.015224448510505376
2,-0.2,0.4262925851703407,0.4231376346684281,0.01737589061210805
2,-0.2,0.4306613226452906,0.4256435455928212,0.019517929448490064
2,-0.2,0.4350300601202405,0.42813697613404134,0.021650548637729708
2,-0.2,0.4393987975951904,0.4306180837471805,0.023773732284502753
2,-0.2,0.44376753507014033,0.43308702361874696,0.02588746497417024
2,-0.2,0.4481362725450902,0.4355439487076671,0.027991731766661726
2,-0.2,0.4525050100200401,0.4379890097852953,0.03008651819017594
2,-0.2,0.45687374749499,0.4404223554744531,0.032171810234715256
2,-0.2,0.4612424849699399,0.44284413228752834,0.03424759434547873
2,-0.2,0.4656112224448898,0.44525448466366246,0.03631385741612173
2,-0.2,0.4699799599198397,0.4476535550050441,0.038370586781912124
2,-0.2,0.4743486973947896,0.4500414837123471,0.04041777021278028
2,-0.2,0.4787174348697395,0.45241840921932075,0.04245539590629466
2,-0.2,0.4830861723446894,0.45478446802657285,0.04448345248056344
2,-0.2,0.4874549098196393,0.4571397947345538,0.04650192896707845
2,-0.2,0.4918236472945892,0.4594845220757755,0.04851081480351652
2,-0.2,0.4961923847695391,0.46181878094627715,0.050510099826500954
2,-0.2,0.500561122244489,0.4641427004363672,0.052499774264339
2,-0.2,0.5049298597194388,0.4664564078606554,0.054479828729740915
2,-0.2,0.5092985971943887,0.4687600287874001,0.05645025421253003
2,-0.2,0.5136673346693387,0.47105368706718354,0.0584110420723521
2,-0.2,0.5180360721442886,0.4733375048609402,0.060362184031389106
2,-0.2,0.5224048096192385,0.47561160266735253,0.06230367216708595
2,-0.2,0.5267735470941884,0.47787609934963027,0.0642354989048952
2,-0.2,0.5311422845691383,0.48013111216169563,0.06615765701104379
2,-0.2,0.5355110220440882,0.4823767567737846,0.06807013958532976
2,-0.2,0.5398797595190381,0.4846131472974836,0.06997294005395263
2,-0.2,0.544248496993988,0.48684039631021586,0.07186605216237861
2,-0.2,0.548617234468938,0.4890586148791939,0.0737494699682497
2,-0.2,0.5529859719438878,0.4912679125848487,0.07562318783433632
2,-0.2,0.5573547094188377,0.49346839754375577,0.07748720042153763
2,-0.2,0.5617234468937876,0.4956601764310635,0.07934150268193277
2,-0.2,0.5660921843687375,0.4978433545024464,0.08118608985188644
2,-0.2,0.5704609218436874,0.5000180356155856,0.08302095744520897
2,-0.2,0.5748296593186373,0.5021843222511988,0.08484610124637497
2,-0.2,0.5791983967935872,0.504342315533625,0.08666151730380021
2,-0.2,0.5835671342685371,0.5064921152509758,0.08846720192318441
2,-0.2,0.587935871743487,0.5086338198748697,0.09026315166091045
2,-0.2,0.5923046092184369,0.510767526579754,0.09204936331751248
2,-0.2,0.5966733466933868,0.5128933312618297,0.09382583393120733
2,-0.2,0.6010420841683367,0.5150113285575845,0.09559256077149343
2,-0.2,0.6054108216432866,0.5171216118619492,0.09734954133281395
2,-0.2,0.6097795591182364,0.5192242733460833,0.09909677332829105
2,-0.2,0.6141482965931864,0.521319403974801,0.10083425468352616
2,-0.2,0.6185170340681363,0.5234070935236441,0.1025619835304691
2,-0.2,0.6228857715430862,0.5254874305956138,0.10427995820135592
2,-0.2,0.6272545090180361,0.527560502637568,0.10598817722271722
2,-0.2,0.631623246492986,0.5296263959562915,0.10768663930945309
2,-0.2,0.6359919839679359,0.5316851957342479,0.10937534335897962
2,-0.2,0.6403607214428858,0.5337369860450232,0.11105428844544218
2,-0.2,0.6447294589178357,0.535781849868462,0.11272347381399989
2,-0.2,0.6490981963927855,0.5378198691055127,0.11438289887517669
2,-0.2,0.6534669338677355,0.5398511245927793,0.11603256319928186
2,-0.2,0.6578356713426854,0.5418756961167924,0.11767246651089872
2,-0.2,0.6622044088176353,0.5438936624280075,0.11930260868343955
2,-0.2,0.6665731462925852,0.5459051012545282,0.1209229897337687
2,-0.2,0.670941883767535,0.5479100893155716,0.12253360981689201
2,-0.2,0.675310621242485,0.549908702334673,0.12413446922071313
2,-0.2,0.6796793587174349,0.5519010150526417,0.1257255683608526
2,-0.2,0.6840480961923848,0.5538871012402686,0.1273069077755348
2,-0.2,0.6884168336673347,0.5558670337107963,0.12887848812053693
2,-0.2,0.6927855711422846,0.5578408843321506,0.13044031016420213
2,-0.2,0.6971543086172345,0.5598087240389465,0.1319923747825159
2,-0.2,0.7015230460921844,0.5617706228442664,0.13353468295424217
2,-0.2,0.7058917835671343,0.5637266498512172,0.135067235756123
2,-0.2,0.7102605210420841,0.5656768732642765,0.1365900343581378
2,-0.2,0.7146292585170341,0.5676213604004231,0.1381030800188212
2,-0.2,0.718997995991984,0.5695601777000641,0.1396063740806404
2,-0.2,0.7233667334669339,0.5714933907377591,0.14109991796543006
2,-0.2,0.7277354709418838,0.573421064232746,0.14258371316988439
2,-0.2,0.7321042084168337,0.5753432620592741,0.14405776126110426
2,-0.2,0.7364729458917836,0.5772600472567448,0.14552206387220204
2,-0.2,0.7408416833667335,0.5791714820396697,0.146976622697956
2,-0.2,0.7452104208416834,0.5810776278074419,0.14842143949052428
2,-0.2,0.7495791583166332,0.5829785451539317,0.1498565160552063
2,-0.2,0.7539478957915832,0.5848742938769066,0.15128185424625668
2,-0.2,0.7583166332665331,0.5867649329872761,0.15269745596275297
2,-0.2,0.762685370741483,0.5886505207181717,0.15410332314450761
2,-0.2,0.7670541082164329,0.5905311145338581,0.15549945776803456
2,-0.2,0.7714228456913828,0.5924067711384841,0.1568858618425586
2,-0.2,0.7757915831663327,0.594277546484672,0.15826253740607493
2,-0.2,0.7801603206412826,0.5961434957819516,0.1596294865214529
2,-0.2,0.7845290581162325,0.5980046735050392,0.1609867112725862
2,-0.2,0.7888977955911824,0.5998611334019673,0.16233421376058568
2,-0.2,0.7932665330661323,0.6017129285020634,0.16367199610001631
2,-0.2,0.7976352705410822,0.6035601111237843,0.16500006041517598
2,-0.2,0.8020040080160321,0.6054027328824066,0.16631840883641577
2,-0.2,0.806372745490982,0.6072408446975768,0.1676270434965005
2,-0.2,0.8107414829659318,0.6090744968007207,0.16892596652700856
2,-0.2,0.8151102204408818,0.6109037387423194,0.17021518005477043
2,-0.2,0.8194789579158317,0.6127286193990472,0.17149468619834604
2,-0.2,0.8238476953907816,0.6145491869807822,0.1727644870645355
2,-0.2,0.8282164328657315,0.6163654890374813,0.17402458474492968
2,-0.2,0.8325851703406814,0.6181775724659325,0.17527498131249356
2,-0.2,0.8369539078156313,0.6199854835163775,0.17651567881818284
2,-0.2,0.8413226452905812,0.6217892677990109,0.1777466792875951
2,-0.2,0.8456913827655311,0.6235889702903582,0.1789679847176531
2,-0.2,0.8500601202404809,0.6253846353395319,0.18017959707331874
2,-0.2,0.8544288577154309,0.6271763066743685,0.1813815182843376
2,-0.2,0.8587975951903808,0.6289640274074492,0.18257375024201394
2,-0.2,0.8631663326653307,0.6307478400420045,0.18375629479601194
2,-0.2,0.8675350701402806,0.6325277864777039,0.18492915375118843
2,-0.2,0.8719038076152305,0.6343039080163346,0.18609232886444868
2,-0.2,0.8762725450901804,0.6360762453673661,0.18724582184163277
2,-0.2,0.8806412825651303,0.6378448386534086,0.18838963433442205
2,-0.2,0.8850100200400802,0.6396097274155592,0.18952376793727377
2,-0.2,0.88937875751503,0.6413709506186436,0.19064822418437838
2,-0.2,0.89374749498998,0.6431285466563509,0.1917630045466386
2,-0.2,0.8981162324649299,0.644882553356262,0.19286811042867213
2,-0.2,0.9024849699398798,0.6466330079847769,0.19396354316583309
2,-0.2,0.9068537074148297,0.6483799472519376,0.1950493040212557
2,-0.2,0.9112224448897795,0.6501234073161503,0.19612539418291663
2,-0.2,0.9155911823647295,0.6518634237888064,0.19719181476071587
2,-0.2,0.9199599198396794,0.653600031738804,0.19824856678357544
2,-0.2,0.9243286573146293,0.655333265696972,0.19929565119655573
2,-0.2,0.9286973947895791,0.6570631596603942,0.20033306885798594
2,-0.2,0.9330661322645291,0.6587897470966382,0.20136082053661322
2,-0.2,0.937434869739479,0.6605130609478874,0.2023789069087634
2,-0.2,0.9418036072144289,0.6622331336349774,0.20338732855551792
2,-0.2,0.9461723446893788,0.6639499970613392,0.20438608595990046
2,-0.2,0.9505410821643286,0.6656636826168456,0.20537517950407985
2,-0.2,0.9549098196392786,0.6673742211815669,0.20635460946658218
2,-0.2,0.9592785571142285,0.6690816431294315,0.20732437601951406
2,-0.2,0.9636472945891784,0.6707859783317974,0.20828447922579402
2,-0.2,0.9680160320641283,0.6724872561609273,0.20923491903639738
2,-0.2,0.9723847695390782,0.6741855054933773,0.2101756952876046
2,-0.2,0.9767535070140281,0.6758807547132913,0.21110680769826043
2,-0.2,0.981122244488978,0.6775730317156067,0.2120282558670398
2,-0.2,0.9854909819639279,0.6792623639091685,0.21294003926971738
2,-0.2,0.9898597194388777,0.6809487782197555,0.21384215725644462
2,-0.2,0.9942284569138277,0.6826323010930158,0.2147346090490321
2,-0.2,0.9985971943887776,0.6843129584973129,0.21561739373823285
2,-0.2,1.0029659318637274,0.6859907759264828,0.21649051028103164
2,-0.2,1.0073346693386773,0.6876657784025041,0.2173539574979349
2,-0.2,1.0117034068136272,0.6893379904780745,0.2182077340702638
2,-0.2,1.0160721442885772,0.6910074362391048,0.21905183853744506
2,-0.2,1.020440881763527,0.692674139307119,0.21988626929430669
2,-0.2,1.024809619238477,0.6943381228415685,0.22071102458836928
2,-0.2,1.029178356713427,0.6959994095420574,0.22152610251713775
2,-0.2,1.0335470941883769,0.6976580216504772,0.22233150102539012
2,-0.2,1.0379158316633268,0.6993139809530545,0.22312721790246398
2,-0.2,1.0422845691382765,0.700967308782309,0.22391325077954027
2,-0.2,1.0466533066132264,0.7026180260189219,0.22468959712692188
2,-0.2,1.0510220440881763,0.7042661530935141,0.22545625425130633
2,-0.2,1.0553907815631263,0.7059117099883373,0.2262132192930547
2,-0.2,1.0597595190380762,0.7075547162388707,0.22696048922345424
2,-0.2,1.0641282565130261,0.7091951909353305,0.22769806084197197
2,-0.2,1.068496993987976,0.7108331527240875,0.22842593077350118
2,-0.2,1.072865731462926,0.7124686198089932,0.22914409546560108
2,-0.2,1.0772344689378759,0.7141016099526124,0.22985255118572417
2,-0.2,1.0816032064128256,0.7157321404773659,0.23055129401843652
2,-0.2,1.0859719438877755,0.7173602282665791,0.23124031986262603
2,-0.2,1.0903406813627254,0.7189858897654351,0.2319196244286981
2,-0.2,1.0947094188376754,0.7206091409818363,0.23258920323576177
2,-0.2,1.0990781563126253,0.7222299974871674,0.23324905160880158
2,-0.2,1.1034468937875752,0.7238484744169658,0.2338991646758348
2,-0.2,1.1078156312625251,0.7254645864714918,0.23453953736505667
2,-0.2,1.112184368737475,0.7270783479162044,0.23517016440197033
2,-0.2,1.116553106212425,0.7286897725821343,0.23579104030649764
2,-0.2,1.1209218436873747,0.7302988738661605,0.23640215939007947
2,-0.2,1.1252905811623246,0.7319056647311848,0.23700351575275452
2,-0.2,1.1296593186372745,0.7335101577062028,0.23759510328022054
2,-0.2,1.1340280561122245,0.7351123648862743,0.23817691564088117
2,-0.2,1.1383967935871744,0.7367122979323876,0.23874894628286703
2,-0.2,1.1427655310621243,0.7383099680712172,0.2393111884310445
2,-0.2,1.1471342685370742,0.739905386094777,0.23986363508399694
2,-0.2,1.1515030060120242,0.7414985623599618,0.24040627901098885
2,-0.2,1.155871743486974,0.743089506787981,0.24093911274890867
2,-0.2,1.1602404809619238,0.7446782288636783,0.2414621285991855
2,-0.2,1.1646092184368737,0.7462647376347399,0.2419753186246854
2,-0.2,1.1689779559118236,0.7478490417107876,0.24247867464658202
2,-0.2,1.1733466933867736,0.7494311492623517,0.2429721882412065
2,-0.2,1.1777154308617235,0.75101106801973,0.24345585073686477
2,-0.2,1.1820841683366734,0.7525888052717224,0.24392965321063736
2,-0.2,1.1864529058116233,0.7541643678642429,0.24439358648514636
2,-0.2,1.1908216432865733,0.755737762198808,0.2448476411252986
2,-0.2,1.1951903807615232,0.7573089942308976,0.24529180743499926
2,-0.2,1.1995591182364729,0.7588780694681853,0.24572607545383912
2,-0.2,1.2039278557114228,0.760444992968637,0.2461504349537494
2,-0.2,1.2082965931863727,0.7620097693384764,0.2465648754356319
2,-0.2,1.2126653306613226,0.7635724027300111,0.2469693861259526
2,-0.2,1.2170340681362726,0.7651328968393227,0.24736395597331096
2,-0.2,1.2214028056112225,0.7666912549038085,0.24774857364497385
2,-0.2,1.2257715430861724,0.7682474796995843,0.24812322752337768
2,-0.2,1.2301402805611223,0.7698015735387338,0.2484879057026008
2,-0.2,1.2345090180360723,0.7713535382664093,0.2488425959847994
2,-0.2,1.238877755511022,0.7729033752577755,0.24918728587661212
2,-0.2,1.243246492985972,0.7744510854147971,0.24952196258553236
2,-0.2,1.2476152304609218,0.7759966691628621,0.24984661301624198
2,-0.2,1.2519839679358717,0.7775401264472425,0.2501612237669125
2,-0.2,1.2563527054108217,0.7790814567293836,0.2504657811254738
2,-0.2,1.2607214428857716,0.7806206589830214,0.25076027106584114
2,-0.2,1.2650901803607215,0.7821577316901229,0.2510446792441113
2,-0.2,1.2694589178356714,0.7836926728366448,0.2513189909947217
2,-0.2,1.2738276553106214,0.7852254799081055,0.2515831913265711
2,-0.2,1.278196392785571,0.7867561498849689,0.25183726491910513
2,-0.2,1.282565130260521,0.7882846792378321,0.25208119611836366
2,-0.2,1.286933867735471,0.7898110639224136,0.2523149689329931
2,-0.2,1.2913026052104208,0.7913352993743362,0.2525385670302197
2,-0.2,1.2956713426853708,0.7928573805037015,0.25275197373178615
2,-0.2,1.3000400801603207,0.7943773016894461,0.25295517200985035
2,-0.2,1.3044088176352706,0.7958950567734807,0.2531481444828477
2,-0.2,1.3087775551102205,0.7974106390545989,0.25333087341131677
2,-0.2,1.3131462925851705,0.7989240412821552,0.25350334069368613
2,-0.2,1.3175150300601204,0.8004352556495038,0.25366552786202645
2,-0.2,1.32188376753507,0.8019442737871901,0.2538174160777648
2,-0.2,1.32625250501002,0.8034510867558924,0.2539589861273643
2,-0.2,1.33062124248497,0.8049556850391046,0.2540902184179652
2,-0.2,1.3349899799599199,0.8064580585355481,0.2542110929729974
2,-0.2,1.3393587174348698,0.8079581965513177,0.254321589427749
2,-0.2,1.3437274549098197,0.8094560877917378,0.2544216870249126
2,-0.2,1.3480961923847696,0.8109517203529347,0.25451136461009033
2,-0.2,1.3524649298597196,0.81244508171311,0.25459060062726985
2,-0.2,1.3568336673346695,0.813936158723506,0.2546593731142716
2,-0.2,1.3612024048096192,0.8154249375990575,0.2547176596981655
2,-0.2,1.365571142284569,0.816911403908718,0.2547654375906618
2,-0.2,1.369939879759519,0.818395542565454,0.25480268358346875
2,-0.2,1.374308617234469,0.819877337815892,0.2548293740436384
2,-0.2,1.3786773547094189,0.8213567732296155,0.25484548490887715
2,-0.2,1.3830460921843688,0.8228338316880933,0.25485099168284386
2,-0.2,1.3874148296593187,0.824308495373235,0.254845869430428
2,-0.2,1.3917835671342687,0.8257807457555568,0.2548300927730099
2,-0.2,1.3961523046092186,0.827250563581952,0.2548036358837124
2,-0.2,1.4005210420841683,0.8287179288630449,0.2547664724826398
2,-0.2,1.4048897795591182,0.8301828208601264,0.25471857583211016
2,-0.2,1.4092585170340681,0.8316452180716479,0.2546599187318881
2,-0.2,1.413627254509018,0.8331050982192679,0.2545904735144131
2,-0.2,1.417995991983968,0.8345624382334312,0.25451021204004054
2,-0.2,1.422364729458918,0.8360172142384701,0.25441910569228254
2,-0.2,1.4267334669338678,0.8374694015372107,0.25431712537307266
2,-0.2,1.4311022044088177,0.838918974595067,0.2542042414980468
2,-0.2,1.4354709418837677,0.8403659070236131,0.25408042399184605
2,-0.2,1.4398396793587174,0.841810171563605,0.2539456422834582
2,-0.2,1.4442084168336673,0.843251740067448,0.2537998653015914
2,-0.2,1.4485771543086172,0.8446905834810794,0.2536430614700961
2,-0.2,1.4529458917835671,0.8461266718252578,0.25347519870344043
2,-0.2,1.457314629258517,0.8475599741762313,0.2532962444022449
2,-0.2,1.461683366733467,0.848990458645772,0.2531061654488865
2,-0.2,1.466052104208417,0.8504180923605469,0.25290492820318716
2,-0.2,1.4704208416833668,0.8518428414408152,0.2526924984981843
2,-0.2,1.4747895791583168,0.8532646709784169,0.25246884163600675
2,-0.2,1.4791583166332665,0.85468354501404,0.2522339223838634
2,-0.2,1.4835270541082164,0.8560994265137369,0.2519877049701528
2,-0.2,1.4878957915831663,0.8575122773446648,0.25173015308071334
2,-0.2,1.4922645290581162,0.8589220582500291,0.2514612298552233
2,-0.2,1.4966332665330662,0.860328728823196,0.2511808978837723
2,-0.2,1.501002004008016,0.8617322474809535,0.25088911920361345
2,-0.2,1.505370741482966,0.8631325714358886,0.250585855296118
2,-0.2,1.509739478957916,0.8645296566678506,0.25027106708395036
2,-0.2,1.5141082164328659,0.8659234578944738,0.2499447149284835
2,-0.2,1.5184769539078156,0.8673139285407231,0.24960675862747708
2,-0.2,1.5228456913827655,0.868701020707433,0.2492571574130413
2,-0.2,1.5272144288577154,0.8700846851388073,0.2488958699499039
2,-0.2,1.5315831663326653,0.8714648711888373,0.24852285433402246
2,-0.2,1.5359519038076153,0.8728415267866161,0.24813806809155234
2,-0.2,1.5403206412825652,0.874214598400495,0.24774146817821344
2,-0.2,1.544689378757515,0.875584031001058,0.24733301097907848
2,-0.2,1.549058116232465,0.8769497680228665,0.24691265230882334
2,-0.2,1.553426853707415,0.8783117513249353,0.24648034741247485
2,-0.2,1.5577955911823649,0.8796699211498992,0.24603605096668718
2,-0.2,1.5621643286573146,0.8810242160818231,0.24557971708160445
2,-0.2,1.5665330661322645,0.8823745730026168,0.2451112993033349
2,-0.2,1.5709018036072144,0.8837209270470017,0.2446307506170994
2,-0.2,1.5752705410821644,0.885063211555986,0.24413802345109867
2,-0.2,1.5796392785571143,0.8864013580287987,0.24363306968114645
2,-0.2,1.5840080160320642,0.887735296073234,0.24311584063614108
2,-0.2,1.5883767535070141,0.8890649533543497,0.2425862871044232
2,-0.2,1.592745490981964,0.8903902555414732,0.2420443593410951
2,-0.2,1.597114228456914,0.8917111262534584,0.24149000707636029
2,-0.2,1.6014829659318637,0.8930274870021351,0.24092317952497036
2,-0.2,1.6058517034068136,0.8943392571339028,0.24034382539684793
2,-0.2,1.6102204408817635,0.8956463537694015,0.23975189290898
2,-0.2,1.6145891783567135,0.8969486917412091,0.2391473297986614
2,-0.2,1.6189579158316634,0.8982461835295005,0.23853008333819467
2,-0.2,1.6233266533066133,0.8995387391956133,0.23790010035114095
2,-0.2,1.6276953907815632,0.9008262663134514,0.2372573272302363
2,-0.2,1.6320641282565131,0.9021086698986714,0.23660170995709023
2,-0.2,1.636432865731463,0.9033858523355893,0.23593319412378808
2,-0.2,1.6408016032064128,0.9046577133017375,0.23525172495652488
2,-0.2,1.6451703406813627,0.9059241496900201,0.2345572473414305
2,-0.2,1.6495390781563126,0.9071850555283948,0.23384970585270912
2,-0.2,1.6539078156312625,0.9084403218970265,0.23312904478327542
2,-0.2,1.6582765531062125,0.9096898368428467,0.23239520817804885
2,-0.2,1.6626452905811624,0.9109334852914591,0.2316481398700838
2,-0.2,1.6670140280561123,0.9121711489563379,0.23088778351974165
2,-0.2,1.6713827655310622,0.913402706245255,0.2301140826570903
2,-0.2,1.6757515030060122,0.9146280321638878,0.22932698072776794
2,-0.2,1.6801202404809619,0.9158469982165551,0.22852642114253988
2,-0.2,1.6844889779559118,0.9170594723040353,0.22771234733077872
2,-0.2,1.6888577154308617,0.9182653186184214,0.2268847027981596
2,-0.2,1.6932264529058116,0.9194643975349813,0.22604343118882253
2,-0.2,1.6975951903807616,0.9206565655009905,0.22518847635231448
2,-0.2,1.7019639278557115,0.9218416749215124,0.22431978241561767
2,-0.2,1.7063326653306614,0.9230195740421158,0.22343729386060174
2,-0.2,1.7107014028056113,0.9241901068285241,0.22254095560725257
2,-0.2,1.7150701402805613,0.925353112843201,0.22163071310305343
2,-0.2,1.719438877755511,0.9265084271188969,0.22070651241891384
2,-0.2,1.7238076152304609,0.927655880029188,0.21976830035206882
2,-0.2,1.7281763527054108,0.9287952971560599,0.21881602453638999
2,-0.2,1.7325450901803607,0.92992649915461,0.21784963356058765
2,-0.2,1.7369138276553107,0.9310493016149539,0.21686907709478506
2,-0.2,1.7412825651302606,0.9321635149214594,0.21587430602600569
2,-0.2,1.7456513026052105,0.9332689441094443,0.21486527260311297
2,-0.2,1.7500200400801604,0.934365388719516,0.21384193059179138
2,-0.2,1.7543887775551104,0.9354526426497566,0.2128042354401722
2,-0.2,1.75875751503006,0.9365304940059965,0.21175214445575435
2,-0.2,1.76312625250501,0.9375987249504674,0.21068561699428734
2,-0.2,1.76749498997996,0.9386571115491569,0.20960461466131855
2,-0.2,1.7718637274549098,0.9397054236182584,0.20850910152714636
2,-0.2,1.7762324649298598,0.9407434245701466,0.2073990443559429
2,-0.2,1.7806012024048097,0.9417708712593864,0.2062744128498312
2,-0.2,1.7849699398797596,0.9427875138293401,0.20513517990876973
2,-0.2,1.7893386773547095,0.9437930955600243,0.20398132190707816
2,-0.2,1.7937074148296595,0.9447873527179405,0.20281281898748113
2,-0.2,1.7980761523046092,0.9457700144087012,0.20162965537360714
2,-0.2,1.802444889779559,0.9467408024333684,0.20043181970183097
2,-0.2,1.806813627254509,0.9476994311495319,0.1992193053734276
2,-0.2,1.811182364729459,0.9486456073382691,0.1979921109279823
2,-0.2,1.8155511022044089,0.949579030078258,0.1967502404390206
2,-0.2,1.8199198396793588,0.9504993906284512,0.1954937039328096
2,-0.2,1.8242885771543087,0.951406372320868,0.19422251783129207
2,-0.2,1.8286573146292586,0.9522996504652195,0.19293670542006622
2,-0.2,1.8330260521042085,0.953178892267253,0.19163629734230836
2,-0.2,1.8373947895791582,0.9540437567628879,0.19032133211949384
2,-0.2,1.8417635270541082,0.9548938947704011,0.18899185669968455
2,-0.2,1.846132264529058,0.9557289488631344,0.18764792703410682
2,-0.2,1.850501002004008,0.9565485533654033,0.18628960868259276
2,-0.2,1.854869739478958,0.9573523343745206,0.18491697744837904
2,-0.2,1.8592384769539079,0.9581399098120741,0.18353012004257083
2,-0.2,1.8636072144288578,0.9589108895078479,0.1821291347784093
2,-0.2,1.8679759519038077,0.9596648753200189,0.18071413229525227
2,-0.2,1.8723446893787576,0.9604014612955138,0.1792852363119415
2,-0.2,1.8767134268537076,0.9611202338746577,0.17784258440891082
2,-0.2,1.8810821643286573,0.9618207721444951,0.17638632883805347
2,-0.2,1.8854509018036072,0.9625026481454018,0.17491663735900545
2,-0.2,1.8898196392785571,0.963165427235825,0.17343369410000692
2,-0.2,1.894188376753507,0.9638086685201919,0.17193770044105824
2,-0.2,1.898557114228457,0.9644319253452043,0.17042887591649095
2,-0.2,1.902925851703407,0.9650347458698653,0.16890745913349348
2,-0.2,1.9072945891783568,0.9656166737146789,0.167373708702413
2,-0.2,1.9116633266533067,0.9661772486954897,0.16582790417393883
2,-0.2,1.9160320641282567,0.9667160076473917,0.164270346977473
2,-0.2,1.9204008016032064,0.9672324853440085,0.16270136135409297
2,-0.2,1.9247695390781563,0.9677262155172233,0.16112129527663585
2,-0.2,1.9291382765531062,0.9681967319821045,0.15953052134843196
2,-0.2,1.9335070140280561,0.9686435698712969,0.15792943767122955
2,-0.2,1.937875751503006,0.9690662669825463,0.15631846867180227
2,-0.2,1.942244488977956,0.9694643652422387,0.15469806587570256
2,-0.2,1.946613226452906,0.9698374122868901,0.15306870861557656
2,-0.2,1.9509819639278558,0.9701849631633795,0.15143090466046916
2,-0.2,1.9553507014028058,0.9705065821473764,0.14978519075160684
2,-0.2,1.9597194388777555,0.9708018446778465,0.14813213302929923
2,-0.2,1.9640881763527054,0.9710703394037778,0.1464723273348993
2,-0.2,1.9684569138276553,0.9713116703372633,0.1448063993712185
2,-0.2,1.9728256513026052,0.9715254591049268,0.14313500470449217
2,-0.2,1.9771943887775552,0.9717113472872888,0.14145882859089107
2,-0.2,1.981563126252505,0.971868998833165,0.13977858561088166
2,-0.2,1.985931863727455,0.9719981025335346,0.13809501909529337
2,-0.2,1.990300601202405,0.9720983745366027,0.1364089003280014
2,-0.2,1.9946693386773549,0.9721695608830266,0.13472102751153422
2,-0.2,1.9990380761523046,0.9722114400376018,0.1330322244838557
2,-0.2,2.0034068136272545,0.9722238253911305,0.1313433391769577
2,-0.2,2.0077755511022044,0.972206567703858,0.12965524181079263
2,-0.2,2.0121442885771543,0.9721595574598241,0.12796882281944869
2,-0.2,2.0165130260521043,0.9720827270998637,0.12628499051032976
2,-0.2,2.020881763527054,0.9719760530998693,0.12460466846132308
2,-0.2,2.025250501002004,0.9718395578604235,0.12292879266555484
2,-0.2,2.029619238476954,0.9716733113740845,0.12125830843816159
2,-0.2,2.033987975951904,0.9714774326375649,0.11959416710450547
2,-0.2,2.038356713426854,0.9712520907777706,0.11793732249422309
2,-0.2,2.042725450901804,0.9709975058632963,0.1162887272704045
2,-0.2,2.0470941883767537,0.9707139493763711,0.11464932912769317
2,-0.2,2.0514629258517036,0.9704017443245349,0.11302006689728632
2,-0.2,2.0558316633266536,0.9700612649762614,0.11140186660023552
2,-0.2,2.060200400801603,0.9696929362104153,0.10979563749326089
2,-0.2,2.064569138276553,0.969297232475533,0.1082022681530932
2,-0.2,2.068937875751503,0.9688746763614224,0.106622622646272
2,-0.2,2.073306613226453,0.9684258367922288,0.10505753683111274
2,-0.2,2.0776753507014027,0.9679513268567392,0.1035078148372889
2,-0.2,2.0820440881763527,0.9674518012981138,0.10197422576613042
2,-0.2,2.0864128256513026,0.9669279536911893,0.10045750065132222
2,-0.2,2.0907815631262525,0.9663805133408869,0.09895832971539197
2,-0.2,2.0951503006012024,0.965810241939813,0.09747735995220039
2,-0.2,2.0995190380761524,0.9652179300268564,0.09601519305988196
2,-0.2,2.1038877755511023,0.9646043932912042,0.09457238374237474
2,-0.2,2.108256513026052,0.9639704687678451,0.09314943839117563
2,-0.2,2.112625250501002,0.9633170109710987,0.09174681415227799
2,-0.2,2.116993987975952,0.9626448880121872,0.09036491837679535
2,-0.2,2.121362725450902,0.9619549777453051,0.08900410844753767
2,-0.2,2.125731462925852,0.9612481639841787,0.08766469196808573
2,-0.2,2.130100200400802,0.960525332827883,0.0863469272957935
2,-0.2,2.1344689378757518,0.9597873691307961,0.08505102439571144
2,-0.2,2.1388376753507012,0.9590351531471913,0.08377714598879894
2,-0.2,2.143206412825651,0.9582695573762925,0.08252540896499119
2,-0.2,2.147575150300601,0.9574914436287253,0.08129588602968223
2,-0.2,2.151943887775551,0.9567016603304012,0.08008860755103825
2,-0.2,2.156312625250501,0.9559010400750977,0.07890356357513542
2,-0.2,2.160681362725451,0.9550903974323808,0.07774070597619269
2,-0.2,2.165050100200401,0.9542705270132967,0.0765999507100938
2,-0.2,2.1694188376753507,0.953442201792352,0.07548118014079924
2,-0.2,2.1737875751503006,0.9526061716808834,0.07438424541111308
2,-0.2,2.1781563126252506,0.9517631623439295,0.0733089688314428
2,-0.2,2.1825250501002005,0.950913874250244,0.0722551462626197
2,-0.2,2.1868937875751504,0.9500589819430717,0.07122254947141095
2,-0.2,2.1912625250501003,0.949199133517758,0.07021092843999432
2,-0.2,2.1956312625250503,0.9483349502911493,0.0692200136133039
2,-0.2,2.2,0.9474670266470219,0.06824951807073962
3,-0.4,0.02,0.282579475992276,-0.4249046147823602
3,-0.4,0.0243687374749499,0.28643788534012987,-0.4200767041003126
3,-0.4,0.0287374749498998,0.2902616516394557,-0.4152814175689554
3,-0.4,0.0331062124248497,0.2940511532353156,-0.410518441973704
3,-0.4,0.0374749498997996,0.29780676599540196,-0.4057874682048932
3,-0.4,0.0418436873747495,0.3015288632954731,-0.401088191240635
3,-0.4,0.046212424849699396,0.30521781600432957,-0.3964203101284195
3,-0.4,0.0505811623246493,0.3088739924684128,-0.39178352796543525
3,-0.4,0.0549498997995992,0.3124977584960915,-0.3871775518776218
3,-0.4,0.0593186372745491,0.3160894773417267,-0.3826020929974387
3,-0.4,0.063687374749499,0.319649509689567,-0.3780568664403653
3,-0.4,0.0680561122244489,0.3231782136375715,-0.3735415912801323
3,-0.4,0.0724248496993988,0.3266759446812171,-0.36905599052270277
3,-0.4,0.0767935871743487,0.330143055697371,-0.3645997910790091
3,-0.4,0.0811623246492986,0.33357989692828643,-0.3601727237364814
3,-0.4,0.0855310621242485,0.3369868159658062,-0.3557745231293742
3,-0.4,0.0898997995991984,0.3403641577358226,-0.3514049277079331
3,-0.4,0.0942685370741483,0.34371226448306363,-0.3470636797064221
3,-0.4,0.0986372745490982,0.34703147575627363,-0.3427505251100491
3,-0.4,0.1030060120240481,0.35032212839383087,-0.3384652136208314
3,-0.4,0.107374749498998,0.353584556509869,-0.33420749862242954
3,-0.4,0.1117434869739479,0.35681909148094615,-0.32997713714400506
3,-0.4,0.11611222444889781,0.36002606193331893,-0.3257738898231349
3,-0.4,0.1204809619238477,0.36320579373085976,-0.3215975208678355
3,-0.4,0.1248496993987976,0.3663586099636585,-0.31744779801774436
3,-0.4,0.12921843687374748,0.3694848309373559,-0.31332449250450484
3,-0.4,0.13358717434869738,0.37258477416323244,-0.3092273790114093
3,-0.4,0.1379559118236473,0.3756587543490961,-0.30515623563235195
3,-0.4,0.1423246492985972,0.3787070833909861,-0.3011108438301405
3,-0.4,0.1466933867735471,0.3817300703657309,-0.2970909883942253
3,-0.4,0.151062124248497,0.3847280215243657,-0.29309645739789475
3,-0.4,0.1554308617234469,0.38770124028643943,-0.28912704215499485
3,-0.4,0.15979959919839679,0.3906500272352317,-0.28518253717622166
3,-0.4,0.16416833667334668,0.39357468011387015,-0.28126274012504804
3,-0.4,0.16853707414829658,0.3964754938223788,-0.2773674517733255
3,-0.4,0.17290581162324647,0.3993527604156554,-0.2734964759566274
3,-0.4,0.17727454909819637,0.4022067691023745,-0.2696496195293723
3,-0.4,0.1816432865731463,0.40503780624483066,-0.26582669231978484
3,-0.4,0.1860120240480962,0.40784615535970303,-0.2620275070847469
3,-0.4,0.1903807615230461,0.41063209711974874,-0.2582518794645731
3,-0.4,0.19474949899799598,0.41339590935641635,-0.25449962793777475
3,-0.4,0.19911823647294588,0.4161378670633651,-0.2507705737758446
3,-0.4,0.20348697394789578,0.4188582424008799,-0.2470645409981155
3,-0.4,0.20785571142284567,0.4215573047011735,-0.24338135632672442
3,-0.4,0.2122244488977956,0.42423532047455487,-0.2397208491417352
3,-0.4,0.2165931863727455,0.42689255341645144,-0.23608285143644753
3,-0.4,0.2209619238476954,0.42952926441526207,-0.2324671977729354
3,-0.4,0.2253306613226453,0.43214571156103276,-0.22887372523785166
3,-0.4,0.22969939879759518,0.4347421501549111,-0.22530227339852246
3,-0.4,0.23406813627254508,0.4373188327193883,-0.22175268425937894
3,-0.4,0.23843687374749498,0.43987600900928,-0.21822480221873858
3,-0.4,0.24280561122244487,0.4424139260234362,-0.2147184740259773
3,-0.4,0.24717434869739477,0.44493282801715067,-0.21123354873911507
3,-0.4,0.2515430861723447,0.44743295651524784,-0.20776987768283256
3,-0.4,0.2559118236472946,0.4499145503258198,-0.20432731440695173
3,-0.4,0.2602805611222445,0.45237784555458654,-0.20090571464539594
3,-0.4,0.2646492985971944,0.4548230756198573,-0.19750493627564528
3,-0.4,0.2690180360721443,0.45725047126806456,-0.19412483927871288
3,-0.4,0.27338677354709423,0.45966026058984216,-0.19076528569965168
3,-0.4,0.2777555110220441,0.46205266903662295,-0.1874261396086084
3,-0.4,0.282124248496994,0.46442791943773487,-0.18410726706243485
3,-0.4,0.2864929859719439,0.4667862320179578,-0.18080853606687353
3,-0.4,0.2908617234468938,0.46912782441552703,-0.1775298165393204
3,-0.4,0.2952304609218437,0.4714529117005494,-0.17427098027217797
3,-0.4,0.2995991983967936,0.4737617063938119,-0.1710319008968047
3,-0.4,0.30396793587174353,0.476054418485956,-0.1678124538480656
3,-0.4,0.3083366733466934,0.47833125545698885,-0.16461251632949056
3,-0.4,0.3127054108216433,0.48059242229611754,-0.1614319672790422
3,-0.4,0.3170741482965932,0.48283812152187106,-0.15827068733549665
3,-0.4,0.3214428857715431,0.48506855320249487,-0.15512855880543935
3,-0.4,0.325811623246493,0.48728391497659446,-0.1520054656308751
3,-0.4,0.3301803607214429,0.4894844020739987,-0.14890129335745209
3,-0.4,0.3345490981963928,0.4916702073368336,-0.14581592910330088
3,-0.4,0.3389178356713427,0.4938415212407769,-0.1427492615284828
3,-0.4,0.34328657314629263,0.49599853191647353,-0.139701180805048
3,-0.4,0.3476553106212425,0.4981414251711001,-0.13667157858769868
3,-0.4,0.3520240480961924,0.5002703845100489,-0.13366034798505227
3,-0.4,0.3563927855711423,0.5023855911587184,-0.13066738353150045
3,-0.4,0.3607615230460922,0.5044872240843992,-0.12769258115966295
3,-0.4,0.3651302605210421,0.5065754600182224,-0.12473583817342009
3,-0.4,0.369498997995992,0.5086504734771743,-0.12179705322153175
3,-0.4,0.37386773547094193,0.5107124367861388,-0.1188761262718216
3,-0.4,0.3782364729458918,0.512761520099976,-0.11597295858593334
3,-0.4,0.3826052104208417,0.5147978914256057,-0.11308745269464107
3,-0.4,0.3869739478957916,0.5168217166440873,-0.1102195123737089
3,-0.4,0.3913426853707415,0.518833159532686,-0.10736904262029796
3,-0.4,0.3957114228456914,0.5208323817869102,-0.10453594962990409
3,-0.4,0.4000801603206413,0.5228195430425038,-0.10172014077382224
3,-0.4,0.40444889779559123,0.5247948008973917,-0.09892152457712755
3,-0.4,0.4088176352705411,0.5267583109335593,-0.09614001069716767
3,-0.4,0.413186372745491,0.5287102267388576,-0.09337550990255145
3,-0.4,0.4175551102204409,0.5306506999287308,-0.09062793405263268
3,-0.4,0.4219238476953908,0.5325798801678432,-0.08789719607747047
3,-0.4,0.4262925851703407,0.5344979151916133,-0.0851832099582683
3,-0.4,0.4306613226452906,0.5364049508276335,-0.08248589070827185
3,-0.4,0.4350300601202405,0.5383011310169753,-0.07980515435412427
3,-0.4,0.4393987975951904,0.5401865978353693,-0.07714091791766538
3,-0.4,0.44376753507014033,0.5420614915142564,-0.07449309939816844
3,-0.4,0.4481362725450902,0.5439259504616972,-0.07186161775500242
3,-0.4,0.4525050100200401,0.5457801112831449,-0.06924639289071421
3,-0.4,0.45687374749499,0.5476241088020615,-0.06664734563451845
3,-0.4,0.4612424849699399,0.549458076080387,-0.06406439772618663
3,-0.4,0.4656112224448898,0.5512821444388462,-0.06149747180033024
3,-0.4,0.4699799599198397,0.553096443477092,-0.05894649137106516
3,-0.4,0.4743486973947896,0.5549011010936844,-0.05641138081704695
3,-0.4,0.4787174348697395,0.5566962435058929,-0.053892065366875234
3,-0.4,0.4830861723446894,0.5584819952693313,-0.0513884710848522
3,-0.4,0.4874549098196393,0.5602584792974094,-0.04890052485709041
3,-0.4,0.4918236472945892,0.5620258168806074,-0.04642815437795951
3,-0.4,0.4961923847695391,0.5637841277055631,-0.043971288136864475
3,-0.4,0.500561122244489,0.5655335298739799,-0.04152985540535024
3,-0.4,0.5049298597194388,0.5672741399213406,-0.0391037862245173
3,-0.4,0.5092985971943887,0.5690060728354365,-0.03669301139275029
3,-0.4,0.5136673346693387,0.5707294420747028,-0.03429746245374301
3,-0.4,0.5180360721442886,0.572444359586364,-0.031917071684819005
3,-0.4,0.5224048096192385,0.5741509358243823,-0.0295517720855363
3,-0.4,0.5267735470941884,0.5758492797672161,-0.027201497366570793
3,-0.4,0.5311422845691383,0.5775394989353773,-0.024866181938870194
3,-0.4,0.5355110220440882,0.5792216994087986,-0.022545760903074013
3,-0.4,0.5398797595190381,0.5808959858440002,-0.02024017003918896
3,-0.4,0.544248496993988,0.5825624614910607,-0.01794934579651753
3,-0.4,0.548617234468938,0.584221228210392,-0.01567322528382783
3,-0.4,0.5529859719438878,0.5858723864893159,-0.013411746259764995
3,-0.4,0.5573547094188377,0.5875160354584447,-0.011164847123491018
3,-0.4,0.5617234468937876,0.5891522729078656,-0.008932466905553585
3,-0.4,0.5660921843687375,0.590781195303126,-0.006714545258971191
3,-0.4,0.5704609218436874,0.5924028978010281,-0.004511022450537248
3,-0.4,0.5748296593186373,0.5940174742652218,-0.002321839352324325
3,-0.4,0.5791983967935872,0.5956250172816093,-0.0001469374334018017
3,-0.4,0.5835671342685371,0.5972256181735514,0.002013741248258645
3,-0.4,0.587935871743487,0.598819367016882,0.004160254053679437
3,-0.4,0.5923046092184369,0.6004063526547304,0.006292657770589722
3,-0.4,0.5966733466933868,0.601986662712155,0.008411008620953038
3,-0.4,0.6010420841683367,0.6035603836105811,0.010515362268320779
3,-0.4,0.6054108216432866,0.6051276005820554,0.012605773825012087
3,-0.4,0.6097795591182364,0.60668839768331,0.014682297859124432
3,-0.4,0.6141482965931864,0.6082428578096397,0.016744988401384196
3,-0.4,0.6185170340681363,0.6097910627085936,0.01879389895183611
3,-0.4,0.6228857715430862,0.611333092993485,0.020829082486377597
3,-0.4,0.6272545090180361,0.6128690281567163,0.022850591463145317
3,-0.4,0.631623246492986,0.6143989465829222,0.02485847782875319
3,-0.4,0.6359919839679359,0.6159229255619347,0.02685279302438875
3,-0.4,0.6403607214428858,0.6174410413015698,0.028833587991770503
3,-0.4,0.6447294589178357,0.6189533689402346,0.03080091317897203
3,-0.4,0.6490981963927855,0.6204599825593616,0.03275481854611274
3,-0.4,0.6534669338677355,0.621960955195668,0.03469535357092332
3,-0.4,0.6578356713426854,0.6234563588532421,0.036622567254184585
3,-0.4,0.6622044088176353,0.6249462645154598,0.038536508125048
3,-0.4,0.6665731462925852,0.6264307421567316,0.040437224246236324
3,-0.4,0.670941883767535,0.6279098607540807,0.042324763219131985
3,-0.4,0.675310621242485,0.629383688298556,0.044199172188753626
3,-0.4,0.6796793587174349,0.6308522918064817,0.046060497848622484
3,-0.4,0.6840480961923848,0.6323157373305404,0.04790878644552664
3,-0.4,0.6884168336673347,0.6337740899706982,0.049744083784179834
3,-0.4,0.6927855711422846,0.6352274138849697,0.0515664352317828
3,-0.4,0.6971543086172345,0.6366757723000228,0.053375885722486305
3,-0.4,0.7015230460921844,0.6381192275216279,0.05517247976175967
3,-0.4,0.7058917835671343,0.639557840944954,0.05695626143066791
3,-0.4,0.7102605210420841,0.6409916730647082,0.0587272743900596
3,-0.4,0.7146292585170341,0.6424207834851264,0.060485561884666895
3,-0.4,0.718997995991984,0.6438452309298105,0.062231166747121924
3,-0.4,0.7233667334669339,0.6452650732514214,0.06396413140188927
3,-0.4,0.7277354709418838,0.6466803674412201,0.06568449786912024
3,-0.4,0.7321042084168337,0.6480911696384679,0.06739230776842685
3,-0.4,0.7364729458917836,0.649497535139677,0.06908760232258244
3,-0.4,0.7408416833667335,0.6508995184077259,0.07077042236114481
3,-0.4,0.7452104208416834,0.6522971730808255,0.07244080832401142
3,-0.4,0.7495791583166332,0.6536905519813544,0.07409880026490147
3,-0.4,0.7539478957915832,0.6550797071245484,0.07574443785477106
3,-0.4,0.7583166332665331,0.6564646897270586,0.07737776038516206
3,-0.4,0.762685370741483,0.6578455502153728,0.07899880677148563
3,-0.4,0.7670541082164329,0.6592223382341027,0.08060761555624388
3,-0.4,0.7714228456913828,0.6605951026541397,0.08220422491219007
3,-0.4,0.7757915831663327,0.6619638915806799,0.08378867264542783
3,-0.4,0.7801603206412826,0.6633287523611194,0.08536099619845558
3,-0.4,0.7845290581162325,0.6646897315928212,0.08692123265315052
3,-0.4,0.7888977955911824,0.666046875130757,0.08846941873370147
3,-0.4,0.7932665330661323,0.6674002280950204,0.09000559080948488
3,-0.4,0.7976352705410822,0.66874983487822,0.09152978489789287
3,-0.4,0.8020040080160321,0.6700957391527474,0.09304203666710532
3,-0.4,0.806372745490982,0.6714379838779236,0.09454238143881868
3,-0.4,0.8107414829659318,0.6727766113070258,0.09603085419092122
3,-0.4,0.8151102204408818,0.674111662994196,0.097507489560126
3,-0.4,0.8194789579158317,0.6754431798012295,0.09897232184455662
3,-0.4,0.8238476953907816,0.6767712019042497,0.10042538500628764
3,-0.4,0.8282164328657315,0.6780957688002647,0.10186671267384484
3,-0.4,0.8325851703406814,0.6794169193136119,0.10329633814466162
3,-0.4,0.8369539078156313,0.6807346916022882,0.10471429438749459
3,-0.4,0.8413226452905812,0.682049123164168,0.1061206140448018
3,-0.4,0.8456913827655311,0.6833602508431112,0.10751532943508026
3,-0.4,0.8500601202404809,0.6846681108349606,0.10889847255516637
3,-0.4,0.8544288577154309,0.6859727386934311,0.11027007508250329
3,-0.4,0.8587975951903808,0.6872741693358903,0.11163016837736701
3,-0.4,0.8631663326653307,0.6885724370490318,0.11297878348506397
3,-0.4,0.8675350701402806,0.6898675754944464,0.11431595113809162
3,-0.4,0.8719038076152305,0.6911596177140819,0.11564170175826913
3,-0.4,0.8762725450901804,0.692448596135606,0.11695606545883458
3,-0.4,0.8806412825651303,0.6937345425776609,0.11825907204651301
3,-0.4,0.8850100200400802,0.6950174882550189,0.11955075102355428
3,-0.4,0.88937875751503,0.696297463783635,0.12083113158974378
3,-0.4,0.89374749498998,0.6975744991856014,0.1221002426443822
3,-0.4,0.8981162324649299,0.6988486238939985,0.12335811278824206
3,-0.4,0.9024849699398798,0.7001198667576517,0.12460477032549534
3,-0.4,0.9068537074148297,0.7013882560457884,0.12584024326561716
3,-0.4,0.9112224448897795,0.7026538194525962,0.12706455932526514
3,-0.4,0.9155911823647295,0.703916584101688,0.1282777459301347
3,-0.4,0.9199599198396794,0.7051765765504684,0.12947983021679124
3,-0.4,0.9243286573146293,0.7064338227944079,0.1306708390344822
3,-0.4,0.9286973947895791,0.7076883482712205,0.1318507989469238
3,-0.4,0.9330661322645291,0.708940177864949,0.13301973623407368
3,-0.4,0.937434869739479,0.7101893359099574,0.1341776768938763
3,-0.4,0.9418036072144289,0.7114358461948309,0.1353246466439965
3,-0.4,0.9461723446893788,0.7126797319661835,0.1364606709235297
3,-0.4,0.9505410821643286,0.713921015932376,0.1375857748946976
3,-0.4,0.9549098196392786,0.7151597202671411,0.13869998344452603
3,-0.4,0.9592785571142285,0.7163958666131226,0.13980332118650654
3,-0.4,0.9636472945891784,0.71762947608532,0.14089581246224483
3,-0.4,0.9680160320641283,0.7188605692744483,0.14197748134309138
3,-0.4,0.9723847695390782,0.7200891662502069,0.14304835163176097
3,-0.4,0.9767535070140281,0.721315286564464,0.14410844686393903
3,-0.4,0.981122244488978,0.7225389492543473,0.14515779030987383
3,-0.4,0.9854909819639279,0.7237601728452541,0.14619640497595912
3,-0.4,0.9898597194388777,0.7249789753537706,0.14722431360630506
3,-0.4,0.9942284569138277,0.7261953742905067,0.1482415386842987
3,-0.4,0.9985971943887776,0.7274093866628456,0.14924810243415584
3,-0.4,1.0029659318637274,0.7286210289776046,0.1502440268224634
3,-0.4,1.0073346693386773,0.729830317243614,0.1512293335597155
3,-0.4,1.0117034068136272,0.7310372669742106,0.1522040441018399
3,-0.4,1.0160721442885772,0.732241893189644,0.1531681796517198
3,-0.4,1.020440881763527,0.733444210419402,0.15412176116071036
3,-0.4,1.024809619238477,0.7346442327044507,0.15506480933014785
3,-0.4,1.029178356713427,0.7358419735993886,0.1559973446128586
3,-0.4,1.0335470941883769,0.7370374461745212,0.15691938721465842
3,-0.4,1.0379158316633268,0.7382306630178477,0.1578309570958577
3,-0.4,1.0422845691382765,0.739421636236969,0.15873207397275693
3,-0.4,1.0466533066132264,0.7406103774609084,0.15962275731914582
3,-0.4,1.0510220440881763,0.7417968978418523,0.16050302636780028
3,-0.4,1.0553907815631263,0.7429812080568079,0.1613729001119809
3,-0.4,1.0597595190380762,0.7441633183091753,0.16223239730693254
3,-0.4,1.0641282565130261,0.7453432383302416,0.16308153647138546
3,-0.4,1.068496993987976,0.7465209773805881,0.1639203358890614
3,-0.4,1.072865731462926,0.7476965442514193,0.16474881361018134
3,-0.4,1.0772344689378759,0.7488699472658048,0.16556698745297982
3,-0.4,1.0816032064128256,0.7500411942798431,0.166374875005225
3,-0.4,1.0859719438877755,0.7512102926837402,0.16717249362574416
3,-0.4,1.0903406813627254,0.7523772494028078,0.16795986044595743
3,-0.4,1.0947094188376754,0.7535420708983777,0.16873699237142212
3,-0.4,1.0990781563126253,0.7547047631686331,0.1695039060833821
3,-0.4,1.1034468937875752,0.7558653317493602,0.17026061804033288
3,-0.4,1.1078156312625251,0.757023781714615,0.17100714447959386
3,-0.4,1.112184368737475,0.7581801176773073,0.17174350141889702
3,-0.4,1.116553106212425,0.7593343437897035,0.17246970465798542
3,-0.4,1.1209218436873747,0.7604864637438443,0.17318576978023056
3,-0.4,1.1252905811623246,0.7616364807718821,0.17389171215426155
3,-0.4,1.1296593186372745,0.7627843976463325,0.17458754693561498
3,-0.4,1.1340280561122245,0.7639302166802446,0.17527328906839992
3,-0.4,1.1383967935871744,0.7650739397272869,0.17594895328698384
3,-0.4,1.1427655310621243,0.7662155681817481,0.17661455411769975
3,-0.4,1.1471342685370742,0.7673551029784572,0.17727010588057374
3,-0.4,1.1515030060120242,0.7684925445926158,0.17791562269107578
3,-0.4,1.155871743486974,0.7696278930395494,0.17855111846189714
3,-0.4,1.1602404809619238,0.7707611478743716,0.17917660690474918
3,-0.4,1.1646092184368737,0.7718923081915636,0.17979210153219494
3,-0.4,1.1689779559118236,0.7730213726244709,0.18039761565950563
3,-0.4,1.1733466933867736,0.7741483393447114,0.18099316240654684
3,-0.4,1.1777154308617235,0.7752732060615003,0.18157875469969914
3,-0.4,1.1820841683366734,0.7763959700208872,0.18215440527381085
3,-0.4,1.1864529058116233,0.7775166280049088,0.18272012667418283
3,-0.4,1.1908216432865733,0.7786351763306514,0.1832759312585948
3,-0.4,1.1951903807615232,0.7797516108492323,0.1838218311993648
3,-0.4,1.1995591182364729,0.7808659269446871,0.18435783848545106
3,-0.4,1.2039278557114228,0.7819781195327752,0.1848839649245962
3,-0.4,1.2082965931863727,0.783088183059694,0.1854002221455111
3,-0.4,1.2126653306613226,0.7841961115007051,0.18590662160010935
3,-0.4,1.2170340681362726,0.7853018983586729,0.18640317456578528
3,-0.4,1.2214028056112225,0.7864055366625144,0.18688989214774013
3,-0.4,1.2257715430861724,0.7875070189655575,0.18736678528136438
3,-0.4,1.2301402805611223,0.7886063373438122,0.18783386473467037
3,-0.4,1.2345090180360723,0.7897034833941498,0.188291141110779
3,-0.4,1.238877755511022,0.7907984482323928,0.18873862485046716
3,-0.4,1.243246492985972,0.7918912224913142,0.1891763262347742
3,-0.4,1.2476152304609218,0.7929817963185435,0.18960425538767203
3,-0.4,1.2519839679358717,0.7940701593743846,0.19002242227879598
3,-0.4,1.2563527054108217,0.7951563008295401,0.19043083672624872
3,-0.4,1.2607214428857716,0.7962402093627424,0.1908295083994715
3,-0.4,1.2650901803607215,0.7973218731582943,0.19121844682218855
3,-0.4,1.2694589178356714,0.798401279903517,0.19159766137542408
3,-0.4,1.2738276553106214,0.7994784167861033,0.1919671613006033
3,-0.4,1.278196392785571,0.8005532704913803,0.19232695570273028
3,-0.4,1.282565130260521,0.801625827199475,0.19267705355365133
3,-0.4,1.286933867735471,0.8026960725823888,0.19301746369540548
3,-0.4,1.2913026052104208,0.8037639918009796,0.1933481948436651
3,-0.4,1.2956713426853708,0.8048295695018445,0.19366925559127168
3,-0.4,1.3000400801603207,0.805892789814114,0.1939806544118673
3,-0.4,1.3044088176352706,0.8069536363461486,0.194282399663627
3,-0.4,1.3087775551102205,0.8080120921821426,0.19457449959309447
3,-0.4,1.3131462925851705,0.8090681398786317,0.1948569623391279
3,-0.4,1.3175150300601204,0.8101217614609092,0.1951297959369543
3,-0.4,1.32188376753507,0.811172938419343,0.19539300832234277
3,-0.4,1.32625250501002,0.8122216517056052,0.19564660733589365
3,-0.4,1.33062124248497,0.8132678817288009,0.1958906007274537
3,-0.4,1.3349899799599199,0.8143116083515068,0.19612499616065854
3,-0.4,1.3393587174348698,0.8153528108857164,0.19634980121760687
3,-0.4,1.3437274549098197,0.8163914680886902,0.19656502340367119
3,-0.4,1.3480961923847696,0.8174275581587125,0.19677067015245034
3,-0.4,1.3524649298597196,0.8184610587307606,0.19696674883086973
3,-0.4,1.3568336673346695,0.8194919468720762,0.19715326674442848
3,-0.4,1.3612024048096192,0.8205201990776486,0.1973302311426042
3,-0.4,1.365571142284569,0.821545791265608,0.19749764922442345
3,-0.4,1.369939879759519,0.8225686987725283,0.1976555281441894
3,-0.4,1.374308617234469,0.8235888963486411,0.19780387501738997
3,-0.4,1.3786773547094189,0.8246063581529637,0.197942696926778
3,-0.4,1.3830460921843688,0.8256210577483383,0.19807200092863886
3,-0.4,1.3874148296593187,0.8266329680963895,0.19819179405924134
3,-0.4,1.3917835671342687,0.827642061552394,0.19830208334148938
3,-0.4,1.3961523046092186,0.8286483098600731,0.19840287579177324
3,-0.4,1.4005210420841683,0.8296516841463013,0.19849417842702635
3,-0.4,1.4048897795591182,0.8306521549157383,0.1985759982720003
3,-0.4,1.4092585170340681,0.8316496920453845,0.19864834236675533
3,-0.4,1.413627254509018,0.8326442647790615,0.19871121777438658
3,-0.4,1.417995991983968,0.8336358417218237,0.19876463158897723
3,-0.4,1.422364729458918,0.8346243908342972,0.19880859094380007
3,-0.4,1.4267334669338678,0.8356098794269559,0.1988431030197636
3,-0.4,1.4311022044088177,0.8365922741543341,0.19886817505411997
3,-0.4,1.4354709418837677,0.8375715410091772,0.19888381434943492
3,-0.4,1.4398396793587174,0.8385476453165394,0.19889002828283192
3,-0.4,1.4442084168336673,0.8395205517278268,0.19888682431551663
3,-0.4,1.4485771543086172,0.8404902242147938,0.19887421000259023
3,-0.4,1.4529458917835671,0.8414566260634964,0.1988521930031642
3,-0.4,1.457314629258517,0.8424197198682032,0.19882078109077536
3,-0.4,1.461683366733467,0.8433794675252763,0.19877998216412476
3,-0.4,1.466052104208417,0.8443358302270223,0.19872980425813103
3,-0.4,1.4704208416833668,0.8452887684555193,0.19867025555532614
3,-0.4,1.4747895791583168,0.8462382419764282,0.19860134439758986
3,-0.4,1.4791583166332665,0.847184209832794,0.19852307929823784
3,-0.4,1.4835270541082164,0.8481266303388436,0.1984354689544709
3,-0.4,1.4878957915831663,0.8490654610737866,0.19833852226019888
3,-0.4,1.4922645290581162,0.8500006588756295,0.1982322483192473
3,-0.4,1.4966332665330662,0.8509321798350095,0.19811665645894985
3,-0.4,1.501002004008016,0.851859979289056,0.19799175624415533
3,-0.4,1.505370741482966,0.8527840118152923,0.1978575574916352
3,-0.4,1.509739478957916,0.8537042312255836,0.1977140702849272
3,-0.4,1.5141082164328659,0.8546205905601444,0.19756130498960467
3,-0.4,1.5184769539078156,0.8555330420816152,0.19739927226899465
3,-0.4,1.5228456913827655,0.8564415372692202,0.19722798310035639
3,-0.4,1.5272144288577154,0.8573460268130184,0.1970474487915206
3,-0.4,1.5315831663326653,0.8582464606082596,0.19685768099801212
3,-0.4,1.5359519038076153,0.8591427877498642,0.19665869174066156
3,-0.4,1.5403206412825652,0.8600349565270319,0.1964504934237172
3,-0.4,1.544689378757515,0.8609229144180044,0.19623309885347143
3,-0.4,1.549058116232465,0.8618066080849923,0.1960065212574066
3,-0.4,1.553426853707415,0.8626859833692818,0.19577077430388157
3,-0.4,1.5577955911823649,0.8635609852865449,0.19552587212235822
3,-0.4,1.5621643286573146,0.8644315580223647,0.19527182932418585
3,-0.4,1.5665330661322645,0.8652976449280014,0.1950086610239587
3,-0.4,1.5709018036072144,0.8661591885164125,0.19473638286144634
3,-0.4,1.5752705410821644,0.8670161304585561,0.19445501102411128
3,-0.4,1.5796392785571143,0.8678684115799943,0.19416456227023485
3,-0.4,1.5840080160320642,0.8687159718578217,0.1938650539526427
3,-0.4,1.5883767535070141,0.8695587504179438,0.19355650404305572
3,-0.4,1.592745490981964,0.8703966855327304,0.19323893115706672
3,-0.4,1.597114228456914,0.8712297146190731,0.19291235457975567
3,-0.4,1.6014829659318637,0.8720577742368679,0.1925767942919498
3,-0.4,1.6058517034068136,0.8728808000879642,0.19223227099713905
3,-0.4,1.6102204408817635,0.8736987270155953,0.19187880614905212
3,-0.4,1.6145891783567135,0.8745114890043376,0.19151642197990001
3,-0.4,1.6189579158316634,0.8753190191806177,0.1911451415292954
3,-0.4,1.6233266533066133,0.8761212498138126,0.19076498867384856
3,-0.4,1.6276953907815632,0.8769181123179706,0.1903759881574487
3,-0.4,1.6320641282565131,0.8777095372541965,0.18997816562223108
3,-0.4,1.636432865731463,0.878495454333733,0.18957154764023423
3,-0.4,1.6408016032064128,0.8792757924217843,0.18915616174574626
3,-0.4,1.6451703406813627,0.8800504795421183,0.18873203646834222
3,-0.4,1.6495390781563126,0.8808194428824924,0.18829920136660572
3,-0.4,1.6539078156312625,0.881582608800947,0.18785768706254474
3,-0.4,1.6582765531062125,0.8823399028330123,0.18740752527667986
3,-0.4,1.6626452905811624,0.8830912496998733,0.18694874886380905
3,-0.4,1.6670140280561123,0.8838365733175443,0.18648139184944335
3,-0.4,1.6713827655310622,0.8845757968071007,0.18600548946689408
3,-0.4,1.6757515030060122,0.8853088425060208,0.1855210781950035
3,-0.4,1.6801202404809619,0.8860356319806882,0.18502819579651184
3,-0.4,1.6844889779559118,0.8867560860401105,0.1845268813570298
3,-0.4,1.6888577154308617,0.8874701247509086,0.18401717532460818
3,-0.4,1.6932264529058116,0.8881776674536336,0.18349911954988024
3,-0.4,1.6975951903807616,0.8888786327804656,0.1829727573267463
3,-0.4,1.7019639278557115,0.8895729386743613,0.18243813343358162
3,-0.4,1.7063326653306614,0.8902605024096973,0.18189529417492814
3,-0.4,1.7107014028056113,0.8909412406144817,0.18134428742364087
3,-0.4,1.7150701402805613,0.8916150692941877,0.1807851626634501
3,-0.4,1.719438877755511,0.892281903857275,0.180217971031894
3,-0.4,1.7238076152304609,0.8929416591424577,0.17964276536357765
3,-0.4,1.7281763527054108,0.8935942494477838,0.17905960023371736
3,-0.4,1.7325450901803607,0.8942395885615918,0.17846853200189422
3,-0.4,1.7369138276553107,0.894877589795398,0.17786961885598987
3,-0.4,1.7412825651302606,0.8955081660187887,0.17726292085620812
3,-0.4,1.7456513026052105,0.8961312296963715,0.17664849997914078
3,-0.4,1.7500200400801604,0.896746692926848,0.17602642016179115
3,-0.4,1.7543887775551104,0.8973544674842714,0.17539674734547822
3,-0.4,1.75875751503006,0.8979544648615443,0.17475954951954542
3,-0.4,1.76312625250501,0.8985465963162163,0.17411489676477632
3,-0.4,1.76749498997996,0.899130772918636,0.17346286129642755
3,-0.4,1.7718637274549098,0.89970690560251,0.17280351750678324
3,-0.4,1.7762324649298598,0.9002749052179202,0.17213694200711463
3,-0.4,1.7806012024048097,0.9008346825868443,0.17146321366894252
3,-0.4,1.7849699398797596,0.9013861485612283,0.17078241366448357
3,-0.4,1.7893386773547095,0.9019292140836437,0.17009462550615387
3,-0.4,1.7937074148296595,0.9024637902505678,0.1693999350850008
3,-0.4,1.7980761523046092,0.9029897883783216,0.16869843070793938
3,-0.4,1.802444889779559,0.9035071200716795,0.16799020313362362
3,-0.4,1.806813627254509,0.9040156972951813,0.16727534560684848
3,-0.4,1.811182364729459,0.9045154324471475,0.1665539538912856
3,-0.4,1.8155511022044089,0.9050062384364133,0.16582612630043012
3,-0.4,1.8199198396793588,0.9054880287617683,0.16509196372657256
3,-0.4,1.8242885771543087,0.9059607175940987,0.1643515696676389
3,-0.4,1.8286573146292586,0.9064242198612051,0.16360505025172312
3,-0.4,1.8330260521042085,0.906878451335277,0.16285251425913314
3,-0.4,1.8373947895791582,0.9073233287229656,0.16209407314177107
3,-0.4,1.8417635270541082,0.9077587697580263,0.16132984103966191
3,-0.4,1.846132264529058,0.9081846932964516,0.1605599347944408
3,-0.4,1.850501002004008,0.9086010194140305,0.15978447395961637
3,-0.4,1.854869739478958,0.909007669506243,0.15900358080740848
3,-0.4,1.8592384769539079,0.909404566390394,0.15821738033197247
3,-0.4,1.8636072144288578,0.9097916344098702,0.1574260002488196
3,-0.4,1.8679759519038077,0.9101687995403968,0.1566295709902361
3,-0.4,1.8723446893787576,0.9105359894981514,0.15582822569651508
3,-0.4,1.8767134268537076,0.9108931338495778,0.15502210020280838
3,-0.4,1.8810821643286573,0.9112401641227315,0.1542113330214176
3,-0.4,1.8854509018036072,0.9115770139199694,0.15339606531934732
3,-0.4,1.8898196392785571,0.9119036190317803,0.15257644089093922
3,-0.4,1.894188376753507,0.9122199175515453,0.15175260612542382
3,-0.4,1.898557114228457,0.9125258499909856,0.15092470996923996
3,-0.4,1.902925851703407,0.9128213593960612,0.15009290388296123
3,-0.4,1.9072945891783568,0.9131063914630468,0.1492573417926967
3,-0.4,1.9116633266533067,0.9133808946545147,0.14841818003584606
3,-0.4,1.9160320641282567,0.9136448203149288,0.14757557730109466
3,-0.4,1.9204008016032064,0.9138981227855443,0.14672969456255008
3,-0.4,1.9247695390781563,0.9141407595182943,0.14588069500794656
3,-0.4,1.9291382765531062,0.9143726911883324,0.14502874396085352
3,-0.4,1.9335070140280561,0.9145938818048874,0.14417400879684625
3,-0.4,1.937875751503006,0.9148042988200786,0.1433166588536204
3,-0.4,1.942244488977956,0.9150039132353319,0.14245686533505125
3,-0.4,1.946613226452906,0.9151926997050227,0.1415948012092186
3,-0.4,1.9509819639278558,0.915370636636977,0.1407306411004501
3,-0.4,1.9553507014028058,0.91553770628945,0.139864561175453
3,-0.4,1.9597194388777555,0.9156938948641953,0.13899673902363896
3,-0.4,1.9640881763527054,0.9158391925952528,0.13812735353176467
3,-0.4,1.9684569138276553,0.9159735938330683,0.13725658475303953
3,-0.4,1.9728256513026052,0.9160970971235682,0.1363846137708952
3,-0.4,1.9771943887775552,0.9162097052818228,0.13551162255760688
3,-0.4,1.981563126252505,0.9163114254599319,0.13463779382802316
3,-0.4,1.985931863727455,0.916402269208784,0.133763310888662
3,-0.4,1.990300601202405,0.9164822525333448,0.13288835748246264
3,-0.4,1.9946693386773549,0.916551395941159,0.13201311762952522
3,-0.4,1.9990380761523046,0.9166097244837514,0.13113777546417496
3,-0.4,2.0034068136272545,0.9166572677906457,0.13026251506872916
3,-0.4,2.0077755511022044,0.9166940600957353,0.12938752030436404
3,-0.4,2.0121442885771543,0.9167201402557668,0.12851297463949474
3,-0.4,2.0165130260521043,0.9167355517607234,0.12763906097611472
3,-0.4,2.020881763527054,0.9167403427359222,0.1267659614745522
3,-0.4,2.025250501002004,0.9167345659356702,0.12589385737711634
3,-0.4,2.029619238476954,0.9167182787283661,0.1250229288311316
3,-0.4,2.033987975951904,0.9166915430729423,0.12415335471185429
3,-0.4,2.038356713426854,0.9166544254866064,0.12328531244578711
3,-0.4,2.042725450901804,0.9166069970038602,0.1224189778349171
3,-0.4,2.0470941883767537,0.9165493331268135,0.12155452488239242
3,-0.4,2.0514629258517036,0.9164815137668462,0.12069212562016424
3,-0.4,2.0558316633266536,0.9164036231777144,0.11983194993912039
3,-0.4,2.060200400801603,0.9163157498802287,0.11897416542222286
3,-0.4,2.064569138276553,0.9162179865786696,0.11811893718116238
3,-0.4,2.068937875751503,0.916110430069148,0.11726642769702947
3,-0.4,2.073306613226453,0.9159931811401392,0.116416796665475
3,-0.4,2.0776753507014027,0.9158663444654763,0.11557020084684796
3,-0.4,2.0820440881763527,0.9157300284900974,0.1147267939217374
3,-0.4,2.0864128256513026,0.9155843453088865,0.11388672635235289
3,-0.4,2.0907815631262525,0.9154294105389781,0.11305014525014777
3,-0.4,2.0951503006012024,0.9152653431859087,0.11221719425004528
3,-0.4,2.0995190380761524,0.9150922655040493,0.11138801339162693
3,-0.4,2.1038877755511023,0.9149103028517352,0.11056273900757911
3,-0.4,2.108256513026052,0.9147195835415786,0.10974150361969096
3,-0.4,2.112625250501002,0.914520238686418,0.10892443584264064
3,-0.4,2.116993987975952,0.9143124020414106,0.10811166029578469
3,-0.4,2.121362725450902,0.9140962098427581,0.10730329752312356
3,-0.4,2.125731462925852,0.9138718006435783,0.10649946392157374
3,-0.4,2.130100200400802,0.9136393151474435,0.10570027167766713
3,-0.4,2.1344689378757518,0.9133988960400808,0.1049058287127134
3,-0.4,2.1388376753507012,0.9131506878197762,0.1041162386364793
3,-0.4,2.143206412825651,0.9128948366269678,0.10333160070936184
3,-0.4,2.147575150300601,0.9126314900735496,0.1025520098130149
3,-0.4,2.151943887775551,0.912360797072366,0.10177755642935347
3,-0.4,2.156312625250501,0.9120829076673906,0.10100832662782852
3,-0.4,2.160681362725451,0.9117979728650484,0.10024440206082205
3,-0.4,2.165050100200401,0.9115061444671372,0.09948585996700321
3,-0.4,2.1694188376753507,0.9112075749057754,0.09873277318243764
3,-0.4,2.1737875751503006,0.9109024170807986,0.09798521015923412
3,-0.4,2.1781563126252506,0.9105908241999771,0.09724323499146882
3,-0.4,2.1825250501002005,0.9102729496224424,0.09650690744813564
3,-0.4,2.1868937875751504,0.9099489467056446,0.09577628301281131
3,-0.4,2.1912625250501003,0.9096189686561732,0.09505141292975315
3,-0.4,2.1956312625250503,0.9092831683847216,0.09433234425609147
3,-0.4,2.2,0.9089416983654617,0.09361911991978863
4,-0.6,0.02,0.5355278790978283,-0.5624584868561203
4,-0.6,0.0243687374749499,0.5375514011690389,-0.5564042001629458
4,-0.6,0.0287374749498998,0.539556964886557,-0.5503956767482756
4,-0.6,0.0331062124248497,0.5415447640193871,-0.5444325136577386
4,-0.6,0.0374749498997996,0.5435149909956436,-0.5385143119872576
4,-0.6,0.0418436873747495,0.5454678369053367,-0.5326406768526469
4,-0.6,0.046212424849699396,0.5474034915030028,-0.5268112173592527
4,-0.6,0.0505811623246493,0.5493221432101945,-0.521025546571642
4,-0.6,0.0549498997995992,0.5512239791178382,-0.5152832814833302
4,-0.6,0.0593186372745491,0.5531091849884705,-0.5095840429865474
4,-0.6,0.063687374749499,0.554977945258351,-0.5039274558420452
4,-0.6,0.0680561122244489,0.5568304430394782,-0.49831314864892806
4,-0.6,0.0724248496993988,0.5586668601214991,-0.4927407538145245
4,-0.6,0.0767935871743487,0.5604873769735381,-0.4872099075242797
4,-0.6,0.0811623246492986,0.5622921727459348,-0.4817202497116821
4,-0.6,0.0855310621242485,0.5640814252719222,-0.4762714240282114
4,-0.6,0.0898997995991984,0.5658553110692314,-0.4708630778133162
4,-0.6,0.0942685370741483,0.5676140053416462,-0.465494862064415
4,-0.6,0.0986372745490982,0.5693576819805127,-0.46016643140692015
4,-0.6,0.1030060120240481,0.5710865135662047,-0.45487744406429076
4,-0.6,0.107374749498998,0.5728006713695643,-0.44962756182810837
4,-0.6,0.1117434869739479,0.5745003253533186,-0.4444164500281806
4,-0.6,0.11611222444889781,0.5761856441734804,-0.43924377750266774
4,-0.6,0.1204809619238477,0.5778567951807424,-0.434109216568244
4,-0.6,0.1248496993987976,0.5795139444218728,-0.4290124429902828
4,-0.6,0.12921843687374748,0.5811572566411197,-0.423953135953077
4,-0.6,0.13358717434869738,0.5827868952816243,-0.418930978030091
4,-0.6,0.1379559118236473,0.5844030224868625,-0.41394565515424986
4,-0.6,0.1423246492985972,0.5860057991021118,-0.4089968565882655
4,-0.6,0.1466933867735471,0.5875953846759518,-0.4040842748950039
4,-0.6,0.151062124248497,0.5891719374618049,-0.3992076059078974
4,-0.6,0.1554308617234469,0.5907356144195266,-0.39436654870140253
4,-0.6,0.15979959919839679,0.5922865712170452,-0.3895608055615065
4,-0.6,0.16416833667334668,0.59382496223206,-0.3847900819562923
4,-0.6,0.16853707414829658,0.5953509405538016,-0.38005408650655265
4,-0.6,0.17290581162324647,0.5968646579848623,-0.3753525309564725
4,-0.6,0.17727454909819637,0.5983662650430954,-0.3706851301443706
4,-0.6,0.1816432865731463,0.5998559109635953,-0.3660516019735115
4,-0.6,0.1860120240480962,0.601333743700754,-0.3614516673829899
4,-0.6,0.1903807615230461,0.6027999099304082,-0.35688505031869044
4,-0.6,0.19474949899799598,0.6042545550520682,-0.3523514777043289
4,-0.6,0.19911823647294588,0.6056978231912458,-0.3478506794125777
4,-0.6,0.20348697394789578,0.6071298572018721,-0.34338238823628064
4,-0.6,0.20785571142284567,0.608550798668815,-0.3389463398597613
4,-0.6,0.2122244488977956,0.6099607879104982,-0.33454227283022897
4,-0.6,0.2165931863727455,0.6113599639816222,-0.3301699285292874
4,-0.6,0.2209619238476954,0.6127484646759895,-0.3258290511445482
4,-0.6,0.2253306613226453,0.6141264265294388,-0.32151938764135685
4,-0.6,0.22969939879759518,0.6154939848228862,-0.3172406877346364
4,-0.6,0.23406813627254508,0.6168512735854771,-0.31299270386084377
4,-0.6,0.23843687374749498,0.6181984255978492,-0.30877519115005847
4,-0.6,0.24280561122244487,0.6195355723955077,-0.3045879073981941
4,-0.6,0.24717434869739477,0.6208628442723139,-0.300430613039344
4,-0.6,0.2515430861723447,0.6221803702840829,-0.2963030711182641
4,-0.6,0.2559118236472946,0.6234882782523042,-0.2922050472629971
4,-0.6,0.2602805611222445,0.6247866947679654,-0.28813630965764
4,-0.6,0.2646492985971944,0.6260757451954967,-0.2840966290152625
4,-0.6,0.2690180360721443,0.6273555536768264,-0.2800857785509767
4,-0.6,0.27338677354709423,0.6286262431355505,-0.276103533955164
4,-0.6,0.2777555110220441,0.6298879352812108,-0.27214967336686363
4,-0.6,0.282124248496994,0.6311407506136892,-0.26822397734732306
4,-0.6,0.2864929859719439,0.632384808427711,-0.2643262288537182
4,-0.6,0.2908617234468938,0.6336202268174554,-0.2604562132130423
4,-0.6,0.2952304609218437,0.6348471226812761,-0.2566137180961722
4,-0.6,0.2995991983967936,0.6360656117265293,-0.2527985334921077
4,-0.6,0.30396793587174353,0.6372758084745036,-0.24901045168239572
4,-0.6,0.3083366733466934,0.6384778262654575,-0.2452492672157363
4,-0.6,0.3127054108216433,0.6396717772637545,-0.2415147768827741
4,-0.6,0.3170741482965932,0.6408577724631007,-0.23780677969107966
4,-0.6,0.3214428857715431,0.642035921691881,-0.23412507684032222
4,-0.6,0.325811623246493,0.6432063336185847,-0.2304694716976373
4,-0.6,0.3301803607214429,0.6443691157573335,-0.22683976977318937
4,-0.6,0.3345490981963928,0.6455243744734939,-0.22323577869593308
4,-0.6,0.3389178356713427,0.6466722149893812,-0.21965730818957616
4,-0.6,0.34328657314629263,0.6478127413900493,-0.21610417004874455
4,-0.6,0.3476553106212425,0.648946056629165,-0.21257617811535048
4,-0.6,0.3520240480961924,0.6500722625349626,-0.2090731482551683
4,-0.6,0.3563927855711423,0.6511914598162767,-0.20559489833461742
4,-0.6,0.3607615230460922,0.6523037480686553,-0.20214124819775303
4,-0.6,0.3651302605210421,0.6534092257805398,-0.1987120196434682
4,-0.6,0.369498997995992,0.6545079903395224,-0.19530703640290617
4,-0.6,0.37386773547094193,0.6556001380386647,-0.19192612411708773
4,-0.6,0.3782364729458918,0.6566857640828893,-0.18856911031474816
4,-0.6,0.3826052104208417,0.6577649625954255,-0.18523582439039066
4,-0.6,0.3869739478957916,0.658837826624323,-0.18192609758255415
4,-0.6,0.3913426853707415,0.6599044481490144,-0.17863976295229608
4,-0.6,0.3957114228456914,0.6609649180869385,-0.17537665536189143
4,-0.6,0.4000801603206413,0.6620193263002104,-0.17213661145374712
4,-0.6,0.40444889779559123,0.6630677616023427,-0.16891946962953264
4,-0.6,0.4088176352705411,0.6641103117650098,-0.1657250700295298
4,-0.6,0.413186372745491,0.6651470635248576,-0.1625532545121937
4,-0.6,0.4175551102204409,0.6661781025903524,-0.15940386663393546
4,-0.6,0.4219238476953908,0.6672035136486647,-0.15627675162911822
4,-0.6,0.4262925851703407,0.6682233803725925,-0.1531717563902686
4,-0.6,0.4306613226452906,0.6692377854275121,-0.150088729448506
4,-0.6,0.4350300601202405,0.6702468104783585,-0.1470275209541851
4,-0.6,0.4393987975951904,0.6712505361966364,-0.14398798265775317
4,-0.6,0.44376753507014033,0.6722490422674495,-0.1409699678908216
4,-0.6,0.4481362725450902,0.673242407396555,-0.1379733315474516
4,-0.6,0.4525050100200401,0.6742307093174348,-0.13499793006564922
4,-0.6,0.45687374749499,0.6752140247983847,-0.13204362140907483
4,-0.6,0.4612424849699399,0.6761924296496151,-0.12911026504896264
4,-0.6,0.4656112224448898,0.6771659987303658,-0.126197721946248
4,-0.6,0.4699799599198397,0.6781348059560259,-0.12330585453390597
4,-0.6,0.4743486973947896,0.6790989243052657,-0.12043452669949452
4,-0.6,0.4787174348697395,0.680058425827166,-0.1175836037679055
4,-0.6,0.4830861723446894,0.6810133816483559,-0.11475295248432046
4,-0.6,0.4874549098196393,0.6819638619801462,-0.11194244099736908
4,-0.6,0.4918236472945892,0.6829099361256624,-0.10915193884249144
4,-0.6,0.4961923847695391,0.6838516724869718,-0.10638131692549874
4,-0.6,0.500561122244489,0.6847891385722051,-0.10363044750633547
4,-0.6,0.5049298597194388,0.685722401002669,-0.10089920418304033
4,-0.6,0.5092985971943887,0.6866515255199476,-0.09818746187589839
4,-0.6,0.5136673346693387,0.6875765769929933,-0.09549509681179483
4,-0.6,0.5180360721442886,0.6884976194252006,-0.09282198650875659
4,-0.6,0.5224048096192385,0.6894147159614654,-0.09016800976068891
4,-0.6,0.5267735470941884,0.6903279288952254,-0.08753304662229858
4,-0.6,0.5311422845691383,0.691237319675482,-0.08491697839420749
4,-0.6,0.5355110220440882,0.6921429489138002,-0.08231968760825273
4,-0.6,0.5398797595190381,0.6930448763912842,-0.07974105801296913
4,-0.6,0.544248496993988,0.6939431610655302,-0.0771809745592567
4,-0.6,0.548617234468938,0.6948378610775533,-0.07463932338622803
4,-0.6,0.5529859719438878,0.6957290337586846,-0.07211599180723567
4,-0.6,0.5573547094188377,0.6966167356374401,-0.0696108682960752
4,-0.6,0.5617234468937876,0.6975010224463625,-0.06712384247336554
4,-0.6,0.5660921843687375,0.6983819491288258,-0.0646548050931019
4,-0.6,0.5704609218436874,0.6992595698458083,-0.062203648029380665
4,-0.6,0.5748296593186373,0.7001339379826373,-0.059770264263293967
4,-0.6,0.5791983967935872,0.7010051061556887,-0.057354547869991945
4,-0.6,0.5835671342685371,0.7018731262190573,-0.05495639400591222
4,-0.6,0.587935871743487,0.7027380492711855,-0.052575698896170926
4,-0.6,0.5923046092184369,0.7035999256614558,-0.05021235982211885
4,-0.6,0.5966733466933868,0.7044588049967409,-0.04786627510905476
4,-0.6,0.6010420841683367,0.7053147361479152,-0.045537344114100625
4,-0.6,0.6054108216432866,0.7061677672563228,-0.0432254672142284
4,-0.6,0.6097795591182364,0.707017945740204,-0.04093054579444614
4,-0.6,0.6141482965931864,0.7078653183010784,-0.03865248223613296
4,-0.6,0.6185170340681363,0.7087099309300815,-0.03639117990552649
4,-0.6,0.6228857715430862,0.7095518289142607,-0.03414654314235858
4,-0.6,0.6272545090180361,0.71039105684282,-0.03191847724863644
4,-0.6,0.631623246492986,0.7112276586133215,-0.029706888477570675
4,-0.6,0.6359919839679359,0.7120616774378397,-0.027511684022644436
4,-0.6,0.6403607214428858,0.7128931558490669,-0.02533277200682435
4,-0.6,0.6447294589178357,0.7137221357063683,-0.02317006147191015
4,-0.6,0.6490981963927855,0.7145486582017931,-0.021023462368022442
4,-0.6,0.6534669338677355,0.7153727638660319,-0.01889288554322382
4,-0.6,0.6578356713426854,0.7161944925743232,-0.016778242733275415
4,-0.6,0.6622044088176353,0.7170138835523141,-0.01467944655152404
4,-0.6,0.6665731462925852,0.7178309753818654,-0.012596410478918928
4,-0.6,0.670941883767535,0.718645806006807,-0.01052904885415738
4,-0.6,0.675310621242485,0.7194584127386421,-0.008477276863954181
4,-0.6,0.6796793587174349,0.7202688322621975,-0.006441010533439259
4,-0.6,0.6840480961923848,0.7210771006412235,-0.004420166716672066
4,-0.6,0.6884168336673347,0.721883253323939,-0.0024146630872829986
4,-0.6,0.6927855711422846,0.7226873251485236,-0.0004244181292285748
4,-0.6,0.6971543086172345,0.7234893503485605,0.0015506488723335383
4,-0.6,0.7015230460921844,0.7242893625584162,0.0035106178400553037
4,-0.6,0.7058917835671343,0.7250873948185793,0.005455567913294273
4,-0.6,0.7102605210420841,0.7258834795809329,0.007385577456900277
4,-0.6,0.7146292585170341,0.7266776487139817,0.009300724069887236
4,-0.6,0.718997995991984,0.7274699335080191,0.011201084594002412
4,-0.6,0.7233667334669339,0.7282603646802452,0.013086735122183281
4,-0.6,0.7277354709418838,0.7290489723798225,0.014957751006913118
4,-0.6,0.7321042084168337,0.729835786192886,0.016814206868471692
4,-0.6,0.7364729458917836,0.730620835147492,0.018656176603082518
4,-0.6,0.7408416833667335,0.731404147718514,0.020483733390963633
4,-0.6,0.7452104208416834,0.7321857518324846,0.022296949704276127
4,-0.6,0.7495791583166332,0.7329656748723813,0.024095897314976408
4,-0.6,0.7539478957915832,0.7337439436823594,0.025880647302575558
4,-0.6,0.7583166332665331,0.7345205845724256,0.027651270061800272
4,-0.6,0.762685370741483,0.735295623323064,0.02940783531016597
4,-0.6,0.7670541082164329,0.736069085189799,0.031150412095455784
4,-0.6,0.7714228456913828,0.7368409949077109,0.0328790688031113
4,-0.6,0.7757915831663327,0.7376113766958905,0.034593873163535835
4,-0.6,0.7801603206412826,0.7383802542618446,0.036294892259311526
4,-0.6,0.7845290581162325,0.7391476508058422,0.03798219253232975
4,-0.6,0.7888977955911824,0.7399135890252101,0.039655839790840454
4,-0.6,0.7932665330661323,0.740678091118572,0.04131589921641788
4,-0.6,0.7976352705410822,0.7414411787900332,0.04296243537084633
4,-0.6,0.8020040080160321,0.7422028732533139,0.04459551220292718
4,-0.6,0.806372745490982,0.7429631952358241,0.04621519305520665
4,-0.6,0.8107414829659318,0.7437221649826896,0.0478215406706286
4,-0.6,0.8151102204408818,0.7444798022607207,0.0494146171991123
4,-0.6,0.8194789579158317,0.7452361263623294,0.050994484204055855
4,-0.6,0.8238476953907816,0.7459911561093924,0.05256120266876737
4,-0.6,0.8282164328657315,0.7467449098570623,0.05411483300282559
4,-0.6,0.8325851703406814,0.7474974054975237,0.05565543504837096
4,-0.6,0.8369539078156313,0.7482486604636988,0.057183068086327254
4,-0.6,0.8413226452905812,0.748998691732899,0.05869779084255802
4,-0.6,0.8456913827655311,0.7497475158304256,0.06019966149395549
4,-0.6,0.8500601202404809,0.7504951488331172,0.06168873767446535
4,-0.6,0.8544288577154309,0.7512416063728456,0.06316507648104919
4,-0.6,0.8587975951903808,0.7519869036399608,0.06462873447958475
4,-0.6,0.8631663326653307,0.7527310553866836,0.06607976771070333
4,-0.6,0.8675350701402806,0.7534740759304481,0.06751823169557132
4,-0.6,0.8719038076152305,0.7542159791571917,0.068944181441609
4,-0.6,0.8762725450901804,0.7549567785245979,0.0703576714481577
4,-0.6,0.8806412825651303,0.7556964870652829,0.07175875571208415
4,-0.6,0.8850100200400802,0.7564351173899395,0.07314748773333724
4,-0.6,0.88937875751503,0.7571726816904241,0.07452392052044521
4,-0.6,0.89374749498998,0.7579091917428001,0.07588810659596447
4,-0.6,0.8981162324649299,0.7586446589103264,0.07724009800187447
4,-0.6,0.9024849699398798,0.7593790941464023,0.07857994630492483
4,-0.6,0.9068537074148297,0.7601125079974589,0.07990770260193077
4,-0.6,0.9112224448897795,0.7608449106058063,0.08122341752502302
4,-0.6,0.9155911823647295,0.7615763117124291,0.08252714124684958
4,-0.6,0.9199599198396794,0.7623067206597365,0.08381892348573305
4,-0.6,0.9243286573146293,0.7630361463942631,0.08509881351078079
4,-0.6,0.9286973947895791,0.7637645974693239,0.08636686014695555
4,-0.6,0.9330661322645291,0.764492082047621,0.0876231117801005
4,-0.6,0.937434869739479,0.7652186079038049,0.08886761636192389
4,-0.6,0.9418036072144289,0.7659441824269888,0.09010042141494466
4,-0.6,0.9461723446893788,0.7666688126232167,0.09132157403739667
4,-0.6,0.9505410821643286,0.7673925051178854,0.09253112090809708
4,-0.6,0.9549098196392786,0.7681152661581234,0.09372910829127601
4,-0.6,0.9592785571142285,0.768837101615121,0.09491558204137107
4,-0.6,0.9636472945891784,0.7695580169864193,0.09609058760778767
4,-0.6,0.9680160320641283,0.7702780173981526,0.09725417003962183
4,-0.6,0.9723847695390782,0.7709971076072467,0.09840637399035644
4,-0.6,0.9767535070140281,0.7717152920035751,0.09954724372251846
4,-0.6,0.981122244488978,0.7724325746120693,0.10067682311231152
4,-0.6,0.9854909819639279,0.7731489590947893,0.10179515565421436
4,-0.6,0.9898597194388777,0.7738644487529471,0.10290228446555279
4,-0.6,0.9942284569138277,0.7745790465288928,0.10399825229104288
4,-0.6,0.9985971943887776,0.7752927550080537,0.10508310150730794
4,-0.6,1.0029659318637274,0.7760055764208357,0.10615687412736943
4,-0.6,1.0073346693386773,0.7767175126444804,0.10721961180511334
4,-0.6,1.0117034068136272,0.7774285652048852,0.10827135583973202
4,-0.6,1.0160721442885772,0.7781387352783766,0.10931214718014451
4,-0.6,1.020440881763527,0.7788480236934496,0.1103420264293941
4,-0.6,1.024809619238477,0.7795564309324635,0.11136103384902574
4,-0.6,1.029178356713427,0.7802639571332994,0.11236920936344343
4,-0.6,1.0335470941883769,0.7809706020909795,0.11336659256424834
4,-0.6,1.0379158316633268,0.7816763652592444,0.11435322271455983
4,-0.6,1.0422845691382765,0.7823812457520978,0.11532913875331995
4,-0.6,1.0466533066132264,0.7830852423453066,0.11629437929958113
4,-0.6,1.0510220440881763,0.7837883534778697,0.11724898265677902
4,-0.6,1.0553907815631263,0.7844905772534451,0.11819298681699406
4,-0.6,1.0597595190380762,0.785191911441743,0.11912642946519472
4,-0.6,1.0641282565130261,0.7858923534798814,0.12004934798347586
4,-0.6,1.068496993987976,0.786591900473707,0.1209617794552809
4,-0.6,1.072865731462926,0.7872905491990796,0.12186376066961564
4,-0.6,1.0772344689378759,0.7879882961031225,0.122755328125255
4,-0.6,1.0816032064128256,0.7886851373054372,0.12363651803493819
4,-0.6,1.0859719438877755,0.7893810685992857,0.12450736632956147
4,-0.6,1.0903406813627254,0.7900760854527391,0.12536790866236103
4,-0.6,1.0947094188376754,0.790770183009791,0.12621818041309318
4,-0.6,1.0990781563126253,0.7914633560914405,0.12705821669221054
4,-0.6,1.1034468937875752,0.7921555991967435,0.12788805234503375
4,-0.6,1.1078156312625251,0.7928469065038298,0.12870772195592411
4,-0.6,1.112184368737475,0.7935372718708928,0.12951725985245188
4,-0.6,1.116553106212425,0.794226688837144,0.13031670010956806
4,-0.6,1.1209218436873747,0.7949151506237434,0.13110607655377451
4,-0.6,1.1252905811623246,0.7956026501346938,0.13188542276729814
4,-0.6,1.1296593186372745,0.7962891799577126,0.1326547720922673
4,-0.6,1.1340280561122245,0.796974732365071,0.1334141576348931
4,-0.6,1.1383967935871744,0.7976592993144069,0.13416361226965445
4,-0.6,1.1427655310621243,0.7983428724495099,0.1349031686434913
4,-0.6,1.1471342685370742,0.7990254431010816,0.1356328591800043
4,-0.6,1.1515030060120242,0.7997070022874695,0.13635271608366176
4,-0.6,1.155871743486974,0.8003875407153722,0.13706277134401743
4,-0.6,1.1602404809619238,0.8010670487805255,0.13776305673993813
4,-0.6,1.1646092184368737,0.8017455165683609,0.13845360384384284
4,-0.6,1.1689779559118236,0.8024229338546413,0.13913444402595362
4,-0.6,1.1733466933867736,0.8030992901060762,0.13980560845856102
4,-0.6,1.1777154308617235,0.8037745744809115,0.14046712812030393
4,-0.6,1.1820841683366734,0.8044487758295017,0.1411190338004641
4,-0.6,1.1864529058116233,0.8051218826948612,0.141761356103278
4,-0.6,1.1908216432865733,0.805793883313192,0.1423941254522673
4,-0.6,1.1951903807615232,0.8064647656144004,0.14301737209458718
4,-0.6,1.1995591182364729,0.8071345172225876,0.14363112610539247
4,-0.6,1.2039278557114228,0.8078031254565284,0.14423541739223095
4,-0.6,1.2082965931863727,0.8084705773301331,0.144830275699451
4,-0.6,1.2126653306613226,0.8091368595528917,0.14541573061263813
4,-0.6,1.2170340681362726,0.809801958530306,0.1459918115630727
4,-0.6,1.2214028056112225,0.8104658603643078,0.1465585478322145
4,-0.6,1.2257715430861724,0.8111285508536639,0.14711596855621226
4,-0.6,1.2301402805611223,0.8117900154943692,0.14766410273044198
4,-0.6,1.2345090180360723,0.8124502394800325,0.14820297921407333
4,-0.6,1.238877755511022,0.8131092077022483,0.14873262673466447
4,-0.6,1.243246492985972,0.8137669047509627,0.1492530738927902
4,-0.6,1.2476152304609218,0.8144233149148334,0.14976434916669912
4,-0.6,1.2519839679358717,0.8150784221815801,0.15026648091700553
4,-0.6,1.2563527054108217,0.8157322102383324,0.15075949739141475
4,-0.6,1.2607214428857716,0.8163846624719749,0.15124342672948307
4,-0.6,1.2650901803607215,0.8170357619694865,0.15171829696741504
4,-0.6,1.2694589178356714,0.8176854915182805,0.1521841360428958
4,-0.6,1.2738276553106214,0.8183338336065457,0.15264097179996422
4,-0.6,1.278196392785571,0.8189807704235867,0.15308883199392548
4,-0.6,1.282565130260521,0.81962628386017,0.15352774429629967
4,-0.6,1.286933867735471,0.8202703555088692,0.153957736299819
4,-0.6,1.2913026052104208,0.8209129666644227,0.15437883552346107
4,-0.6,1.2956713426853708,0.8215540983240929,0.15479106941753032
4,-0.6,1.3000400801603207,0.8221937311880367,0.155194465368781
4,-0.6,1.3044088176352706,0.8228318456596867,0.15558905070558884
4,-0.6,1.3087775551102205,0.8234684218461434,0.15597485270316735
4,-0.6,1.3131462925851705,0.8241034395585808,0.156351898588831
4,-0.6,1.3175150300601204,0.8247368783126676,0.15672021554731191
4,-0.6,1.32188376753507,0.8253687173290077,0.1570798307261197
4,-0.6,1.32625250501002,0.8259989355335954,0.1574307712409578
4,-0.6,1.33062124248497,0.8266275115582957,0.1577730641811884
4,-0.6,1.3349899799599199,0.8272544237413441,0.15810673661535063
4,-0.6,1.3393587174348698,0.827879650127874,0.15843181559673308
4,-0.6,1.3437274549098197,0.8285031684704679,0.15874832816900006
4,-0.6,1.3480961923847696,0.8291249562297403,0.1590563013718736
4,-0.6,1.3524649298597196,0.8297449905749491,0.1593557622468712
4,-0.6,1.3568336673346695,0.8303632483846425,0.15964673784310082
4,-0.6,1.3612024048096192,0.8309797062473387,0.15992925522311635
4,-0.6,1.365571142284569,0.8315943404622472,0.16020334146882528
4,-0.6,1.369939879759519,0.8322071270400251,0.16046902368746374
4,-0.6,1.374308617234469,0.8328180417035795,0.16072632901762596
4,-0.6,1.3786773547094189,0.8334270598889161,0.16097528463535676
4,-0.6,1.3830460921843688,0.834034156746031,0.16121591776030517
4,-0.6,1.3874148296593187,0.8346393071398555,0.16144825566194074
4,-0.6,1.3917835671342687,0.8352424856512541,0.16167232566583103
4,-0.6,1.3961523046092186,0.835843666578078,0.16188815515998276
4,-0.6,1.4005210420841683,0.8364428239362742,0.16209577160124916
4,-0.6,1.4048897795591182,0.8370399314610607,0.16229520252179666
4,-0.6,1.4092585170340681,0.8376349626081621,0.16248647553563902
4,-0.6,1.413627254509018,0.8382278905551137,0.16266961834523738
4,-0.6,1.417995991983968,0.8388186882026368,0.16284465874816015
4,-0.6,1.422364729458918,0.8394073281760872,0.16301162464381388
4,-0.6,1.4267334669338678,0.8399937828269779,0.16317054404023618
4,-0.6,1.4311022044088177,0.840578024234587,0.1633214450609539
4,-0.6,1.4354709418837677,0.841160024207644,0.16346435595190806
4,-0.6,1.4398396793587174,0.8417397542861047,0.16359930508844214
4,-0.6,1.4442084168336673,0.8423171857430184,0.16372632098235756
4,-0.6,1.4485771543086172,0.8428922895864847,0.1638454322890311
4,-0.6,1.4529458917835671,0.8434650365617118,0.1639566678146002
4,-0.6,1.457314629258517,0.8440353971531751,0.16406005652320757
4,-0.6,1.461683366733467,0.8446033415868786,0.16415562754431395
4,-0.6,1.466052104208417,0.8451688398327267,0.16424341018007022
4,-0.6,1.4704208416833668,0.8457318616070109,0.16432343391275187
4,-0.6,1.4747895791583168,0.8462923763750084,0.16439572841225703
4,-0.6,1.4791583166332665,0.8468503533537056,0.1644603235436619
4,-0.6,1.4835270541082164,0.847405761514645,0.16451724937483442
4,-0.6,1.4878957915831663,0.8479585695869003,0.1645665361841099
4,-0.6,1.4922645290581162,0.8485087460601861,0.1646082144680192
4,-0.6,1.4966332665330662,0.8490562591881043,0.16464231494907214
4,-0.6,1.501002004008016,0.8496010769915334,0.16466886858359583
4,-0.6,1.505370741482966,0.8501431672621623,0.1646879065696243
4,-0.6,1.509739478957916,0.8506824975661763,0.16469946035483501
4,-0.6,1.5141082164328659,0.8512190352480978,0.16470356164453637
4,-0.6,1.5184769539078156,0.851752747434787,0.16470024240969774
4,-0.6,1.5228456913827655,0.8522836010396057,0.16468953489502494
4,-0.6,1.5272144288577154,0.8528115627667527,0.16467147162707066
4,-0.6,1.5315831663326653,0.8533365991157705,0.16464608542238932
4,-0.6,1.5359519038076153,0.8538586763862287,0.1646134093957198
4,-0.6,1.5403206412825652,0.8543777606825963,0.1645734769682041
4,-0.6,1.544689378757515,0.8548938179192951,0.16452632187563115
4,-0.6,1.549058116232465,0.8554068138259494,0.16447197817670517
4,-0.6,1.553426853707415,0.855916713952832,0.16441048026133584
4,-0.6,1.5577955911823649,0.8564234836765113,0.1643418628589437
4,-0.6,1.5621643286573146,0.8569270882057062,0.16426616104677821
4,-0.6,1.5665330661322645,0.8574274925873518,0.16418341025824465
4,-0.6,1.5709018036072144,0.8579246617128805,0.16409364629123188
4,-0.6,1.5752705410821644,0.8584185603247259,0.16399690531644112
4,-0.6,1.5796392785571143,0.85890915302305,0.16389322388570587
4,-0.6,1.5840080160320642,0.859396404272702,0.16378263894029954
4,-0.6,1.5883767535070141,0.8598802784104094,0.1636651878192278
4,-0.6,1.592745490981964,0.8603607396522118,0.16354090826749298
4,-0.6,1.597114228456914,0.8608377521011343,0.16340983844433177
4,-0.6,1.6014829659318637,0.8613112797551112,0.16327201693141458
4,-0.6,1.6058517034068136,0.8617812865151612,0.1631274827410037
4,-0.6,1.6102204408817635,0.8622477361938172,0.1629762753240575
4,-0.6,1.6145891783567135,0.8627105925238204,0.16281843457828085
4,-0.6,1.6189579158316634,0.8631698191670718,0.1626540008561099
4,-0.6,1.6233266533066133,0.8636253797238576,0.16248301497262305
4,-0.6,1.6276953907815632,0.8640772377423434,0.16230551821336905
4,-0.6,1.6320641282565131,0.8645253567283434,0.16212155234211015
4,-0.6,1.636432865731463,0.864969700155365,0.16193115960846438
4,-0.6,1.6408016032064128,0.8654102314749402,0.1617343827554394
4,-0.6,1.6451703406813627,0.8658469141272348,0.16153126502685333
4,-0.6,1.6495390781563126,0.866279711551948,0.1613218501746266
4,-0.6,1.6539078156312625,0.8667085871994972,0.16110618246593916
4,-0.6,1.6582765531062125,0.8671335045424954,0.16088430669024126
4,-0.6,1.6626452905811624,0.8675544270875221,0.16065626816610806
4,-0.6,1.6670140280561123,0.8679713183871852,0.1604221127479267
4,-0.6,1.6713827655310622,0.86838414205248,0.16018188683240445
4,-0.6,1.6757515030060122,0.8687928617654423,0.1599356373648892
4,-0.6,1.6801202404809619,0.8691974412920995,0.15968341184548573
4,-0.6,1.6844889779559118,0.8695978444957171,0.1594252583349604
4,-0.6,1.6888577154308617,0.8699940353503393,0.1591612254604241
4,-0.6,1.6932264529058116,0.870385977954628,0.15889136242077148
4,-0.6,1.6975951903807616,0.8707736365459949,0.15861571899187474
4,-0.6,1.7019639278557115,0.8711569755150229,0.1583343455315138
4,-0.6,1.7063326653306614,0.871535959420181,0.15804729298402947
4,-0.6,1.7107014028056113,0.8719105530028269,0.1577546128846912
4,-0.6,1.7150701402805613,0.8722807212024912,0.1574563573637552
4,-0.6,1.719438877755511,0.872646429172445,0.15715257915021832
4,-0.6,1.7238076152304609,0.8730076422955425,0.15684333157523023
4,-0.6,1.7281763527054108,0.8733643262003372,0.15652866857517178
4,-0.6,1.7325450901803607,0.8737164467774633,0.15620864469436965
4,-0.6,1.7369138276553107,0.8740639701962756,0.15588331508744596
4,-0.6,1.7412825651302606,0.8744068629217486,0.15555273552127638
4,-0.6,1.7456513026052105,0.8747450917316173,0.15521696237655427
4,-0.6,1.7500200400801604,0.8750786237337584,0.15487605264893856
4,-0.6,1.7543887775551104,0.8754074263838025,0.15453006394977378
4,-0.6,1.75875751503006,0.8757314675029659,0.15417905450637118
4,-0.6,1.76312625250501,0.8760507152960945,0.15382308316183194
4,-0.6,1.76749498997996,0.8763651383699061,0.15346220937440205
4,-0.6,1.7718637274549098,0.8766747057514254,0.15309649321634405
4,-0.6,1.7762324649298598,0.8769793869065913,0.15272599537231213
4,-0.6,1.7806012024048097,0.8772791517590304,0.15235077713721631
4,-0.6,1.7849699398797596,0.8775739707089819,0.1519709004135647
4,-0.6,1.7893386773547095,0.8778638146523551,0.1515864277082707
4,-0.6,1.7937074148296595,0.8781486549999121,0.15119742212890838
4,-0.6,1.7980761523046092,0.8784284636965508,0.15080394737941114
4,-0.6,1.802444889779559,0.8787032132406801,0.15040606775519683
4,-0.6,1.806813627254509,0.8789728767036649,0.1500038481377075
4,-0.6,1.811182364729459,0.8792374277493203,0.14959735398835716
4,-0.6,1.8155511022044089,0.8794968406534479,0.14918665134187614
4,-0.6,1.8199198396793588,0.8797510903233774,0.14877180679903565
4,-0.6,1.8242885771543087,0.8800001523175094,0.14835288751875672
4,-0.6,1.8286573146292586,0.8802440028648254,0.14792996120958074
4,-0.6,1.8330260521042085,0.8804826188843545,0.14750309612050586
4,-0.6,1.8373947895791582,0.8807159780045657,0.14707236103117363
4,-0.6,1.8417635270541082,0.8809440585826681,0.14663782524140484
4,-0.6,1.846132264529058,0.8811668397237897,0.14619955856007896
4,-0.6,1.850501002004008,0.8813843013000222,0.14575763129335026
4,-0.6,1.854869739478958,0.8815964239692903,0.1453121142321961
4,-0.6,1.8592384769539079,0.8818031891940354,0.1448630786393048
4,-0.6,1.8636072144288578,0.8820045792596806,0.14441059623528876
4,-0.6,1.8679759519038077,0.8822005772928495,0.14395473918422608
4,-0.6,1.8723446893787576,0.88239116727932,0.1434955800785414
4,-0.6,1.8767134268537076,0.8825763340816751,0.14303319192321237
4,-0.6,1.8810821643286573,0.882756063456635,0.1425676481193156
4,-0.6,1.8854509018036072,0.882930342072033,0.14209902244691378
4,-0.6,1.8898196392785571,0.883099157523417,0.14162738904728656
4,-0.6,1.894188376753507,0.8832624983502403,0.1411528224045166
4,-0.6,1.898557114228457,0.8834203540516196,0.14067539732643344
4,-0.6,1.902925851703407,0.8835727151016306,0.14019518892493185
4,-0.6,1.9072945891783568,0.8837195729641135,0.13971227259566504
4,-0.6,1.9116633266533067,0.8838609201069609,0.1392267239971365
4,-0.6,1.9160320641282567,0.8839967500158608,0.1387386190291952
4,-0.6,1.9204008016032064,0.8841270572074683,0.13824803381095174
4,-0.6,1.9247695390781563,0.8842518372419772,0.1377550446581302
4,-0.6,1.9291382765531062,0.8843710867350681,0.13725972805987932
4,-0.6,1.9335070140280561,0.8844848033692062,0.13676216065505048
4,-0.6,1.937875751503006,0.8845929859042612,0.13626241920797436
4,-0.6,1.942244488977956,0.8846956341874276,0.13576058058374954
4,-0.6,1.946613226452906,0.8847927491624241,0.13525672172306913
4,-0.6,1.9509819639278558,0.8848843328779387,0.13475091961660995
4,-0.6,1.9553507014028058,0.8849703884953116,0.13424325127900774
4,-0.6,1.9597194388777555,0.8850509202954246,0.13373379372244829
4,-0.6,1.9640881763527054,0.8851259336847779,0.13322262392989517
4,-0.6,1.9684569138276553,0.8851954352007404,0.1327098188279936
4,-0.6,1.9728256513026052,0.8852594325159525,0.13219545525966958
4,-0.6,1.9771943887775552,0.8853179344418617,0.13167960995646308
4,-0.6,1.981563126252505,0.8853709509313821,0.13116235951062402
4,-0.6,1.985931863727455,0.8854184930806581,0.13064378034700289
4,-0.6,1.990300601202405,0.8854605731299251,0.13012394869477234
4,-0.6,1.9946693386773549,0.88549720446345,0.12960294055901453
4,-0.6,1.9990380761523046,0.8855284016085472,0.129080831692205
4,-0.6,2.0034068136272545,0.885554180233662,0.12855769756563784
4,-0.6,2.0077755511022044,0.8855745571455094,0.12803361334081315
4,-0.6,2.0121442885771543,0.8855895502852719,0.12750865384084542
4,-0.6,2.0165130260521043,0.8855991787238481,0.12698289352191003
4,-0.6,2.020881763527054,0.8856034626561496,0.1264564064447764
4,-0.6,2.025250501002004,0.8856024233944554,0.12592926624646267
4,-0.6,2.029619238476954,0.8855960833608125,0.12540154611204948
4,-0.6,2.033987975951904,0.8855844660785017,0.12487331874669258
4,-0.6,2.038356713426854,0.885567596162564,0.12434465634786986
4,-0.6,2.042725450901804,0.8855454993093979,0.12381563057790056
4,-0.6,2.0470941883767537,0.8855182022854401,0.12328631253677616
4,-0.6,2.0514629258517036,0.8854857329149395,0.12275677273533822
4,-0.6,2.0558316633266536,0.8854481200668329,0.12222708106883887
4,-0.6,2.060200400801603,0.8854053936407452,0.12169730679092157
4,-0.6,2.064569138276553,0.8853575845521261,0.12116751848805726
4,-0.6,2.068937875751503,0.8853047247165396,0.12063778405446869
4,-0.6,2.073306613226453,0.8852468470331314,0.12010817066757933
4,-0.6,2.0776753507014027,0.8851839853672892,0.1195787447640132
4,-0.6,2.0820440881763527,0.8851161745325266,0.11904957201618914
4,-0.6,2.0864128256513026,0.885043450271607,0.11852071730952508
4,-0.6,2.0907815631262525,0.884965849236939,0.11799224472029586
4,-0.6,2.0951503006012024,0.8848834089702659,0.11746421749415958
4,-0.6,2.0995190380761524,0.8847961678816844,0.1169366980253924
4,-0.6,2.1038877755511023,0.8847041652280114,0.11640974783684277
4,-0.6,2.108256513026052,0.884607441090543,0.1158834275606441
4,-0.6,2.112625250501002,0.8845060363522247,0.11535779691969478
4,-0.6,2.116993987975952,0.8843999926742747,0.11483291470993567
4,-0.6,2.121362725450902,0.8842893524722863,0.11430883878343805
4,-0.6,2.125731462925852,0.8841741588918534,0.11378562603232337
4,-0.6,2.130100200400802,0.8840544557837403,0.11326333237352965
4,-0.6,2.1344689378757518,0.8839302876786482,0.11274201273444032
4,-0.6,2.1388376753507012,0.8838016997615957,0.1122217210393767
4,-0.6,2.143206412825651,0.8836687378459687,0.11170251019699023
4,-0.6,2.147575150300601,0.8835314483472587,0.11118443208852974
4,-0.6,2.151943887775551,0.8833898782565395,0.11066753755702013
4,-0.6,2.156312625250501,0.8832440751137127,0.1101518763973411
4,-0.6,2.160681362725451,0.883094086980561,0.1096374973472141
4,-0.6,2.165050100200401,0.8829399624136447,0.10912444807910217
4,-0.6,2.1694188376753507,0.8827817504370781,0.10861277519301658
4,-0.6,2.1737875751503006,0.8826195005152256,0.10810252421023589
4,-0.6,2.1781563126252506,0.88245326252535,0.10759373956792909
4,-0.6,2.1825250501002005,0.8822830867302454,0.10708646461467974
4,-0.6,2.1868937875751504,0.8821090237509004,0.10658074160690477
4,-0.6,2.1912625250501003,0.8819311245392143,0.10607661170615948
4,-0.6,2.1956312625250503,0.8817494403508054,0.1055741149773218
4,-0.6,2.2,0.8815640227179472,0.1050732903876408
5,-0.8,0.02,0.8260335287509533,-0.6047532960625014
5,-0.8,0.0243687374749499,0.8258141525114955,-0.5983146469732679
5,-0.8,0.0287374749498998,0.8255962552644162,-0.5919263596988272
5,-0.8,0.0331062124248497,0.8253798436241901,-0.5855880036309211
5,-0.8,0.0374749498997996,0.8251649243633458,-0.5792991521918888
5,-0.8,0.0418436873747495,0.8249515044073492,-0.5730593828009458
5,-0.8,0.046212424849699396,0.8247395908294893,-0.5668682768407076
5,-0.8,0.0505811623246493,0.8245291908457713,-0.5607254196239444
5,-0.8,0.0549498997995992,0.8243203118098102,-0.5546304003605755
5,-0.8,0.0593186372745491,0.824112961207739,-0.5485828121248958
5,-0.8,0.063687374749499,0.8239071466531162,-0.5425822518230311
5,-0.8,0.0680561122244489,0.8237028758818526,-0.536628320160619
5,-0.8,0.0724248496993988,0.8235001567471443,-0.5307206216107169
5,-0.8,0.0767935871743487,0.8232989972144229,-0.5248587643819297
5,-0.8,0.0811623246492986,0.8230994053563151,-0.5190423603867597
5,-0.8,0.0855310621242485,0.8229013893476277,-0.5132710252101675
5,-0.8,0.0898997995991984,0.8227049574603404,-0.5075443780783563
5,-0.8,0.0942685370741483,0.8225101180586271,-0.5018620418277598
5,-0.8,0.0986372745490982,0.8223168795938921,-0.49622364287424786
5,-0.8,0.1030060120240481,0.822125250599833,-0.49062881118253393
5,-0.8,0.107374749498998,0.8219352396875256,-0.48507718023579405
5,-0.8,0.1117434869739479,0.8217468555405347,-0.47956838700548643
5,-0.8,0.11611222444889781,0.8215601069100523,-0.4741020719213733
5,-0.8,0.1204809619238477,0.8213750026100646,-0.4686778788417463
5,-0.8,0.1248496993987976,0.8211915515125483,-0.46329545502384667
5,-0.8,0.12921843687374748,0.8210097625427,-0.4579544510944836
5,-0.8,0.13358717434869738,0.8208296446741938,-0.45265452102084924
5,-0.8,0.1379559118236473,0.8206512069244801,-0.44739532208152516
5,-0.8,0.1423246492985972,0.8204744583501135,-0.4421765148376821
5,-0.8,0.1466933867735471,0.8202994080421205,-0.4369977631044695
5,-0.8,0.151062124248497,0.8201260651214056,-0.4318587339225947
5,-0.8,0.1554308617234469,0.8199544387341962,-0.42675909753008895
5,-0.8,0.15979959919839679,0.8197845380475248,-0.4216985273342622
5,-0.8,0.16416833667334668,0.8196163722447605,-0.41667669988383926
5,-0.8,0.16853707414829658,0.8194499505211768,-0.4116932948412824
5,-0.8,0.17290581162324647,0.8192852820795636,-0.40674799495529756
5,-0.8,0.17727454909819637,0.81912237612589,-0.4018404860335198
5,-0.8,0.1816432865731463,0.8189612418650086,-0.39697045691537913
5,-0.8,0.1860120240480962,0.8188018884964059,-0.39213759944514986
5,-0.8,0.1903807615230461,0.818644325210007,-0.3873416084451729
5,-0.8,0.19474949899799598,0.8184885611820242,-0.3825821816892599
5,-0.8,0.19911823647294588,0.8183346055708564,-0.3778590198762718
5,-0.8,0.20348697394789578,0.8181824675130424,-0.37317182660387466
5,-0.8,0.20785571142284567,0.8180321561192645,-0.36852030834246896
5,-0.8,0.2122244488977956,0.817883680470402,-0.3639041744092951
5,-0.8,0.2165931863727455,0.8177370496136451,-0.3593231369427098
5,-0.8,0.2209619238476954,0.8175922725586536,-0.35477691087663804
5,-0.8,0.2253306613226453,0.8174493582737811,-0.35026521391519344
5,-0.8,0.22969939879759518,0.8173083156823457,-0.34578776650747584
5,-0.8,0.23406813627254508,0.8171691536589616,-0.34134429182253223
5,-0.8,0.23843687374749498,0.8170318810259268,-0.33693451572449407
5,-0.8,0.24280561122244487,0.8168965065496682,-0.3325581667478808
5,-0.8,0.24717434869739477,0.8167630389372422,-0.3282149760730727
5,-0.8,0.2515430861723447,0.8166314868328972,-0.32390467750195495
5,-0.8,0.2559118236472946,0.8165018588146924,-0.3196270074337259
5,-0.8,0.2602805611222445,0.816374163391176,-0.315381704840874
5,-0.8,0.2646492985971944,0.816248408998122,-0.31116851124532446
5,-0.8,0.2690180360721443,0.8161246039953298,-0.3069871706947484
5,-0.8,0.27338677354709423,0.8160027566634802,-0.30283742973903977
5,-0.8,0.2777555110220441,0.8158828752010526,-0.2987190374069601
5,-0.8,0.282124248496994,0.8157649677213031,-0.2946317451829449
5,-0.8,0.2864929859719439,0.8156490422493036,-0.29057530698407763
5,-0.8,0.2908617234468938,0.8155351067190384,-0.2865494791372257
5,-0.8,0.2952304609218437,0.8154231689705662,-0.28255402035634436
5,-0.8,0.2995991983967936,0.8153132367472389,-0.2785886917199391
5,-0.8,0.30396793587174353,0.8152053176929833,-0.27465325664869644
5,-0.8,0.3083366733466934,0.8150994193496408,-0.2707474808832743
5,-0.8,0.3127054108216433,0.8149955491543706,-0.26687113246225663
5,-0.8,0.3170741482965932,0.8148937144371127,-0.2630239817002698
5,-0.8,0.3214428857715431,0.8147939224181099,-0.25920580116625963
5,-0.8,0.325811623246493,0.8146961802054903,-0.2554163656619332
5,-0.8,0.3301803607214429,0.8146004947929114,-0.25165545220035823
5,-0.8,0.3345490981963928,0.8145068730572611,-0.24792283998472528
5,-0.8,0.3389178356713427,0.814415321756421,-0.24421831038726932
5,-0.8,0.34328657314629263,0.814325847527088,-0.24054164692835275
5,-0.8,0.3476553106212425,0.8142384568826521,-0.23689263525570733
5,-0.8,0.3520240480961924,0.8141531562111373,-0.23327106312383425
5,-0.8,0.3563927855711423,0.8140699517731967,-0.22967672037356576
5,-0.8,0.3607615230460922,0.8139888497001679,-0.2261093989117825
5,-0.8,0.3651302605210421,0.8139098559921834,-0.22256889269129143
5,-0.8,0.369498997995992,0.8138329765163411,-0.21905499769085937
5,-0.8,0.37386773547094193,0.813758217004927,-0.21556751189540654
5,-0.8,0.3782364729458918,0.813685583053697,-0.21210623527635364
5,-0.8,0.3826052104208417,0.8136150801202129,-0.2086709697721291
5,-0.8,0.3869739478957916,0.8135467135222338,-0.20526151926882913
5,-0.8,0.3913426853707415,0.8134804884361602,-0.20187768958103494
5,-0.8,0.3957114228456914,0.8134164098955341,-0.19851928843278663
5,-0.8,0.4000801603206413,0.8133544827895902,-0.195186125438708
5,-0.8,0.40444889779559123,0.8132947118618619,-0.19187801208528893
5,-0.8,0.4088176352705411,0.8132371017088346,-0.1885947617123213
5,-0.8,0.413186372745491,0.8131816567786574,-0.18533618949448466
5,-0.8,0.4175551102204409,0.8131283813698977,-0.18210211242308957
5,-0.8,0.4219238476953908,0.8130772796303525,-0.17889234928797018
5,-0.8,0.4262925851703407,0.813028355555903,-0.17570672065952792
5,-0.8,0.4306613226452906,0.8129816129894223,-0.17254504887092878
5,-0.8,0.4350300601202405,0.8129370556197287,-0.16940715800044942
5,-0.8,0.4393987975951904,0.8128946869805869,-0.1662928738539731
5,-0.8,0.44376753507014033,0.8128545104497544,-0.1632020239476363
5,-0.8,0.4481362725450902,0.8128165292480753,-0.16013443749062292
5,-0.8,0.4525050100200401,0.8127807464386186,-0.1570899453681084
5,-0.8,0.45687374749499,0.8127471649258582,-0.15406838012434731
5,-0.8,0.4612424849699399,0.812715787454902,-0.15106957594591394
5,-0.8,0.4656112224448898,0.8126866166107564,-0.1480933686450839
5,-0.8,0.4699799599198397,0.8126596548176388,-0.14513959564336382
5,-0.8,0.4743486973947896,0.8126349043383281,-0.14220809595516598
5,-0.8,0.4787174348697395,0.8126123672735565,-0.13929871017162607
5,-0.8,0.4830861723446894,0.8125920455614398,-0.13641128044456585
5,-0.8,0.4874549098196393,0.8125739409769501,-0.1335456504705969
5,-0.8,0.4918236472945892,0.8125580551314205,-0.1307016654753685
5,-0.8,0.4961923847695391,0.812544389472093,-0.12787917219795514
5,-0.8,0.500561122244489,0.8125329452816991,-0.1250780188753859
5,-0.8,0.5049298597194388,0.8125237236780782,-0.12229805522731298
5,-0.8,0.5092985971943887,0.8125167256138298,-0.11953913244081951
5,-0.8,0.5136673346693387,0.8125119518759989,-0.11680110315536495
5,-0.8,0.5180360721442886,0.8125094030857992,-0.11408382144787041
5,-0.8,0.5224048096192385,0.8125090796983623,-0.1113871428179368
5,-0.8,0.5267735470941884,0.8125109820025236,-0.10871092417320337
5,-0.8,0.5311422845691383,0.8125151101206397,-0.10605502381483572
5,-0.8,0.5355110220440882,0.8125214640084302,-0.10341930142315521
5,-0.8,0.5398797595190381,0.8125300434548566,-0.10080361804339454
5,-0.8,0.544248496993988,0.8125408480820251,-0.09820783607159139
5,-0.8,0.548617234468938,0.8125538773451186,-0.09563181924060911
5,-0.8,0.5529859719438878,0.8125691305323577,-0.09307543260629318
5,-0.8,0.5573547094188377,0.812586606764984,-0.09053854253375349
5,-0.8,0.5617234468937876,0.8126063049972745,-0.08802101668377642
5,-0.8,0.5660921843687375,0.8126282240165776,-0.08552272399936725
5,-0.8,0.5704609218436874,0.8126523624433745,-0.08304353469241786
5,-0.8,0.5748296593186373,0.8126787187313639,-0.08058332023050031
5,-0.8,0.5791983967935872,0.8127072911675713,-0.0781419533237869
5,-0.8,0.5835671342685371,0.8127380778724764,-0.07571930791209602
5,-0.8,0.587935871743487,0.8127710768001676,-0.07331525915205722
5,-0.8,0.5923046092184369,0.8128062857385137,-0.07092968340440428
5,-0.8,0.5966733466933868,0.8128437023093564,-0.06856245822138476
5,-0.8,0.6010420841683367,0.8128833239687224,-0.06621346233429465
5,-0.8,0.6054108216432866,0.8129251480070562,-0.06388257564113026
5,-0.8,0.6097795591182364,0.8129691715494669,-0.06156967919435962
5,-0.8,0.6141482965931864,0.8130153915559979,-0.05927465518880991
5,-0.8,0.6185170340681363,0.813063804821909,-0.05699738694967717
5,-0.8,0.6228857715430862,0.8131144079779781,-0.05473775892064385
5,-0.8,0.6272545090180361,0.8131671974908162,-0.052495656652118666
5,-0.8,0.631623246492986,0.8132221696631985,-0.05027096678958565
5,-0.8,0.6359919839679359,0.8132793206344102,-0.04806357706206833
5,-0.8,0.6403607214428858,0.8133386463806075,-0.04587337627070523
5,-0.8,0.6447294589178357,0.813400142715188,-0.04370025427743668
5,-0.8,0.6490981963927855,0.8134638052891778,-0.04154410199380109
5,-0.8,0.6534669338677355,0.8135296295916297,-0.03940481136984005
5,-0.8,0.6578356713426854,0.8135976109500316,-0.037282275383112636
5,-0.8,0.6622044088176353,0.813667744530729,-0.035176388027816224
5,-0.8,0.6665731462925852,0.8137400253393551,-0.03308704430401118
5,-0.8,0.670941883767535,0.8138144482212725,-0.031014140206954734
5,-0.8,0.675310621242485,0.8138910078620246,-0.02895757271653462
5,-0.8,0.6796793587174349,0.813969698787796,-0.026917239786809582
5,-0.8,0.6840480961923848,0.8140505153658805,-0.02489304033564795
5,-0.8,0.6884168336673347,0.814133451805159,-0.022884874234470155
5,-0.8,0.6927855711422846,0.8142185021565844,-0.020892642298091027
5,-0.8,0.6971543086172345,0.8143056603136722,-0.018916246274659564
5,-0.8,0.7015230460921844,0.8143949200130007,-0.016955588835696794
5,-0.8,0.7058917835671343,0.8144862748347151,-0.015010573566233696
5,-0.8,0.7102605210420841,0.8145797182030395,-0.01308110495504127
5,-0.8,0.7146292585170341,0.8146752433867919,-0.01116708838495708
5,-0.8,0.718997995991984,0.8147728434999074,-0.009268430123306984
5,-0.8,0.7233667334669339,0.8148725115019642,-0.007385037312418297
5,-0.8,0.7277354709418838,0.8149742401987137,-0.005516817960225893
5,-0.8,0.7321042084168337,0.8150780222426152,-0.0036636809309690327
5,-0.8,0.7364729458917836,0.815183850133376,-0.0018255359359786014
5,-0.8,0.7408416833667335,0.81529171621849,-2.293524552023941e-06
5,-0.8,0.7452104208416834,0.8154016126937849,0.0018061349250800818
5,-0.8,0.7495791583166332,0.8155135316039668,0.0035998372147047096
5,-0.8,0.7539478957915832,0.815627464843172,0.005378900334988834
5,-0.8,0.7583166332665331,0.8157434041555166,0.0071434104742560435
5,-0.8,0.762685370741483,0.8158613411356493,0.008893453027178711
5,-0.8,0.7670541082164329,0.8159812672293059,0.010629112603390656
5,-0.8,0.7714228456913828,0.8161031737338652,0.0123504730360118
5,-0.8,0.7757915831663327,0.8162270517989043,0.01405761739009617
5,-0.8,0.7801603206412826,0.816352892426755,0.015750627970997418
5,-0.8,0.7845290581162325,0.8164806864730605,0.017429586332654762
5,-0.8,0.7888977955911824,0.8166104246473335,0.01909457328580165
5,-0.8,0.7932665330661323,0.8167420975135105,0.020745668906096637
5,-0.8,0.7976352705410822,0.8168756954905096,0.022382952542175767
5,-0.8,0.8020040080160321,0.8170112088527859,0.024006502823632703
5,-0.8,0.806372745490982,0.8171486277308843,0.02561639766892138
5,-0.8,0.8107414829659318,0.8172879421119948,0.02721271429318589
5,-0.8,0.8151102204408818,0.8174291418405027,0.02879552921601774
5,-0.8,0.8194789579158317,0.8175722166185418,0.030364918269141186
5,-0.8,0.8238476953907816,0.8177171560065403,0.03192095660402664
5,-0.8,0.8282164328657315,0.8178639494237695,0.033463718699435374
5,-0.8,0.8325851703406814,0.8180125861488902,0.03499327836889362
5,-0.8,0.8369539078156313,0.8181630553204912,0.03650970876809975
5,-0.8,0.8413226452905812,0.8183153459376359,0.03801308240226399
5,-0.8,0.8456913827655311,0.8184694468603959,0.039503471133379174
5,-0.8,0.8500601202404809,0.818625346810389,0.040980946187429965
5,-0.8,0.8544288577154309,0.8187830343713105,0.04244557816153382
5,-0.8,0.8587975951903808,0.8189424979894664,0.04389743703102084
5,-0.8,0.8631663326653307,0.819103725974298,0.045336592156447975
5,-0.8,0.8675350701402806,0.8192667064989071,0.046763112290552994
5,-0.8,0.8719038076152305,0.8194314276005774,0.048177065585147914
5,-0.8,0.8762725450901804,0.8195978771812936,0.04957851959794935
5,-0.8,0.8806412825651303,0.8197660430082554,0.05096754129935242
5,-0.8,0.8850100200400802,0.8199359127143891,0.052344197079142944
5,-0.8,0.88937875751503,0.8201074737988577,0.053708552753154906
5,-0.8,0.89374749498998,0.8202807136275638,0.05506067356986887
5,-0.8,0.8981162324649299,0.8204556194336524,0.05640062421695448
5,-0.8,0.9024849699398798,0.8206321783180093,0.05772846882775888
5,-0.8,0.9068537074148297,0.8208103772497553,0.05904427098773906
5,-0.8,0.9112224448897795,0.8209902030667385,0.06034809374084161
5,-0.8,0.9155911823647295,0.8211716424760205,0.06163999959582984
5,-0.8,0.9199599198396794,0.821354682054362,0.06292005053255735
5,-0.8,0.9243286573146293,0.8215393082487038,0.06418830800819134
5,-0.8,0.9286973947895791,0.8217255073766431,0.06544483296338699
5,-0.8,0.9330661322645291,0.8219132656269085,0.06668968582840862
5,-0.8,0.937434869739479,0.8221025690598297,0.06792292652920547
5,-0.8,0.9418036072144289,0.8222934036078052,0.06914461449343723
5,-0.8,0.9461723446893788,0.8224857550757665,0.07035480865645384
5,-0.8,0.9505410821643286,0.8226796091416366,0.07155356746722638
5,-0.8,0.9549098196392786,0.822874951356791,0.07274094889423557
5,-0.8,0.9592785571142285,0.8230717671465074,0.07391701043131162
5,-0.8,0.9636472945891784,0.823270041810421,0.07508180910343362
5,-0.8,0.9680160320641283,0.823469760522969,0.0762354014724811
5,-0.8,0.9723847695390782,0.8236709083338384,0.07737784364294671
5,-0.8,0.9767535070140281,0.8238734701684067,0.07850919126760506
5,-0.8,0.981122244488978,0.8240774308281821,0.07962949955313951
5,-0.8,0.9854909819639279,0.8242827749912406,0.0807388232657307
5,-0.8,0.9898597194388777,0.8244894872126601,0.08183721673660292
5,-0.8,0.9942284569138277,0.8246975519249525,0.08292473386753228
5,-0.8,0.9985971943887776,0.8249069534384941,0.08400142813631702
5,-0.8,1.0029659318637274,0.8251176759419522,0.08506735260220905
5,-0.8,1.0073346693386773,0.8253297035027126,0.08612255991130899
5,-0.8,1.0117034068136272,0.8255430200673023,0.08716710230192488
5,-0.8,1.0160721442885772,0.8257576094618115,0.0882010316098946
5,-0.8,1.020440881763527,0.8259734553923171,0.0892243992738747
5,-0.8,1.024809619238477,0.8261905414452979,0.09023725634059325
5,-0.8,1.029178356713427,0.826408851088057,0.09123965347007035
5,-0.8,1.0335470941883769,0.8266283676691375,0.09223164094080497
5,-0.8,1.0379158316633268,0.8268490744187392,0.09321326865492953
5,-0.8,1.0422845691382765,0.8270709544491358,0.09418458614333279
5,-0.8,1.0466533066132264,0.8272939907550897,0.09514564257075266
5,-0.8,1.0510220440881763,0.8275181662142693,0.09609648674083614
5,-0.8,1.0553907815631263,0.827743463587663,0.09703716710117283
5,-0.8,1.0597595190380762,0.8279698655199981,0.0979677317482967
5,-0.8,1.0641282565130261,0.8281973545401548,0.0988882284326597
5,-0.8,1.068496993987976,0.828425913061587,0.09979870456357957
5,-0.8,1.072865731462926,0.8286555233827392,0.10069920721415673
5,-0.8,1.0772344689378759,0.8288861676874676,0.10158978312616805
5,-0.8,1.0816032064128256,0.8291178280454625,0.10247047871493177
5,-0.8,1.0859719438877755,0.8293504864126708,0.10334134007414832
5,-0.8,1.0903406813627254,0.8295841246317248,0.10420241298071607
5,-0.8,1.0947094188376754,0.829818724432368,0.1050537428995223
5,-0.8,1.0990781563126253,0.8300542674318895,0.10589537498821028
5,-0.8,1.1034468937875752,0.8302907351355562,0.10672735410192274
5,-0.8,1.1078156312625251,0.830528108937052,0.10754972479802401
5,-0.8,1.112184368737475,0.8307663701189214,0.10836253134079911
5,-0.8,1.116553106212425,0.8310054998530128,0.10916581770612983
5,-0.8,1.1209218436873747,0.8312454792009323,0.10995962758615171
5,-0.8,1.1252905811623246,0.8314862891144957,0.1107440043938903
5,-0.8,1.1296593186372745,0.8317279104361939,0.1115189912678758
5,-0.8,1.1340280561122245,0.8319703238996534,0.11228463107673811
5,-0.8,1.1383967935871744,0.8322135101301142,0.1130409664237855
5,-0.8,1.1427655310621243,0.8324574496449055,0.11378803965156067
5,-0.8,1.1471342685370742,0.832702122853931,0.11452589284638257
5,-0.8,1.1515030060120242,0.8329475100601635,0.11525456784286722
5,-0.8,1.155871743486974,0.8331935914601426,0.11597410622843249
5,-0.8,1.1602404809619238,0.8334403471444851,0.11668454934778727
5,-0.8,1.1646092184368737,0.8336877570983998,0.11738593830740267
5,-0.8,1.1689779559118236,0.8339358012022153,0.11807831397996826
5,-0.8,1.1733466933867736,0.8341844592319123,0.11876171700883131
5,-0.8,1.1777154308617235,0.8344337108596693,0.11943618781242368
5,-0.8,1.1820841683366734,0.8346835356544191,0.1201017665886711
5,-0.8,1.1864529058116233,0.8349339130824109,0.1207584933193896
5,-0.8,1.1908216432865733,0.8351848225077914,0.12140640777466795
5,-0.8,1.1951903807615232,0.8354362431931893,0.12204554951723685
5,-0.8,1.1995591182364729,0.8356881543003192,0.12267595790682331
5,-0.8,1.2039278557114228,0.8359405348905932,0.12329767210449381
5,-0.8,1.2082965931863727,0.8361933639257493,0.12391073107698482
5,-0.8,1.2126653306613226,0.8364466202684903,0.12451517360101974
5,-0.8,1.2170340681362726,0.8367002826831401,0.1251110382676154
5,-0.8,1.2214028056112225,0.8369543298363119,0.12569836348637678
5,-0.8,1.2257715430861724,0.8372087402975953,0.12627718748977831
5,-0.8,1.2301402805611223,0.8374634925402568,0.12684754833743792
5,-0.8,1.2345090180360723,0.8377185649419563,0.12740948392037685
5,-0.8,1.238877755511022,0.8379739357854833,0.12796303196526984
5,-0.8,1.243246492985972,0.8382295832595105,0.12850823003868714
5,-0.8,1.2476152304609218,0.8384854854593622,0.12904511555132192
5,-0.8,1.2519839679358717,0.8387416203878066,0.12957372576221282
5,-0.8,1.2563527054108217,0.8389979659558646,0.13009409778295292
5,-0.8,1.2607214428857716,0.8392544999836388,0.1306062685818911
5,-0.8,1.2650901803607215,0.8395112002011658,0.13111027498832337
5,-0.8,1.2694589178356714,0.8397680442492865,0.13160615369667542
5,-0.8,1.2738276553106214,0.8400250096805422,0.13209394127067384
5,-0.8,1.278196392785571,0.8402820739600895,0.13257367414751203
5,-0.8,1.282565130260521,0.8405392144666427,0.1330453886420051
5,-0.8,1.286933867735471,0.8407964084934377,0.13350912095073356
5,-0.8,1.2913026052104208,0.8410536332492211,0.13396490715618292
5,-0.8,1.2956713426853708,0.8413108658592666,0.13441278323087102
5,-0.8,1.3000400801603207,0.8415680833664135,0.13485278504146778
5,-0.8,1.3044088176352706,0.8418252627321385,0.1352849483529045
5,-0.8,1.3087775551102205,0.842082380837648,0.13570930883247892
5,-0.8,1.3131462925851705,0.8423394144850045,0.13612590205394362
5,-0.8,1.3175150300601204,0.8425963403982791,0.13653476350159396
5,-0.8,1.32188376753507,0.842853135224734,0.1369359285743407
5,-0.8,1.32625250501002,0.8431097755360366,0.137329432589777
5,-0.8,1.33062124248497,0.8433662378295039,0.13771531078823374
5,-0.8,1.3349899799599199,0.8436224985293806,0.13809359833682605
5,-0.8,1.3393587174348698,0.843878533988147,0.13846433033349329
5,-0.8,1.3437274549098197,0.8441343204878627,0.13882754181102241
5,-0.8,1.3480961923847696,0.8443898342415447,0.13918326774106876
5,-0.8,1.3524649298597196,0.8446450513945797,0.1395315430381619
5,-0.8,1.3568336673346695,0.844899948026172,0.13987240256370118
5,-0.8,1.3612024048096192,0.8451545001508287,0.14020588112994162
5,-0.8,1.365571142284569,0.845408683719883,0.1405320135039692
5,-0.8,1.369939879759519,0.8456624746230519,0.1408508344116626
5,-0.8,1.374308617234469,0.8459158486900391,0.14116237854164385
5,-0.8,1.3786773547094189,0.8461687816921719,0.14146668054921602
5,-0.8,1.3830460921843688,0.8464212493440816,0.14176377506029045
5,-0.8,1.3874148296593187,0.846673227305423,0.14205369667529638
5,-0.8,1.3917835671342687,0.8469246911826401,0.14233647997308171
5,-0.8,1.3961523046092186,0.8471756165307681,0.1426121595147944
5,-0.8,1.4005210420841683,0.8474259788552849,0.1428807698477545
5,-0.8,1.4048897795591182,0.8476757536140043,0.14314234550930502
5,-0.8,1.4092585170340681,0.8479249162190142,0.14339692103065083
5,-0.8,1.413627254509018,0.8481734420386614,0.14364453094067975
5,-0.8,1.417995991983968,0.8484213063995817,0.1438852097697649
5,-0.8,1.422364729458918,0.84866848458878,0.1441189920535498
5,-0.8,1.4267334669338678,0.848914951855755,0.14434591233671665
5,-0.8,1.4311022044088177,0.8491606834146758,0.14456600517673035
5,-0.8,1.4354709418837677,0.8494056544466054,0.14477930514756635
5,-0.8,1.4398396793587174,0.8496498401017784,0.14498584684341503
5,-0.8,1.4442084168336673,0.8498932155019231,0.1451856648823647
5,-0.8,1.4485771543086172,0.8501357557426418,0.14537879391006095
5,-0.8,1.4529458917835671,0.8503774358958416,0.14556526860334157
5,-0.8,1.457314629258517,0.8506182310122141,0.14574512367384784
5,-0.8,1.461683366733467,0.8508581161237762,0.1459183938716083
5,-0.8,1.466052104208417,0.8510970662464562,0.1460851139885968
5,-0.8,1.4704208416833668,0.8513350563827431,0.1462453188622594
5,-0.8,1.4747895791583168,0.851572061524386,0.14639904337901816
5,-0.8,1.4791583166332665,0.8518080566551536,0.14654632247773444
5,-0.8,1.4835270541082164,0.8520430167536436,0.1466871911531526
5,-0.8,1.4878957915831663,0.8522769167961577,0.14682168445929888
5,-0.8,1.4922645290581162,0.8525097317596285,0.14694983751285662
5,-0.8,1.4966332665330662,0.852741436624606,0.14707168549649655
5,-0.8,1.501002004008016,0.8529720063783021,0.147187263662178
5,-0.8,1.505370741482966,0.8532014160176967,0.1472966073344066
5,-0.8,1.509739478957916,0.8534296405526997,0.14739975191345478
5,-0.8,1.5141082164328659,0.853656655009373,0.14749673287854134
5,-0.8,1.5184769539078156,0.8538824344332178,0.147587585790966
5,-0.8,1.5228456913827655,0.8541069538925131,0.14767234629720308
5,-0.8,1.5272144288577154,0.8543301884817244,0.14775105013194678
5,-0.8,1.5315831663326653,0.854552113324966,0.14782373312111066
5,-0.8,1.5359519038076153,0.8547727035795285,0.14789043118477738
5,-0.8,1.5403206412825652,0.8549919344394652,0.1479511803400992
5,-0.8,1.544689378757515,0.855209781139241,0.14800601670414415
5,-0.8,1.549058116232465,0.8554262189574431,0.1480549764966898
5,-0.8,1.553426853707415,0.8556412232205514,0.14809809604296068
5,-0.8,1.5577955911823649,0.8558547693067712,0.14813541177630848
5,-0.8,1.5621643286573146,0.8560668326499268,0.14816696024083156
5,-0.8,1.5665330661322645,0.8562773887434161,0.14819277809393588
5,-0.8,1.5709018036072144,0.8564864131442282,0.14821290210883015
5,-0.8,1.5752705410821644,0.8566938814770172,0.14822736917695606
5,-0.8,1.5796392785571143,0.8568997694382408,0.1482362163103556
5,-0.8,1.5840080160320642,0.8571040528003558,0.1482394806439633
5,-0.8,1.5883767535070141,0.8573067074160763,0.14823719943783165
5,-0.8,1.592745490981964,0.8575077092226858,0.1482294100792839
5,-0.8,1.597114228456914,0.8577070342464158,0.14821615008498848
5,-0.8,1.6014829659318637,0.8579046586068729,0.14819745710296087
5,-0.8,1.6058517034068136,0.8581005585215319,0.14817336891448282
5,-0.8,1.6102204408817635,0.8582947103102794,0.14814392343594232
5,-0.8,1.6145891783567135,0.8584870904000159,0.148109158720591
5,-0.8,1.6189579158316634,0.8586776753293119,0.14806911296021266
5,-0.8,1.6233266533066133,0.8588664417531185,0.14802382448671164
5,-0.8,1.6276953907815632,0.8590533664475304,0.14797333177360086
5,-0.8,1.6320641282565131,0.8592384263146006,0.14791767343741047
5,-0.8,1.636432865731463,0.8594215983872056,0.14785688823899235
5,-0.8,1.6408016032064128,0.8596028598339612,0.1477910150847351
5,-0.8,1.6451703406813627,0.8597821879641837,0.14772009302767916
5,-0.8,1.6495390781563126,0.8599595602329001,0.14764416126852978
5,-0.8,1.6539078156312625,0.8601349542459029,0.14756325915657226
5,-0.8,1.6582765531062125,0.8603083477648467,0.14747742619047693
5,-0.8,1.6626452905811624,0.8604797187123883,0.14738670201900347
5,-0.8,1.6670140280561123,0.8606490451773668,0.14729112644159284
5,-0.8,1.6713827655310622,0.8608163054200214,0.1471907394088502
5,-0.8,1.6757515030060122,0.8609814778772445,0.14708558102291394
5,-0.8,1.6801202404809619,0.8611445411678713,0.146975691537713
5,-0.8,1.6844889779559118,0.8613054740979994,0.14686111135910282
5,-0.8,1.6888577154308617,0.8614642556663403,0.1467418810448871
5,-0.8,1.6932264529058116,0.8616208650695957,0.1466180413047173
5,-0.8,1.6975951903807616,0.8617752817078624,0.14648963299986859
5,-0.8,1.7019639278557115,0.8619274851900597,0.14635669714289432
5,-0.8,1.7063326653306614,0.8620774553393729,0.14621927489715145
5,-0.8,1.7107014028056113,0.8622251721987185,0.14607740757620016
5,-0.8,1.7150701402805613,0.8623706160362256,0.1459311366430739
5,-0.8,1.719438877755511,0.8625137673507237,0.14578050370941764
5,-0.8,1.7238076152304609,0.8626546068772464,0.1456255505344932
5,-0.8,1.7281763527054108,0.8627931155925347,0.14546631902405194
5,-0.8,1.7325450901803607,0.8629292747205493,0.14530285122907022
5,-0.8,1.7369138276553107,0.8630630657379796,0.14513518934434855
5,-0.8,1.7412825651302606,0.8631944703797497,0.1449633757069719
5,-0.8,1.7456513026052105,0.8633234706445178,0.1447874527946335
5,-0.8,1.7500200400801604,0.8634500488001695,0.14460746322381204
5,-0.8,1.7543887775551104,0.8635741873892887,0.14442344974781435
5,-0.8,1.75875751503006,0.863695869234622,0.14423545525466835
5,-0.8,1.76312625250501,0.8638150774445155,0.1440435227648806
5,-0.8,1.76749498997996,0.8639317954183285,0.14384769542904013
5,-0.8,1.7718637274549098,0.8640460068518212,0.1436480165252883
5,-0.8,1.7762324649298598,0.8641576957425084,0.14344452945663266
5,-0.8,1.7806012024048097,0.864266846394979,0.14323727774812342
5,-0.8,1.7849699398797596,0.8643734434261732,0.14302630504387873
5,-0.8,1.7893386773547095,0.8644774717706187,0.14281165510396607
5,-0.8,1.7937074148296595,0.864578916685618,0.1425933718011375
5,-0.8,1.7980761523046092,0.8646777637563817,0.1423714991174161
5,-0.8,1.802444889779559,0.8647739989011118,0.14214608114053978
5,-0.8,1.806813627254509,0.8648676083760145,0.14191716206025795
5,-0.8,1.811182364729459,0.8649585787802593,0.1416847861644805
5,-0.8,1.8155511022044089,0.8650468970608617,0.1414489978352868
5,-0.8,1.8199198396793588,0.8651325505174979,0.14120984154478816
5,-0.8,1.8242885771543087,0.8652155268072373,0.1409673618508448
5,-0.8,1.8286573146292586,0.8652958139491975,0.14072160339264714
5,-0.8,1.8330260521042085,0.8653734003291104,0.14047261088615032
5,-0.8,1.8373947895791582,0.8654482747037994,0.14022042911937116
5,-0.8,1.8417635270541082,0.8655204262055631,0.13996510294754935
5,-0.8,1.846132264529058,0.8655898443464557,0.13970667728816893
5,-0.8,1.850501002004008,0.8656565190224694,0.13944519711584677
5,-0.8,1.854869739478958,0.8657204405176047,0.13918070745708871
5,-0.8,1.8592384769539079,0.8657815995078317,0.13891325338491484
5,-0.8,1.8636072144288578,0.8658399870649346,0.13864288001335612
5,-0.8,1.8679759519038077,0.8658955946602335,0.1383696324918267
5,-0.8,1.8723446893787576,0.8659484141681864,0.13809355599936934
5,-0.8,1.8767134268537076,0.8659984378698579,0.13781469573878588
5,-0.8,1.8810821643286573,0.8660456584562581,0.13753309693064486
5,-0.8,1.8854509018036072,0.866090069031544,0.1372488048071779
5,-0.8,1.8898196392785571,0.8661316631160786,0.13696186460606413
5,-0.8,1.894188376753507,0.8661704346493503,0.13667232156410564
5,-0.8,1.898557114228457,0.8662063779927386,0.1363802209107985
5,-0.8,1.902925851703407,0.866239487932131,0.1360856078618045
5,-0.8,1.9072945891783568,0.8662697596803849,0.1357885276123261
5,-0.8,1.9116633266533067,0.8662971888796288,0.1354890253303857
5,-0.8,1.9160320641282567,0.866321771603402,0.13518714615001842
5,-0.8,1.9204008016032064,0.8663435043586295,0.13488293516437982
5,-0.8,1.9247695390781563,0.866362384087428,0.13457643741877362
5,-0.8,1.9291382765531062,0.8663784081687403,0.1342676979036023
5,-0.8,1.9335070140280561,0.8663915744197939,0.13395676154724906
5,-0.8,1.937875751503006,0.8664018810973843,0.13364367320889137
5,-0.8,1.942244488977956,0.8664093268989796,0.13332847767125358
5,-0.8,1.946613226452906,0.8664139109636391,0.13301121963330523
5,-0.8,1.9509819639278558,0.8664156328727515,0.13269194370290344
5,-0.8,1.9553507014028058,0.8664144926505837,0.13237069438939586
5,-0.8,1.9597194388777555,0.866410490764645,0.13204751609617515
5,-0.8,1.9640881763527054,0.8664036281258561,0.13172245311320677
5,-0.8,1.9684569138276553,0.8663939060885313,0.13139554960951788
5,-0.8,1.9728256513026052,0.8663813264501636,0.13106684962566956
5,-0.8,1.9771943887775552,0.8663658914510198,0.13073639706620552
5,-0.8,1.981563126252505,0.8663476037735367,0.13040423569209011
5,-0.8,1.985931863727455,0.8663264665415226,0.13007040911313955
5,-0.8,1.990300601202405,0.8663024833191624,0.12973496078044855
5,-0.8,1.9946693386773549,0.8662756581098261,0.12939793397882637
5,-0.8,1.9990380761523046,0.8662459953546785,0.12905937181923807
5,-0.8,2.0034068136272545,0.8662134999310922,0.12871931723126548
5,-0.8,2.0077755511022044,0.866178177150864,0.12837781295558864
5,-0.8,2.0121442885771543,0.866140032758235,0.12803490153649733
5,-0.8,2.0165130260521043,0.8660990729277129,0.12769062531443257
5,-0.8,2.020881763527054,0.8660553042617,0.12734502641857234
5,-0.8,2.025250501002004,0.866008733787927,0.12699814675946078
5,-0.8,2.029619238476954,0.8659593689566953,0.12665002802168926
5,-0.8,2.033987975951904,0.8659072176379228,0.12630071165663503
5,-0.8,2.038356713426854,0.8658522881180062,0.125950238875263
5,-0.8,2.042725450901804,0.8657945890964901,0.12559865064099807
5,-0.8,2.0470941883767537,0.8657341296825536,0.12524598766267017
5,-0.8,2.0514629258517036,0.8656709193913098,0.1248922903875386
5,-0.8,2.0558316633266536,0.8656049681399277,0.12453759899440672
5,-0.8,2.060200400801603,0.8655362862435716,0.1241819533868242
5,-0.8,2.064569138276553,0.8654648844111679,0.1238253931863847
5,-0.8,2.068937875751503,0.8653907737409974,0.12346795772613085
5,-0.8,2.073306613226453,0.8653139657161183,0.12310968604406079
5,-0.8,2.0776753507014027,0.8652344721996229,0.1227506168767498
5,-0.8,2.0820440881763527,0.8651523054297324,0.12239078865308806
5,-0.8,2.0864128256513026,0.8650674780147317,0.1220302394881407
5,-0.8,2.0907815631262525,0.8649800029277508,0.12166900717713239
5,-0.8,2.0951503006012024,0.8648898935013931,0.12130712918956614
5,-0.8,2.0995190380761524,0.8647971634222194,0.12094464266347445
5,-0.8,2.1038877755511023,0.8647018267250871,0.12058158439981065
5,-0.8,2.108256513026052,0.8646038977873542,0.12021799085698599
5,-0.8,2.112625250501002,0.8645033913229478,0.11985389814554918
5,-0.8,2.116993987975952,0.8644003223763062,0.11948934202302335
5,-0.8,2.121362725450902,0.8642947063161943,0.11912435788889034
5,-0.8,2.125731462925852,0.8641865588294052,0.11875898077974198
5,-0.8,2.130100200400802,0.8640758959143435,0.11839324536458148
5,-0.8,2.1344689378757518,0.8639627338745024,0.11802718594029943
5,-0.8,2.1388376753507012,0.8638470893118392,0.11766083642730803
5,-0.8,2.143206412825651,0.8637289791200502,0.11729423036535117
5,-0.8,2.147575150300601,0.8636084204777552,0.11692740090948264
5,-0.8,2.151943887775551,0.8634854308415959,0.11656038082621895
5,-0.8,2.156312625250501,0.8633600279392494,0.11619320248986839
5,-0.8,2.160681362725451,0.8632322297623709,0.11582589787903849
5,-0.8,2.165050100200401,0.8631020545594636,0.1154584985733204
5,-0.8,2.1694188376753507,0.8629695208286838,0.11509103575015724
5,-0.8,2.1737875751503006,0.8628346473105898,0.11472354018189213
5,-0.8,2.1781563126252506,0.8626974529808332,0.1143560422329984
5,-0.8,2.1825250501002005,0.8625579570428099,0.1139885718574961
5,-0.8,2.1868937875751504,0.8624161789202618,0.11362115859654962
5,-0.8,2.1912625250501003,0.8622721382498487,0.11325383157625203
5,-0.8,2.1956312625250503,0.8621258548736854,0.11288661950559309
5,-0.8,2.2,0.8619773488318573,0.11251955067461085
