curve_index,ki,kr,omega_r,omega_i
1,0.0,0.02,0.019617508694381103,-0.0027266053109128575
1,0.0,0.0243687374749499,0.023803292044929068,-0.003651495772644105
1,0.0,0.0287374749498998,0.027954428465187888,-0.004656323777948918
1,0.0,0.0331062124248497,0.03207136183849038,-0.0057330871422894445
1,0.0,0.0374749498997996,0.03615453100890088,-0.006875352192367123
1,0.0,0.0418436873747495,0.040204369834799865,-0.008077786494760182
1,0.0,0.046212424849699396,0.04422130724190776,-0.009335867878868588
1,0.0,0.0505811623246493,0.048205767275772485,-0.010645692226580078
1,0.0,0.0549498997995992,0.05215816915372017,-0.012003840508485963
1,0.0,0.0593186372745491,0.05607892731627526,-0.013407283363180653
1,0.0,0.063687374749499,0.05996845147804853,-0.014853310530995412
1,0.0,0.0680561122244489,0.06382714667813057,-0.01633947733787888
1,0.0,0.0724248496993988,0.06765541332992976,-0.01786356322777574
1,0.0,0.0767935871743487,0.07145364727053799,-0.019423539062968773
1,0.0,0.0811623246492986,0.07522223980957234,-0.021017540892542885
1,0.0,0.0855310621242485,0.07896157777751765,-0.022643848645119955
1,0.0,0.0898997995991984,0.08267204357358779,-0.02430086857960455
1,0.0,0.0942685370741483,0.08635401521307308,-0.025987118698452872
1,0.0,0.0986372745490982,0.0900078663742352,-0.027701216473931447
1,0.0,0.1030060120240481,0.09363396644468917,-0.029441868461865296
1,0.0,0.107374749498998,0.09723268056733107,-0.031207861408370802
1,0.0,0.1117434869739479,0.10080436968579043,-0.032998054603105176
1,0.0,0.11611222444889781,0.10434939058941405,-0.034811373253387026
1,0.0,0.1204809619238477,0.10786809595779165,-0.0366468026979042
1,0.0,0.1248496993987976,0.11136083440482053,-0.03850338333879225
1,0.0,0.12921843687374748,0.11482795052232328,-0.040380206174092714
1,0.0,0.13358717434869738,0.11826978492321359,-0.04227640883551785
1,0.0,0.1379559118236473,0.12168667428422336,-0.044191172066634
1,0.0,0.1423246492985972,0.12507895138818834,-0.04612371657236962
1,0.0,0.1466933867735471,0.12844694516589716,-0.04807330019669783
1,0.0,0.151062124248497,0.13179098073751544,-0.0500392153766039
1,0.0,0.1554308617234469,0.13511137945358279,-0.0520207868445116
1,0.0,0.15979959919839679,0.1384084589355816,-0.05401736954471724
1,0.0,0.16416833667334668,0.1416825331161007,-0.0560283467379395
1,0.0,0.16853707414829658,0.14493391227857438,-0.05805312827554944
1,0.0,0.17290581162324647,0.14816290309662075,-0.060091149018853346
1,0.0,0.17727454909819637,0.15136980867296834,-0.062141867389558264
1,0.0,0.1816432865731463,0.15455492857798936,-0.0642047640407031
1,0.0,0.1860120240480962,0.1577185588878292,-0.06627934063117824
1,0.0,0.1903807615230461,0.16086099222214584,-0.06836511869267059
1,0.0,0.19474949899799598,0.16398251778145942,-0.07046163858362281
1,0.0,0.19911823647294588,0.16708342138412074,-0.07256845851961806
1,0.0,0.20348697394789578,0.17016398550289008,-0.07468515367183004
1,0.0,0.20785571142284567,0.1732244893011487,-0.07681131532947193
1,0.0,0.2122244488977956,0.17626520866872947,-0.07894655011806453
1,0.0,0.2165931863727455,0.17928641625738073,-0.08109047927130526
1,0.0,0.2209619238476954,0.1822883815158576,-0.0832427379491638
1,0.0,0.2253306613226453,0.18527137072466543,-0.08540297460055987
1,0.0,0.22969939879759518,0.18823564703042758,-0.08757085036363382
1,0.0,0.23406813627254508,0.1911814704799064,-0.08974603850553743
1,0.0,0.23843687374749498,0.19410909805367593,-0.09192822389385073
1,0.0,0.24280561122244487,0.1970187836994314,-0.09411710250021736
1,0.0,0.24717434869739477,0.19991077836497667,-0.0963123809301633
1,0.0,0.2515430861723447,0.202785330030846,-0.09851377598330176
1,0.0,0.2559118236472946,0.20564268374260794,-0.10072101423425053
1,0.0,0.2602805611222445,0.20848308164282559,-0.10293383163939931
1,0.0,0.2646492985971944,0.21130676300267887,-0.10515197316087573
1,0.0,0.2690180360721443,0.21411396425327694,-0.10737519241529295
1,0.0,0.27338677354709423,0.21690491901662493,-0.10960325133575911
1,0.0,0.2777555110220441,0.21967985813629193,-0.111835919854305
1,0.0,0.282124248496994,0.22243900970774014,-0.11407297559880382
1,0.0,0.2864929859719439,0.22518259910834923,-0.11631420360389252
1,0.0,0.2908617234468938,0.22791084902712805,-0.11855939603924617
1,0.0,0.2952304609218437,0.23062397949412372,-0.12080835194575854
1,0.0,0.2995991983967936,0.2333222079095093,-0.1230608769887493
1,0.0,0.30396793587174353,0.23600574907238245,-0.1253167832193533
1,0.0,0.3083366733466934,0.238674815209262,-0.12757588884866758
1,0.0,0.3127054108216433,0.24132961600228797,-0.12983801803076428
1,0.0,0.3170741482965932,0.24397035861712343,-0.1321030006563259
1,0.0,0.3214428857715431,0.24659724773057037,-0.1343706721540735
1,0.0,0.325811623246493,0.24921048555790126,-0.13664087330220168
1,0.0,0.3301803607214429,0.25181027187989646,-0.1389134500459528
1,0.0,0.3345490981963928,0.2543968040696086,-0.1411882533249553
1,0.0,0.3389178356713427,0.2569702771188445,-0.14346513890572438
1,0.0,0.34328657314629263,0.25953088366437016,-0.14574396722223792
1,0.0,0.3476553106212425,0.2620788140138446,-0.1480246032224586
1,0.0,0.3520240480961924,0.26461425617148143,-0.15030691622111114
1,0.0,0.3563927855711423,0.267137395863441,-0.15259077975775007
1,0.0,0.3607615230460922,0.26964841656296407,-0.15487607146138993
1,0.0,0.3651302605210421,0.27214749951523365,-0.1571626729192912
1,0.0,0.369498997995992,0.2746348237619839,-0.1594504695512762
1,0.0,0.37386773547094193,0.2771105661658481,-0.16173935048843568
1,0.0,0.3782364729458918,0.27957490143445735,-0.16402920845666577
1,0.0,0.3826052104208417,0.2820280021442761,-0.16631993966462533
1,0.0,0.3869739478957916,0.2844700387642015,-0.16861144369504616
1,0.0,0.3913426853707415,0.2869011796789071,-0.17090362340036866
1,0.0,0.3957114228456914,0.28932159121194473,-0.17319638480282273
1,0.0,0.4000801603206413,0.2917314376486034,-0.17548963699657566
1,0.0,0.40444889779559123,0.2941308812585294,-0.17778329205457702
1,0.0,0.4088176352705411,0.2965200823181083,-0.18007726493808981
1,0.0,0.413186372745491,0.29889919913261775,-0.18237147340881416
1,0.0,0.4175551102204409,0.3012683880581336,-0.1846658379455688
1,0.0,0.4219238476953908,0.30362780352322466,-0.18696028166216028
1,0.0,0.4262925851703407,0.3059775980504043,-0.1892547302286585
1,0.0,0.4306613226452906,0.30831792227736754,-0.19154911179521597
1,0.0,0.4350300601202405,0.31064892497799423,-0.1938433569189952
1,0.0,0.4393987975951904,0.3129707530831433,-0.1961373984921402
1,0.0,0.44376753507014033,0.31528355170121736,-0.19843117167367774
1,0.0,0.4481362725450902,0.31758746413851885,-0.20072461382204446
1,0.0,0.4525050100200401,0.31988263191939004,-0.20301766443105634
1,0.0,0.45687374749499,0.32216919480613465,-0.20531026506745298
1,0.0,0.4612424849699399,0.3244472908187392,-0.20760235930985704
1,0.0,0.4656112224448898,0.32671705625438296,-0.20989389269044148
1,0.0,0.4699799599198397,0.328978625706735,-0.21218481263845146
1,0.0,0.4743486973947896,0.3312321320850628,-0.21447506842440753
1,0.0,0.4787174348697395,0.3334777066331211,-0.2167646111073247
1,0.0,0.4830861723446894,0.33571547894785964,-0.2190533934825314
1,0.0,0.4874549098196393,0.3379455769979175,-0.22134137003187793
1,0.0,0.4918236472945892,0.34016812714193234,-0.22362849687501363
1,0.0,0.4961923847695391,0.3423832541466517,-0.22591473172178286
1,0.0,0.500561122244489,0.3445910812048546,-0.22820003382674642
1,0.0,0.5049298597194388,0.346791729953082,-0.23048436394486777
1,0.0,0.5092985971943887,0.34898532048918096,-0.23276768428803568
1,0.0,0.5136673346693387,0.3511719713896625,-0.23504995848350083
1,0.0,0.5180360721442886,0.35335179972687353,-0.2373311515328593
1,0.0,0.5224048096192385,0.35552492108599326,-0.23961122977308588
1,0.0,0.5267735470941884,0.35769144958184257,-0.24189016083780016
1,0.0,0.5311422845691383,0.3598514978755153,-0.244167913620259
1,0.0,0.5355110220440882,0.3620051771908415,-0.24644445823691782
1,0.0,0.5398797595190381,0.3641525973306651,-0.24871976599287376
1,0.0,0.544248496993988,0.3662938666929538,-0.25099380934703125
1,0.0,0.548617234468938,0.36842909228674026,-0.25326656187964597
1,0.0,0.5529859719438878,0.3705583797478906,-0.25553799825933343
1,0.0,0.5573547094188377,0.37268183335470406,-0.25780809421248174
1,0.0,0.5617234468937876,0.3747995560433491,-0.26007682649235336
1,0.0,0.5660921843687375,0.37691164942313615,-0.2623441728497143
1,0.0,0.5704609218436874,0.3790182137916255,-0.2646101120038818
1,0.0,0.5748296593186373,0.38111934814957393,-0.26687462361479214
1,0.0,0.5791983967935872,0.38321515021572944,-0.2691376882560044
1,0.0,0.5835671342685371,0.3853057164414484,-0.27139928738780505
1,0.0,0.587935871743487,0.3873911420251886,-0.27365940333215927
1,0.0,0.5923046092184369,0.3894715209268121,-0.2759180192468045
1,0.0,0.5966733466933868,0.3915469458817662,-0.2781751191017598
1,0.0,0.6010420841683367,0.39361750841509463,-0.28043068765503365
1,0.0,0.6054108216432866,0.395683298855302,-0.28268471042986826
1,0.0,0.6097795591182364,0.3977444063480731,-0.28493717369235677
1,0.0,0.6141482965931864,0.3998009188698503,-0.2871880644293981
1,0.0,0.6185170340681363,0.40185292324124955,-0.28943737032772615
1,0.0,0.6228857715430862,0.4039005051403538,-0.2916850797531155
1,0.0,0.6272545090180361,0.4059437491158461,-0.2939311817303962
1,0.0,0.631623246492986,0.40798273860001305,-0.29617566592364103
1,0.0,0.6359919839679359,0.4100175559216023,-0.29841852261758084
1,0.0,0.6403607214428858,0.4120482823185472,-0.3006597426986994
1,0.0,0.6447294589178357,0.41407499795055536,-0.3028993176372067
1,0.0,0.6490981963927855,0.4160977819115519,-0.30513723946971616
1,0.0,0.6534669338677355,0.4181167122420051,-0.30737350078208786
1,0.0,0.6578356713426854,0.42013186594110635,-0.30960809469265593
1,0.0,0.6622044088176353,0.42214331897882396,-0.3118410148361056
1,0.0,0.6665731462925852,0.4241511463078302,-0.3140722553479163
1,0.0,0.670941883767535,0.426155421875295,-0.3163018108486414
1,0.0,0.675310621242485,0.4281562186345562,-0.31852967642935187
1,0.0,0.6796793587174349,0.430153608556664,-0.3207558476367479
1,0.0,0.6840480961923848,0.43214766264179605,-0.3229803204592382
1,0.0,0.6884168336673347,0.43413845093055703,-0.32520309131315034
1,0.0,0.6927855711422846,0.43612604251515275,-0.3274241570290881
1,0.0,0.6971543086172345,0.4381105055504403,-0.329643514839205
1,0.0,0.7015230460921844,0.44009190726486613,-0.3318611623641189
1,0.0,0.7058917835671343,0.4420703139712775,-0.33407709760075394
1,0.0,0.7102605210420841,0.4440457910776297,-0.33629131891032293
1,0.0,0.7146292585170341,0.4460184030975591,-0.3385038250063042
1,0.0,0.718997995991984,0.44798821366085934,-0.34071461494332195
1,0.0,0.7233667334669339,0.4499552855238381,-0.34292368810580187
1,0.0,0.7277354709418838,0.45191968057955334,-0.34513104419722207
1,0.0,0.7321042084168337,0.4538814598679539,-0.34733668322960304
1,0.0,0.7364729458917836,0.4558406835858966,-0.349540605513061
1,0.0,0.7408416833667335,0.4577974110970628,-0.3517428116459578
1,0.0,0.7452104208416834,0.45975170094176737,-0.35394330250518374
1,0.0,0.7495791583166332,0.46170361084665196,-0.35614207923653285
1,0.0,0.7539478957915832,0.4636531977342863,-0.3583391432454925
1,0.0,0.7583166332665331,0.4656005177326563,-0.36053449618840844
1,0.0,0.762685370741483,0.46754562618455103,-0.3627281399636362
1,0.0,0.7670541082164329,0.4694885776568471,-0.36492007670290555
1,0.0,0.7714228456913828,0.47142942594969295,-0.3671103087632014
1,0.0,0.7757915831663327,0.4733682241055965,-0.36929883871861546
1,0.0,0.7801603206412826,0.475305024418405,-0.37148566935263944
1,0.0,0.7845290581162325,0.4772398784421946,-0.37367080365013744
1,0.0,0.7888977955911824,0.479172837000062,-0.37585424479028157
1,0.0,0.7932665330661323,0.48110395019281443,-0.37803599613917005
1,0.0,0.7976352705410822,0.4830332674075748,-0.38021606124272556
1,0.0,0.8020040080160321,0.4849608373262801,-0.3823944438199574
1,0.0,0.806372745490982,0.4868867079341015,-0.38457114775609363
1,0.0,0.8107414829659318,0.4888109265277579,-0.38674617709627407
1,0.0,0.8151102204408818,0.49073353972374884,-0.3889195360391327
1,0.0,0.8194789579158317,0.492654593466493,-0.3910912289306482
1,0.0,0.8238476953907816,0.49457413303638026,-0.3932612602581347
1,0.0,0.8282164328657315,0.49649220305772734,-0.39542963464453623
1,0.0,0.8325851703406814,0.49840884750665965,-0.3975963568425136
1,0.0,0.8369539078156313,0.5003241097188946,-0.39976143172930956
1,0.0,0.8413226452905812,0.5022380323974466,-0.4019248643009326
1,0.0,0.8456913827655311,0.5041506576202428,-0.4040866596673337
1,0.0,0.8500601202404809,0.5060620268476586,-0.4062468230471639
1,0.0,0.8544288577154309,0.50797218092997,-0.4084053597628004
1,0.0,0.8587975951903808,0.5098811601147197,-0.4105622752356211
1,0.0,0.8631663326653307,0.5117890040540085,-0.4127175749813595
1,0.0,0.8675350701402806,0.5136957518117005,-0.4148712646055136
1,0.0,0.8719038076152305,0.5156014418705557,-0.41702334979895667
1,0.0,0.8762725450901804,0.5175061121392726,-0.41917383633366395
1,0.0,0.8806412825651303,0.5194097999594667,-0.42132273005856213
1,0.0,0.8850100200400802,0.5213125421125631,-0.42347003689542684
1,0.0,0.88937875751503,0.5232143748266149,-0.4256157628350725
1,0.0,0.89374749498998,0.525115333783044,-0.42775991393331714
1,0.0,0.8981162324649299,0.5270154541233196,-0.4299024963074783
1,0.0,0.9024849699398798,0.5289147704555357,-0.4320435161326518
1,0.0,0.9068537074148297,0.5308133168609542,-0.43418297963833963
1,0.0,0.9112224448897795,0.5327111269004325,-0.4363208931048054
1,0.0,0.9155911823647295,0.5346082336208219,-0.43845726285999986
1,0.0,0.9199599198396794,0.5365046695612588,-0.44059209527627574
1,0.0,0.9243286573146293,0.5384004667594122,-0.44272539676722716
1,0.0,0.9286973947895791,0.5402956567576453,-0.4448571737847503
1,0.0,0.9330661322645291,0.5421902706091194,-0.4469874328159937
1,0.0,0.937434869739479,0.5440843388838209,-0.44911618038068607
1,0.0,0.9418036072144289,0.5459778916745287,-0.451243423028149
1,0.0,0.9461723446893788,0.5478709586027096,-0.4533691673348989
1,0.0,0.9505410821643286,0.5497635688243564,-0.4554934199016931
1,0.0,0.9549098196392786,0.5516557510357454,-0.4576161873513519
1,0.0,0.9592785571142285,0.5535475334791454,-0.45973747632610734
1,0.0,0.9636472945891784,0.5554389439484566,-0.46185729348534477
1,0.0,0.9680160320641283,0.5573300097947855,-0.46397564550312936
1,0.0,0.9723847695390782,0.5592207579319546,-0.4660925390662378
1,0.0,0.9767535070140281,0.5611112148419634,-0.4682079808717965
1,0.0,0.981122244488978,0.5630014065803686,-0.4703219776252953
1,0.0,0.9854909819639279,0.5648913587816239,-0.47243453603850355
1,0.0,0.9898597194388777,0.5667810966643435,-0.47454566282757316
1,0.0,0.9942284569138277,0.5686706450365183,-0.476655364711087
1,0.0,0.9985971943887776,0.5705600283006659,-0.4787636484082973
1,0.0,1.0029659318637274,0.5724492704589285,-0.4808705206371953
1,0.0,1.0073346693386773,0.5743383951181085,-0.48297598811301956
1,0.0,1.0117034068136272,0.5762274254946504,-0.4850800575463742
1,0.0,1.0160721442885772,0.5781163844195659,-0.48718273564182857
1,0.0,1.020440881763527,0.580005294343304,-0.4892840290961303
1,0.0,1.024809619238477,0.5818941773405654,-0.49138394459692536
1,0.0,1.029178356713427,0.5837830551150607,-0.49348248882124646
1,0.0,1.0335470941883769,0.5856719490042214,-0.4955796684339787
1,0.0,1.0379158316633268,0.58756087998385,-0.4976754900866962
1,0.0,1.0422845691382765,0.5894498686727213,-0.49976996041627775
1,0.0,1.0466533066132264,0.5913389353371332,-0.5018630860435839
1,0.0,1.0510220440881763,0.5932280998954009,-0.5039548735724126
1,0.0,1.0553907815631263,0.595117381922306,-0.5060453295881834
1,0.0,1.0597595190380762,0.597006800653491,-0.508134460656815
1,0.0,1.0641282565130261,0.5988963749898049,-0.5102222733237403
1,0.0,1.068496993987976,0.6007861235016015,-0.512308774112812
1,0.0,1.072865731462926,0.6026760644329876,-0.5143939695252393
1,0.0,1.0772344689378759,0.6045662157060189,-0.5164778660387503
1,0.0,1.0816032064128256,0.6064565949248557,-0.5185604701065374
1,0.0,1.0859719438877755,0.608347219379867,-0.5206417881564288
1,0.0,1.0903406813627254,0.6102381060516858,-0.5227218265900198
1,0.0,1.0947094188376754,0.6121292716152233,-0.5248005917818347
1,0.0,1.0990781563126253,0.6140207324436319,-0.5268780900785881
1,0.0,1.1034468937875752,0.6159125046122301,-0.5289543277983941
1,0.0,1.1078156312625251,0.6178046039023721,-0.5310293112299759
1,0.0,1.112184368737475,0.6196970458052817,-0.5331030466321216
1,0.0,1.116553106212425,0.6215898455258442,-0.5351755402328976
1,0.0,1.1209218436873747,0.6234830179863411,-0.5372467982290713
1,0.0,1.1252905811623246,0.6253765778301597,-0.5393168267854545
1,0.0,1.1296593186372745,0.6272705394254475,-0.5413856320344207
1,0.0,1.1340280561122245,0.6291649168687293,-0.5434532200752529
1,0.0,1.1383967935871744,0.6310597239884809,-0.5455195969736963
1,0.0,1.1427655310621243,0.6329549743486691,-0.5475847687613962
1,0.0,1.1471342685370742,0.6348506812522344,-0.5496487414354817
1,0.0,1.1515030060120242,0.6367468577445562,-0.5517115209580624
1,0.0,1.155871743486974,0.638643516616854,-0.5537731132559018
1,0.0,1.1602404809619238,0.6405406704095711,-0.5558335242198503
1,0.0,1.1646092184368737,0.6424383314157036,-0.5578927597046279
1,0.0,1.1689779559118236,0.6443365116840986,-0.5599508255283808
1,0.0,1.1733466933867736,0.6462352230227105,-0.5620077274723758
1,0.0,1.1777154308617235,0.648134477001826,-0.5640634712806228
1,0.0,1.1820841683366734,0.6500342849572426,-0.5661180626596698
1,0.0,1.1864529058116233,0.6519346579934165,-0.5681715072782663
1,0.0,1.1908216432865733,0.6538356069865714,-0.5702238107671235
1,0.0,1.1951903807615232,0.6557371425877747,-0.5722749787186562
1,0.0,1.1995591182364729,0.657639275225972,-0.5743250166867656
1,0.0,1.2039278557114228,0.6595420151109903,-0.5763739301866351
1,0.0,1.2082965931863727,0.66144537223651,-0.5784217246946444
1,0.0,1.2126653306613226,0.6633493563829892,-0.5804684056479102
1,0.0,1.2170340681362726,0.6652539771205724,-0.5825139784445257
1,0.0,1.2214028056112225,0.6671592438119444,-0.5845584484429858
1,0.0,1.2257715430861724,0.6690651656151744,-0.5866018209625321
1,0.0,1.2301402805611223,0.6709717514865007,-0.5886441012825477
1,0.0,1.2345090180360723,0.6728790101831095,-0.5906852946428977
1,0.0,1.238877755511022,0.6747869502658551,-0.5927254062435283
1,0.0,1.243246492985972,0.6766955801019712,-0.5947644412445823
1,0.0,1.2476152304609218,0.6786049078677374,-0.5968024047662133
1,0.0,1.2519839679358717,0.6805149415511127,-0.5988393018886876
1,0.0,1.2563527054108217,0.6824256889543482,-0.600875137652149
1,0.0,1.2607214428857716,0.6843371576965598,-0.6029099170567698
1,0.0,1.2650901803607215,0.6862493552162766,-0.6049436450626703
1,0.0,1.2694589178356714,0.6881622887739532,-0.6069763265899372
1,0.0,1.2738276553106214,0.6900759654544634,-0.609007966518534
1,0.0,1.278196392785571,0.6919903921695447,-0.6110385696885143
1,0.0,1.282565130260521,0.6939055756602407,-0.6130681408998445
1,0.0,1.286933867735471,0.6958215224992874,-0.6150966849125719
1,0.0,1.2913026052104208,0.6977382390934906,-0.6171242064468774
1,0.0,1.2956713426853708,0.6996557316860673,-0.619150710182984
1,0.0,1.3000400801603207,0.7015740063589598,-0.6211762007614361
1,0.0,1.3044088176352706,0.7034930690351231,-0.6232006827830113
1,0.0,1.3087775551102205,0.7054129254807849,-0.6252241608088399
1,0.0,1.3131462925851705,0.7073335813076772,-0.6272466393605457
1,0.0,1.3175150300601204,0.7092550419752456,-0.6292681229202796
1,0.0,1.32188376753507,0.7111773127928291,-0.6312886159308473
1,0.0,1.32625250501002,0.7131003989218108,-0.6333081227958143
1,0.0,1.33062124248497,0.7150243053777467,-0.6353266478796581
1,0.0,1.3349899799599199,0.716949037032474,-0.6373441955078395
1,0.0,1.3393587174348698,0.7188745986161846,-0.6393607699669616
1,0.0,1.3437274549098197,0.720800994719476,-0.64137637550486
1,0.0,1.3480961923847696,0.7227282297953838,-0.6433910163308256
1,0.0,1.3524649298597196,0.7246563081613829,-0.6454046966157058
1,0.0,1.3568336673346695,0.7265852340013661,-0.6474174204920483
1,0.0,1.3612024048096192,0.7285150113676032,-0.649429192054266
1,0.0,1.365571142284569,0.730445644182672,-0.6514400153587684
1,0.0,1.369939879759519,0.7323771362413629,-0.653449894424249
1,0.0,1.374308617234469,0.734309491212574,-0.6554588332316739
1,0.0,1.3786773547094189,0.7362427126411644,-0.6574668357245849
1,0.0,1.3830460921843688,0.7381768039498,-0.6594739058092507
1,0.0,1.3874148296593187,0.7401117684407724,-0.6614800473548638
1,0.0,1.3917835671342687,0.7420476092977915,-0.663485264193718
1,0.0,1.3961523046092186,0.7439843295877607,-0.6654895601212993
1,0.0,1.4005210420841683,0.7459219322625329,-0.6674929388966604
1,0.0,1.4048897795591182,0.7478604201606394,-0.6694954042425056
1,0.0,1.4092585170340681,0.7497997960089986,-0.6714969598454199
1,0.0,1.413627254509018,0.7517400624246082,-0.6734976093560351
1,0.0,1.417995991983968,0.7536812219162126,-0.6754973563893177
1,0.0,1.422364729458918,0.755623276885952,-0.6774962045246892
1,0.0,1.4267334669338678,0.7575662296309897,-0.6794941573063175
1,0.0,1.4311022044088177,0.7595100823451229,-0.6814912182432294
1,0.0,1.4354709418837677,0.761454837120365,-0.683487390809645
1,0.0,1.4398396793587174,0.7634004959485244,-0.6854826784451326
1,0.0,1.4442084168336673,0.7653470607227445,-0.6874770845547831
1,0.0,1.4485771543086172,0.76729453323904,-0.6894706125095511
1,0.0,1.4529458917835671,0.7692429151978061,-0.6914632656463813
1,0.0,1.457314629258517,0.771192208205314,-0.6934550472684569
1,0.0,1.461683366733467,0.7731424137751832,-0.6954459606454824
1,0.0,1.466052104208417,0.7750935333298384,-0.6974360090138175
1,0.0,1.4704208416833668,0.7770455682019506,-0.6994251955767358
1,0.0,1.4747895791583168,0.7789985196358513,-0.7014135235047295
1,0.0,1.4791583166332665,0.7809523887889417,-0.7034009959357035
1,0.0,1.4835270541082164,0.7829071767330761,-0.7053876159751037
1,0.0,1.4878957915831663,0.7848628844559263,-0.7073733866963081
1,0.0,1.4922645290581162,0.7868195128623398,-0.7093583111408004
1,0.0,1.4966332665330662,0.7887770627756685,-0.7113423923183698
1,0.0,1.501002004008016,0.7907355349390885,-0.7133256332073591
1,0.0,1.505370741482966,0.792694930016898,-0.7153080367549673
1,0.0,1.509739478957916,0.794655248595807,-0.7172896058774214
1,0.0,1.5141082164328659,0.7966164911862036,-0.7192703434602374
1,0.0,1.5184769539078156,0.7985786582234052,-0.7212502523584211
1,0.0,1.5228456913827655,0.8005417500688958,-0.7232293353967897
1,0.0,1.5272144288577154,0.8025057670115532,-0.7252075953701533
1,0.0,1.5315831663326653,0.804470709268842,-0.727185035043508
1,0.0,1.5359519038076153,0.8064365769880195,-0.7291616571524233
1,0.0,1.5403206412825652,0.8084033702472992,-0.7311374644030805
1,0.0,1.544689378757515,0.810371089057019,-0.7331124594726983
1,0.0,1.549058116232465,0.8123397333607817,-0.735086645009647
1,0.0,1.553426853707415,0.8143093030365951,-0.7370600236338108
1,0.0,1.5577955911823649,0.8162797978979729,-0.7390325979365894
1,0.0,1.5621643286573146,0.818251217695059,-0.7410043704814517
1,0.0,1.5665330661322645,0.8202235621156961,-0.7429753438039611
1,0.0,1.5709018036072144,0.8221968307865153,-0.7449455204120394
1,0.0,1.5752705410821644,0.8241710232739867,-0.7469149027862663
1,0.0,1.5796392785571143,0.8261461390854727,-0.7488834933800712
1,0.0,1.5840080160320642,0.8281221776702633,-0.7508512946199976
1,0.0,1.5883767535070141,0.8300991384205904,-0.7528183089058984
1,0.0,1.592745490981964,0.8320770206726404,-0.7547845386112036
1,0.0,1.597114228456914,0.8340558237075475,-0.7567499860831503
1,0.0,1.6014829659318637,0.8360355467523752,-0.7587146536430145
1,0.0,1.6058517034068136,0.8380161889810858,-0.7606785435863258
1,0.0,1.6102204408817635,0.8399977495154967,-0.7626416581831311
1,0.0,1.6145891783567135,0.8419802274262245,-0.7646039996781853
1,0.0,1.6189579158316634,0.8439636217336148,-0.7665655702912357
1,0.0,1.6233266533066133,0.8459479314086662,-0.7685263722172078
1,0.0,1.6276953907815632,0.8479331553739334,-0.7704864076264499
1,0.0,1.6320641282565131,0.8499192925044283,-0.7724456786649363
1,0.0,1.636432865731463,0.8519063416284978,-0.7744041874545506
1,0.0,1.6408016032064128,0.853894301528701,-0.7763619360932679
1,0.0,1.6451703406813627,0.8558831709426685,-0.7783189266553738
1,0.0,1.6495390781563126,0.8578729485639529,-0.7802751611917156
1,0.0,1.6539078156312625,0.8598636330428671,-0.7822306417298998
1,0.0,1.6582765531062125,0.8618552229873118,-0.7841853702745492
1,0.0,1.6626452905811624,0.8638477169635906,-0.7861393488074809
1,0.0,1.6670140280561123,0.865841113497219,-0.7880925792879322
1,0.0,1.6713827655310622,0.8678354110737189,-0.7900450636528263
1,0.0,1.6757515030060122,0.8698306081393984,-0.7919968038169303
1,0.0,1.6801202404809619,0.8718267031021331,-0.7939478016731003
1,0.0,1.6844889779559118,0.873823694332125,-0.7958980590924852
1,0.0,1.6888577154308617,0.8758215801626582,-0.797847577924747
1,0.0,1.6932264529058116,0.8778203588908399,-0.7997963599982846
1,0.0,1.6975951903807616,0.8798200287783388,-0.8017444071204143
1,0.0,1.7019639278557115,0.8818205880521038,-0.8036917210775745
1,0.0,1.7063326653306614,0.8838220349050812,-0.8056383036355981
1,0.0,1.7107014028056113,0.8858243674969168,-0.8075841565398739
1,0.0,1.7150701402805613,0.8878275839546542,-0.8095292815155148
1,0.0,1.719438877755511,0.8898316823734158,-0.8114736802676215
1,0.0,1.7238076152304609,0.8918366608170841,-0.813417354481463
1,0.0,1.7281763527054108,0.8938425173189639,-0.8153603058227111
1,0.0,1.7325450901803607,0.8958492498824407,-0.8173025359375683
1,0.0,1.7369138276553107,0.8978568564816367,-0.8192440464530146
1,0.0,1.7412825651302606,0.8998653350620412,-0.8211848389770072
1,0.0,1.7456513026052105,0.9018746835411467,-0.8231249150986715
1,0.0,1.7500200400801604,0.9038848998090738,-0.8250642763885045
1,0.0,1.7543887775551104,0.90589598172918,-0.8270029243984927
1,0.0,1.75875751503006,0.9079079271386702,-0.8289408606624437
1,0.0,1.76312625250501,0.9099207338491925,-0.8308780866960717
1,0.0,1.76749498997996,0.9119343996474252,-0.832814603997207
1,0.0,1.7718637274549098,0.9139489222956615,-0.8347504140459728
1,0.0,1.7762324649298598,0.9159642995323785,-0.8366855183050195
1,0.0,1.7806012024048097,0.9179805290728057,-0.8386199182196806
1,0.0,1.7849699398797596,0.9199976086094803,-0.84055361521815
1,0.0,1.7893386773547095,0.9220155358127963,-0.8424866107116551
1,0.0,1.7937074148296595,0.9240343083315472,-0.8444189060946475
1,0.0,1.7980761523046092,0.9260539237934589,-0.846350502745018
1,0.0,1.802444889779559,0.9280743798057152,-0.8482814020242058
1,0.0,1.806813627254509,0.93009567395548,-0.8502116052774259
1,0.0,1.811182364729459,0.9321178038104075,-0.8521411138338625
1,0.0,1.8155511022044089,0.9341407669191455,-0.8540699290067408
1,0.0,1.8199198396793588,0.9361645608118344,-0.8559980520936199
1,0.0,1.8242885771543087,0.9381891830005966,-0.857925484376477
1,0.0,1.8286573146292586,0.9402146309800203,-0.8598522271219218
1,0.0,1.8330260521042085,0.942240902227635,-0.8617782815813897
1,0.0,1.8373947895791582,0.9442679942043829,-0.863703648991223
1,0.0,1.8417635270541082,0.9462959043550784,-0.865628330572873
1,0.0,1.846132264529058,0.9483246301088707,-0.8675523275331176
1,0.0,1.850501002004008,0.9503541688796824,-0.8694756410641515
1,0.0,1.854869739478958,0.9523845180666682,-0.871398272343805
1,0.0,1.8592384769539079,0.9544156750546325,-0.8733202225356
1,0.0,1.8636072144288578,0.9564476372144795,-0.875241492789088
1,0.0,1.8679759519038077,0.9584804019036189,-0.8771620842398012
1,0.0,1.8723446893787576,0.9605139664664014,-0.8790819980095728
1,0.0,1.8767134268537076,0.9625483282345131,-0.8810012352065519
1,0.0,1.8810821643286573,0.9645834845273961,-0.8829197969255147
1,0.0,1.8854509018036072,0.9666194326526375,-0.8848376842478785
1,0.0,1.8898196392785571,0.9686561699063693,-0.8867548982418952
1,0.0,1.894188376753507,0.9706936935736551,-0.8886714399628182
1,0.0,1.898557114228457,0.9727320009288706,-0.8905873104530181
1,0.0,1.902925851703407,0.9747710892360824,-0.8925025107421769
1,0.0,1.9072945891783568,0.9768109557494158,-0.8944170418473688
1,0.0,1.9116633266533067,0.9788515977134252,-0.8963309047732653
1,0.0,1.9160320641282567,0.9808930123634482,-0.8982441005122092
1,0.0,1.9204008016032064,0.9829351969259654,-0.900156630044431
1,0.0,1.9247695390781563,0.9849781486189441,-0.9020684943381055
1,0.0,1.9291382765531062,0.9870218646521884,-0.9039796943495554
1,0.0,1.9335070140280561,0.9890663422276713,-0.9058902310233866
1,0.0,1.937875751503006,0.9911115785398733,-0.9078001052925307
1,0.0,1.942244488977956,0.9931575707761091,-0.9097093180785254
1,0.0,1.946613226452906,0.9952043161168477,-0.911617870291521
1,0.0,1.9509819639278558,0.9972518117360374,-0.9135257628304704
1,0.0,1.9553507014028058,0.9993000548014125,-0.9154329965832425
1,0.0,1.9597194388777555,1.001349042474807,-0.9173395724267613
1,0.0,1.9640881763527054,1.0033987719124533,-0.9192454912271387
1,0.0,1.9684569138276553,1.00544924026529,-0.921150753839754
1,0.0,1.9728256513026052,1.0075004446792437,-0.9230553611094366
1,0.0,1.9771943887775552,1.0095523822955306,-0.9249593138705656
1,0.0,1.981563126252505,1.0116050502509335,-0.9268626129471981
1,0.0,1.985931863727455,1.0136584456780895,-0.9287652591531615
1,0.0,1.990300601202405,1.01571256570576,-0.9306672532921961
1,0.0,1.9946693386773549,1.0177674074591054,-0.932568596158094
1,0.0,1.9990380761523046,1.0198229680599535,-0.9344692885347929
1,0.0,2.0034068136272545,1.0218792446270608,-0.9363693311964639
1,0.0,2.0077755511022044,1.023936234276375,-0.9382687249076709
1,0.0,2.0121442885771543,1.0259939341212831,-0.9401674704234979
1,0.0,2.0165130260521043,1.0280523412728708,-0.9420655684896085
1,0.0,2.020881763527054,1.0301114528401625,-0.9439630198423635
1,0.0,2.025250501002004,1.0321712659303672,-0.9458598252089759
1,0.0,2.029619238476954,1.0342317776491172,-0.9477559853075967
1,0.0,2.033987975951904,1.0362929851007006,-0.9496515008473884
1,0.0,2.038356713426854,1.0383548853882945,-0.95154637252872
1,0.0,2.042725450901804,1.0404174756141906,-0.9534406010431317
1,0.0,2.0470941883767537,1.042480752880021,-0.9553341870736046
1,0.0,2.0514629258517036,1.0445447142869737,-0.9572271312945327
1,0.0,2.0558316633266536,1.0466093569360133,-0.9591194343719103
1,0.0,2.060200400801603,1.0486746779280889,-0.9610110969633567
1,0.0,2.064569138276553,1.050740674364346,-0.9629021197182892
1,0.0,2.068937875751503,1.0528073433463296,-0.9647925032779717
1,0.0,2.073306613226453,1.0548746819761863,-0.9666822482756589
1,0.0,2.0776753507014027,1.056942687356866,-0.9685713553366293
1,0.0,2.0820440881763527,1.059011356592308,-0.9704598250783584
1,0.0,2.0864128256513026,1.061080686787644,-0.9723476581105361
1,0.0,2.0907815631262525,1.063150675049375,-0.9742348550352163
1,0.0,2.0951503006012024,1.0652213184855677,-0.9761214164468929
1,0.0,2.0995190380761524,1.0672926142060233,-0.9780073429325734
1,0.0,2.1038877755511023,1.069364559322466,-0.9798926350719065
1,0.0,2.108256513026052,1.0714371509487157,-0.9817772934372595
1,0.0,2.112625250501002,1.0735103862008568,-0.9836613185937528
1,0.0,2.116993987975952,1.07558426219741,-0.9855447110994631
1,0.0,2.121362725450902,1.0776587760594996,-0.9874274715053633
1,0.0,2.125731462925852,1.079733924911015,-0.9893096003555641
1,0.0,2.130100200400802,1.0818097058787692,-0.991191098187255
1,0.0,2.1344689378757518,1.0838861160926578,-0.9930719655309062
1,0.0,2.1388376753507012,1.0859631526858142,-0.9949522029102816
1,0.0,2.143206412825651,1.0880408127947623,-0.9968318108425253
1,0.0,2.147575150300601,1.0901190935595575,-0.9987107898382839
1,0.0,2.151943887775551,1.092197992123942,-1.0005891404017446
1,0.0,2.156312625250501,1.0942775056354834,-1.0024668630307247
1,0.0,2.160681362725451,1.0963576312457148,-1.0043439582167832
1,0.0,2.165050100200401,1.0984383661102743,-1.006220426445258
1,0.0,2.1694188376753507,1.1005197073890396,-1.0080962681953471
1,0.0,2.1737875751503006,1.1026016522462614,-1.0099714839402043
1,0.0,2.1781563126252506,1.1046841978506903,-1.0118460741470048
1,0.0,2.1825250501002005,1.1067673413757082,-1.0137200392770076
1,0.0,2.1868937875751504,1.1088510799994526,-1.0155933797856682
1,0.0,2.1912625250501003,1.1109354109049363,-1.0174660961226423
1,0.0,2.1956312625250503,1.1130203312801716,-1.0193381887319535
1,0.0,2.2,1.115105838318285,-1.0212096580519412
2,-0.2,0.02,0.1331004076503015,-0.22184842180078046
2,-0.2,0.0243687374749499,0.13789593645683446,-0.2178203004433977
2,-0.2,0.0287374749498998,0.14263105888036762,-0.2138161353935817
2,-0.2,0.0331062124248497,0.14730680106744298,-0.20983543043202466
2,-0.2,0.0374749498997996,0.1519241818156932,-0.2058777043966961
2,-0.2,0.0418436873747495,0.15648421208980162,-0.20194249116881063
2,-0.2,0.046212424849699396,0.16098789454294635,-0.19802933961383484
2,-0.2,0.0505811623246493,0.16543622304374409,-0.19413781348111211
2,-0.2,0.0549498997995992,0.1698301822168974,-0.1902674912615841
2,-0.2,0.0593186372745491,0.17417074699472646,-0.1864179660085228
2,-0.2,0.063687374749499,0.17845888219001507,-0.1825888451203346
2,-0.2,0.0680561122244489,0.1826955420883212,-0.17877975009038033
2,-0.2,0.0724248496993988,0.1868816700633845,-0.1749903162258608
2,-0.2,0.0767935871743487,0.1910181982185098,-0.17122019233871505
2,-0.2,0.0811623246492986,0.19510604705520473,-0.1674690404118436
2,-0.2,0.0855310621242485,0.1991461251679999,-0.16373653524415951
2,-0.2,0.0898997995991984,0.20313932897302647,-0.1600223640764464
2,-0.2,0.0942685370741483,0.2070865424614597,-0.1563262262029643
2,-0.2,0.0986372745490982,0.2109886369861582,-0.15264783257028813
2,-0.2,0.1030060120240481,0.21484647107772675,-0.14898690536709053
2,-0.2,0.107374749498998,0.21866089028935504,-0.14534317760757107
2,-0.2,0.1117434869739479,0.22243272707246456,-0.1417163927110071
2,-0.2,0.11611222444889781,0.22616280067698571,-0.13810630408006352
2,-0.2,0.1204809619238477,0.22985191708343983,-0.13451267467986808
2,-0.2,0.1248496993987976,0.23350086895799396,-0.13093527662013646
2,-0.2,0.12921843687374748,0.23711043563223289,-0.12737389074199235
2,-0.2,0.13358717434869738,0.24068138310803758,-0.12382830621123725
2,-0.2,0.1379559118236473,0.24421446408304173,-0.12029832011944426
2,-0.2,0.1423246492985972,0.2477104179966088,-0.11678373709401682
2,-0.2,0.1466933867735471,0.25116997109593836,-0.11328436891853776
2,-0.2,0.151062124248497,0.25459383651721074,-0.10980003416370539
2,-0.2,0.1554308617234469,0.25798271438625753,-0.10633055783050246
2,-0.2,0.15979959919839679,0.2613372919300511,-0.10287577100492884
2,-0.2,0.16416833667334668,0.26465824360462953,-0.09943551052599857
2,-0.2,0.16853707414829658,0.2679462312315339,-0.0960096186659302
2,-0.2,0.17290581162324647,0.2712019041478358,-0.09259794282412333
2,-0.2,0.17727454909819637,0.2744258993630418,-0.08920033523369955
2,-0.2,0.1816432865731463,0.2776188417255791,-0.0858166526815705
2,-0.2,0.1860120240480962,0.2807813440950656,-0.08244675624119939
2,-0.2,0.1903807615230461,0.2839140075212107,-0.07909051101837264
2,-0.2,0.19474949899799598,0.28701742142781184,-0.07574778590972929
2,-0.2,0.19911823647294588,0.29009216379968195,-0.07241845337317451
2,-0.2,0.20348697394789578,0.29313880137411075,-0.06910238921082786
2,-0.2,0.20785571142284567,0.29615788983429475,-0.06579947236349301
2,-0.2,0.2122244488977956,0.2991499740040932,-0.06250958471625226
2,-0.2,0.2165931863727455,0.30211558804452937,-0.05923261091524185
2,-0.2,0.2209619238476954,0.3050552556504149,-0.05596843819473849
2,-0.2,0.2253306613226453,0.3079694902471185,-0.05271695621442221
2,-0.2,0.22969939879759518,0.3108587951876407,-0.04947805690670925
2,-0.2,0.23406813627254508,0.3137236639471344,-0.046251634332446355
2,-0.2,0.23843687374749498,0.316564580317989,-0.043037584546422765
2,-0.2,0.24280561122244487,0.3193820186020382,-0.039835805470564804
2,-0.2,0.24717434869739477,0.3221764438021874,-0.036646196775944766
2,-0.2,0.2515430861723447,0.324948311810398,-0.033468659771423624
2,-0.2,0.2559118236472946,0.32769806959464104,-0.030303097300390016
2,-0.2,0.2602805611222445,0.3304261553823288,-0.02714941364363277
2,-0.2,0.2646492985971944,0.333132998842719,-0.024007514429894707
2,-0.2,0.2690180360721443,0.3358190212640699,-0.02087730655086814
2,-0.2,0.27338677354709423,0.3384846357296696,-0.01775869808319281
2,-0.2,0.2777555110220441,0.34113024729056846,-0.01465159821579082
2,-0.2,0.282124248496994,0.34375625313470604,-0.01155591718196136
2,-0.2,0.2864929859719439,0.3463630427530366,-0.008471566196421107
2,-0.2,0.2908617234468938,0.34895099810302105,-0.0053984573973686455
2,-0.2,0.2952304609218437,0.3515204937678198,-0.0023365037919496137
2,-0.2,0.2995991983967936,0.3540718971133708,0.0007143807933019613
2,-0.2,0.30396793587174353,0.35660556844169855,0.003754281758700329
2,-0.2,0.3083366733466934,0.3591218611406041,0.006783283774414763
2,-0.2,0.3127054108216433,0.361621121830954,0.009801470819480695
2,-0.2,0.3170741482965932,0.36410369051018276,0.012808926218146024
2,-0.2,0.3214428857715431,0.36656990069294815,0.01580573267308143
2,-0.2,0.325811623246493,0.36902007954813937,0.018791972296301616
2,-0.2,0.3301803607214429,0.37145454803358274,0.021767726636814453
2,-0.2,0.3345490981963928,0.37387362102681054,0.02473307670672918
2,-0.2,0.3389178356713427,0.37627760745386,0.027688103004110436
2,-0.2,0.34328657314629263,0.3786668104137726,0.0306328855351358
2,-0.2,0.3476553106212425,0.3810415273013393,0.03356750383314825
2,-0.2,0.3520240480961924,0.3834020499264654,0.03649203697643716
2,-0.2,0.3563927855711423,0.3857486646310648,0.039406563604019076
2,-0.2,0.3607615230460922,0.38808165240238174,0.04231116193075743
2,-0.2,0.3651302605210421,0.39040128898498583,0.04520590975955382
2,-0.2,0.369498997995992,0.3927078449885665,0.04809088449393905
2,-0.2,0.37386773547094193,0.39500158599478,0.05096616314762849
2,-0.2,0.3782364729458918,0.3972827726600794,0.05383182235458537
2,-0.2,0.3826052104208417,0.39955166081707233,0.056687938376954364
2,-0.2,0.3869739478957916,0.40180850157310755,0.059534587112411615
2,-0.2,0.3913426853707415,0.4040535414068882,0.06237184410017959
2,-0.2,0.3957114228456914,0.4062870222618708,0.06519978452732399
2,-0.2,0.4000801603206413,0.40850918163880634,0.06801848323263039
2,-0.2,0.40444889779559123,0.4107202526847281,0.07082801471145726
2,-0.2,0.4088176352705411,0.41292046428108137,0.07362845311838241
2,-0.2,0.413186372745491,0.4151100411287065,0.07641987227060089
2,-0.2,0.4175551102204409,0.41728920383155416,0.07920234564985627
2,-0.2,0.4219238476953908,0.41945816897814014,0.0819759464042421
2,-0.2,0.4262925851703407,0.4216171492209781,0.0847407473497185
2,-0.2,0.4306613226452906,0.4237663533546685,0.08749682097050485
2,-0.2,0.4350300601202405,0.4259059863914801,0.09024423942006764
2,-0.2,0.4393987975951904,0.42803624963573017,0.092983074520976
2,-0.2,0.44376753507014033,0.4301573407561122,0.0957133977649394
2,-0.2,0.4481362725450902,0.4322694538566457,0.0984352803121532
2,-0.2,0.4525050100200401,0.43437277954572645,0.1011487929907671
2,-0.2,0.45687374749499,0.436467505003727,0.10385400629597934
2,-0.2,0.4612424849699399,0.43855381404906113,0.10655099038890312
2,-0.2,0.4656112224448898,0.44063188720274055,0.1092398150952763
2,-0.2,0.4699799599198397,0.4427019017514823,0.11192054990400896
2,-0.2,0.4743486973947896,0.44476403180939467,0.11459326396561013
2,-0.2,0.4787174348697395,0.4468184483782049,0.11725802609058092
2,-0.2,0.4830861723446894,0.44886531940631347,0.11991490474749594
2,-0.2,0.4874549098196393,0.4509048098462668,0.12256396806138356
2,-0.2,0.4918236472945892,0.4529370817113277,0.1252052838114857
2,-0.2,0.4961923847695391,0.45496229413047445,0.12783891942945141
2,-0.2,0.500561122244489,0.45698060340232804,0.13046494199731304
2,-0.2,0.5049298597194388,0.45899216304796187,0.13308341824529032
2,-0.2,0.5092985971943887,0.46099712386237507,0.13569441454992662
2,-0.2,0.5136673346693387,0.46299563396501325,0.13829799693193157
2,-0.2,0.5180360721442886,0.4649878388492798,0.1408942310538739
2,-0.2,0.5224048096192385,0.46697388143066204,0.1434831822184621
2,-0.2,0.5267735470941884,0.46895390209422905,0.14606491536613367
2,-0.2,0.5311422845691383,0.47092803874071276,0.14863949507339339
2,-0.2,0.5355110220440882,0.4728964268320747,0.15120698555033504
2,-0.2,0.5398797595190381,0.4748591994355908,0.1537674506391726
2,-0.2,0.544248496993988,0.47681648726752357,0.1563209538118613
2,-0.2,0.548617234468938,0.4787684187354804,0.1588675581684918
2,-0.2,0.5529859719438878,0.4807151199801262,0.1614073264353241
2,-0.2,0.5573547094188377,0.4826567149159541,0.16394032096299715
2,-0.2,0.5617234468937876,0.48459332527123467,0.16646660372477015
2,-0.2,0.5660921843687375,0.48652507062699696,0.1689862363151135
2,-0.2,0.5704609218436874,0.48845206845563566,0.1714992799475324
2,-0.2,0.5748296593186373,0.4903744341582017,0.17400579545349634
2,-0.2,0.5791983967935872,0.49229228110117457,0.17650584328097735
2,-0.2,0.5835671342685371,0.49420572065272117,0.17899948349258543
2,-0.2,0.587935871743487,0.49611486221773704,0.18148677576478311
2,-0.2,0.5923046092184369,0.49801981327276024,0.18396777938597147
2,-0.2,0.5966733466933868,0.49992067939955387,0.1864425532559898
2,-0.2,0.6010420841683367,0.50181756431859,0.1889111558844875
2,-0.2,0.6054108216432866,0.5037105699215692,0.19137364539002466
2,-0.2,0.6097795591182364,0.5055997963033921,0.19383007949902667
2,-0.2,0.6141482965931864,0.507485341793389,0.19628051554508796
2,-0.2,0.6185170340681363,0.5093673029861947,0.1987250104677881
2,-0.2,0.6228857715430862,0.5112457747716685,0.20116362081234468
2,-0.2,0.6272545090180361,0.5131208503646194,0.20359640272852703
2,-0.2,0.631623246492986,0.5149926213336532,0.20602341197029078
2,-0.2,0.6359919839679359,0.5168611776296291,0.2084447038951403
2,-0.2,0.6403607214428858,0.5187266076133822,0.21086033346396232
2,-0.2,0.6447294589178357,0.5205889980833494,0.21327035524000432
2,-0.2,0.6490981963927855,0.5224484343020892,0.21567482338919863
2,-0.2,0.6534669338677355,0.5243050000227156,0.2180737916796511
2,-0.2,0.6578356713426854,0.5261587775147655,0.22046731348130383
2,-0.2,0.6622044088176353,0.5280098475893493,0.22285544176626604
2,-0.2,0.6665731462925852,0.5298582896241895,0.2252382291083249
2,-0.2,0.670941883767535,0.5317041815878548,0.22761572768334734
2,-0.2,0.675310621242485,0.5335476000638142,0.22998798926910277
2,-0.2,0.6796793587174349,0.5353886202738739,0.23235506524554708
2,-0.2,0.6840480961923848,0.5372273161011946,0.23471700659515846
2,-0.2,0.6884168336673347,0.5390637601129463,0.23707386390319252
2,-0.2,0.6927855711422846,0.5408980235825797,0.23942568735790296
2,-0.2,0.6971543086172345,0.5427301765115798,0.24177252675109875
2,-0.2,0.7015230460921844,0.544560287650873,0.24411443147866227
2,-0.2,0.7058917835671343,0.5463884245218856,0.24645145054100315
2,-0.2,0.7102605210420841,0.5482146534371264,0.24878363254381125
2,-0.2,0.7146292585170341,0.5500390395205644,0.2511110256984485
2,-0.2,0.718997995991984,0.5518616467273967,0.25343367782302323
2,-0.2,0.7233667334669339,0.5536825378636699,0.25575163634296655
2,-0.2,0.7277354709418838,0.5555017746054921,0.2580649482918375
2,-0.2,0.7321042084168337,0.5573194175178401,0.2603736603123115
2,-0.2,0.7364729458917836,0.5591355260730893,0.26267781865709633
2,-0.2,0.7408416833667335,0.5609501586692113,0.26497746918989484
2,-0.2,0.7452104208416834,0.5627633726476527,0.26727265738640715
2,-0.2,0.7495791583166332,0.5645752243108433,0.26956342833552543
2,-0.2,0.7539478957915832,0.5663857689394983,0.27184982674031555
2,-0.2,0.7583166332665331,0.5681950608094699,0.2741318969194181
2,-0.2,0.762685370741483,0.5700031532084975,0.27640968280798345
2,-0.2,0.7670541082164329,0.5718100984524705,0.2786832279591643
2,-0.2,0.7714228456913828,0.5736159479015421,0.28095257554531067
2,-0.2,0.7757915831663327,0.5754207519758787,0.2832177683594091
2,-0.2,0.7801603206412826,0.5772245601712097,0.28547884881636204
2,-0.2,0.7845290581162325,0.5790274210740682,0.28773585895442
2,-0.2,0.7888977955911824,0.5808293823767204,0.2899888404368105
2,-0.2,0.7932665330661323,0.5826304908919425,0.29223783455305374
2,-0.2,0.7976352705410822,0.5844307925674949,0.2944828822204963
2,-0.2,0.8020040080160321,0.5862303325002937,0.29672402398602343
2,-0.2,0.806372745490982,0.5880291549504433,0.29896130002748494
2,-0.2,0.8107414829659318,0.5898273033549191,0.30119475015551866
2,-0.2,0.8151102204408818,0.5916248203411103,0.30342441381506624
2,-0.2,0.8194789579158317,0.5934217477400869,0.30565033008711706
2,-0.2,0.8238476953907816,0.5952181265996895,0.3078725376902922
2,-0.2,0.8282164328657315,0.597013997197254,0.3100910749829146
2,-0.2,0.8325851703406814,0.5988093990523099,0.3123059799645065
2,-0.2,0.8369539078156313,0.6006043709389788,0.31451729027760605
2,-0.2,0.8413226452905812,0.6023989508981208,0.3167250432097127
2,-0.2,0.8456913827655311,0.6041931762493548,0.31892927569503593
2,-0.2,0.8500601202404809,0.6059870836028067,0.3211300243164669
2,-0.2,0.8544288577154309,0.6077807088707498,0.3233273253073092
2,-0.2,0.8587975951903808,0.6095740872789509,0.3255212145533307
2,-0.2,0.8631663326653307,0.6113672533779009,0.32771172759461603
2,-0.2,0.8675350701402806,0.6131602410538083,0.32989889962757857
2,-0.2,0.8719038076152305,0.6149530835394592,0.3320827655068482
2,-0.2,0.8762725450901804,0.6167458134248651,0.334263359747279
2,-0.2,0.8806412825651303,0.6185384626676954,0.3364407165260805
2,-0.2,0.8850100200400802,0.6203310626036548,0.3386148696846096
2,-0.2,0.88937875751503,0.6221236439565705,0.34078585273053497
2,-0.2,0.89374749498998,0.6239162368483767,0.342953698839827
2,-0.2,0.8981162324649299,0.6257088708088914,0.3451184408589185
2,-0.2,0.9024849699398798,0.6275015747854922,0.3472801113066084
2,-0.2,0.9068537074148297,0.6292943771525452,0.34943874237639305
2,-0.2,0.9112224448897795,0.6310873057208464,0.3515943659380964
2,-0.2,0.9155911823647295,0.6328803877466456,0.3537470135405441
2,-0.2,0.9199599198396794,0.6346736499407748,0.35589671641329385
2,-0.2,0.9243286573146293,0.6364671184775034,0.3580435054688241
2,-0.2,0.9286973947895791,0.6382608190032385,0.3601874113047864
2,-0.2,0.9330661322645291,0.6400547766451754,0.3623284642059296
2,-0.2,0.937434869739479,0.6418490160196886,0.3644666941464355
2,-0.2,0.9418036072144289,0.6436435612406806,0.36660213079197584
2,-0.2,0.9461723446893788,0.6454384359277413,0.3687348035018949
2,-0.2,0.9505410821643286,0.647233663214232,0.3708647413312664
2,-0.2,0.9549098196392786,0.649029265755149,0.37299197303320986
2,-0.2,0.9592785571142285,0.65082526573494,0.3751165270609927
2,-0.2,0.9636472945891784,0.6526216848751719,0.37723843157015857
2,-0.2,0.9680160320641283,0.6544185444420749,0.37935771442068
2,-0.2,0.9723847695390782,0.6562158652539327,0.3814744031792491
2,-0.2,0.9767535070140281,0.6580136676883904,0.38358852512140457
2,-0.2,0.981122244488978,0.6598119716896566,0.3857001072336453
2,-0.2,0.9854909819639279,0.661610796775577,0.38780917621555583
2,-0.2,0.9898597194388777,0.6634101620445298,0.38991575848223414
2,-0.2,0.9942284569138277,0.66521008618233,0.39201988016620604
2,-0.2,0.9985971943887776,0.667010587468923,0.39412156711976293
2,-0.2,1.0029659318637274,0.6688116837850393,0.396220844917014
2,-0.2,1.0073346693386773,0.6706133926186827,0.398317738856185
2,-0.2,1.0117034068136272,0.6724157310715816,0.4004122739616472
2,-0.2,1.0160721442885772,0.674218715865455,0.40250447498626646
2,-0.2,1.020440881763527,0.6760223633482891,0.4045943664133403
2,-0.2,1.024809619238477,0.6778266895003796,0.4066819724590074
2,-0.2,1.029178356713427,0.6796317099404003,0.40876731707423075
2,-0.2,1.0335470941883769,0.6814374399313179,0.41085042394696947
2,-0.2,1.0379158316633268,0.6832438943861958,0.4129313165044275
2,-0.2,1.0422845691382765,0.6850510878739449,0.41501001791513537
2,-0.2,1.0466533066132264,0.6868590346249842,0.41708655109103354
2,-0.2,1.0510220440881763,0.6886677485367636,0.41916093868973475
2,-0.2,1.0553907815631263,0.6904772431792459,0.4212332031165906
2,-0.2,1.0597595190380762,0.6922875318003096,0.42330336652675726
2,-0.2,1.0641282565130261,0.6940986273310119,0.42537145082741223
2,-0.2,1.068496993987976,0.6959105423908155,0.42743747767984497
2,-0.2,1.072865731462926,0.697723289292734,0.42950146850147986
2,-0.2,1.0772344689378759,0.6995368800483568,0.4315634444680924
2,-0.2,1.0816032064128256,0.7013513263728313,0.4336234265158584
2,-0.2,1.0859719438877755,0.7031666396897651,0.43568143534339315
2,-0.2,1.0903406813627254,0.7049828311360374,0.4377374914138344
2,-0.2,1.0947094188376754,0.7067999115665285,0.439791614956993
2,-0.2,1.0990781563126253,0.7086178915587956,0.44184382597133387
2,-0.2,1.1034468937875752,0.7104367814176662,0.44389414422605317
2,-0.2,1.1078156312625251,0.7122565911797636,0.4459425892630978
2,-0.2,1.112184368737475,0.714077330617948,0.4479891803992425
2,-0.2,1.116553106212425,0.7158990092456942,0.4500339367281313
2,-0.2,1.1209218436873747,0.7177216363214276,0.4520768771221838
2,-0.2,1.1252905811623246,0.719545220852749,0.45411802023470316
2,-0.2,1.1296593186372745,0.7213697716006036,0.45615738450191495
2,-0.2,1.1340280561122245,0.7231952970834419,0.45819498814476173
2,-0.2,1.1383967935871744,0.7250218055812095,0.46023084917112245
2,-0.2,1.1427655310621243,0.7268493051393795,0.4622649853776004
2,-0.2,1.1471342685370742,0.7286778035728544,0.46429741435157956
2,-0.2,1.1515030060120242,0.7305073084698346,0.4663281534731476
2,-0.2,1.155871743486974,0.7323378271956302,0.4683572199169976
2,-0.2,1.1602404809619238,0.7341693668963987,0.47038463065440317
2,-0.2,1.1646092184368737,0.7360019345028236,0.47241040245514804
2,-0.2,1.1689779559118236,0.7378355367337691,0.47443455188933026
2,-0.2,1.1733466933867736,0.7396701800998188,0.4764570953294151
2,-0.2,1.1777154308617235,0.7415058709068257,0.47847804895197843
2,-0.2,1.1820841683366734,0.743342615259351,0.48049742873967244
2,-0.2,1.1864529058116233,0.745180419064084,0.48251525048305477
2,-0.2,1.1908216432865733,0.7470192880332038,0.4845315297824209
2,-0.2,1.1951903807615232,0.7488592276876761,0.48654628204966777
2,-0.2,1.1995591182364729,0.750700243360507,0.48855952251014095
2,-0.2,1.2039278557114228,0.752542340199947,0.490571266204416
2,-0.2,1.2082965931863727,0.7543855231726564,0.4925815279901108
2,-0.2,1.2126653306613226,0.7562297970667835,0.4945903225437342
2,-0.2,1.2170340681362726,0.7580751664950507,0.4965976643623917
2,-0.2,1.2214028056112225,0.7599216358977572,0.4986035677655459
2,-0.2,1.2257715430861724,0.7617692095457173,0.5006080468969448
2,-0.2,1.2301402805611223,0.7636178915432245,0.502611115726092
2,-0.2,1.2345090180360723,0.7654676858308676,0.5046127880503242
2,-0.2,1.238877755511022,0.7673185961884266,0.506613077496124
2,-0.2,1.243246492985972,0.7691706262375845,0.5086119975212856
2,-0.2,1.2476152304609218,0.7710237794447288,0.5106095614162376
2,-0.2,1.2519839679358717,0.7728780591236162,0.5126057823059663
2,-0.2,1.2563527054108217,0.7747334684380535,0.5146006731515473
2,-0.2,1.2607214428857716,0.7765900104044943,0.5165942467519221
2,-0.2,1.2650901803607215,0.7784476878946289,0.5185865157454919
2,-0.2,1.2694589178356714,0.7803065036379174,0.5205774926117723
2,-0.2,1.2738276553106214,0.7821664602240974,0.5225671896729757
2,-0.2,1.278196392785571,0.7840275601056157,0.5245556190957866
2,-0.2,1.282565130260521,0.7858898056000918,0.5265427928927265
2,-0.2,1.286933867735471,0.7877531988926667,0.5285287229239662
2,-0.2,1.2913026052104208,0.7896177420383691,0.530513420898788
2,-0.2,1.2956713426853708,0.7914834369644325,0.5324968983771416
2,-0.2,1.3000400801603207,0.793350285472547,0.5344791667713282
2,-0.2,1.3044088176352706,0.7952182892411248,0.5364602373474111
2,-0.2,1.3087775551102205,0.7970874498275051,0.5384401212267744
2,-0.2,1.3131462925851705,0.7989577686701109,0.5404188293877404
2,-0.2,1.3175150300601204,0.800829247090609,0.5423963726669292
2,-0.2,1.32188376753507,0.8027018862959964,0.5443727617609191
2,-0.2,1.32625250501002,0.8045756873807013,0.5463480072275484
2,-0.2,1.33062124248497,0.8064506513285945,0.5483221194875959
2,-0.2,1.3349899799599199,0.808326779015031,0.5502951088260389
2,-0.2,1.3393587174348698,0.810204071208804,0.5522669853936887
2,-0.2,1.3437274549098197,0.812082528574123,0.5542377592084413
2,-0.2,1.3480961923847696,0.8139621516725077,0.5562074401568612
2,-0.2,1.3524649298597196,0.8158429409646868,0.5581760379955567
2,-0.2,1.3568336673346695,0.8177248968124698,0.5601435623525371
2,-0.2,1.3612024048096192,0.8196080194805714,0.5621100227286118
2,-0.2,1.365571142284569,0.8214923091384196,0.5640754284987864
2,-0.2,1.369939879759519,0.8233777658619323,0.566039788913644
2,-0.2,1.374308617234469,0.8252643896352541,0.5680031131007311
2,-0.2,1.3786773547094189,0.8271521803525098,0.5699654100657678
2,-0.2,1.3830460921843688,0.8290411378194755,0.5719266886941173
2,-0.2,1.3874148296593187,0.8309312617552541,0.5738869577520757
2,-0.2,1.3917835671342687,0.8328225517939206,0.5758462258881697
2,-0.2,1.3961523046092186,0.8347150074861519,0.5778045016344262
2,-0.2,1.4005210420841683,0.8366086283008115,0.5797617934076772
2,-0.2,1.4048897795591182,0.8385034136265246,0.581718109510854
2,-0.2,1.4092585170340681,0.840399362773208,0.5836734581343033
2,-0.2,1.413627254509018,0.8422964749736263,0.5856278473568699
2,-0.2,1.417995991983968,0.8441947493848542,0.5875812851473428
2,-0.2,1.422364729458918,0.8460941850897793,0.5895337793655308
2,-0.2,1.4267334669338678,0.8479947810985357,0.591485337763604
2,-0.2,1.4311022044088177,0.8498965363499564,0.593435967987164
2,-0.2,1.4354709418837677,0.851799449712965,0.5953856775765605
2,-0.2,1.4398396793587174,0.8537035199879537,0.5973344739680947
2,-0.2,1.4442084168336673,0.8556087459081884,0.5992823644950263
2,-0.2,1.4485771543086172,0.857515126141107,0.6012293563889436
2,-0.2,1.4529458917835671,0.8594226592896723,0.6031754567808036
2,-0.2,1.457314629258517,0.8613313438936763,0.6051206727020394
2,-0.2,1.461683366733467,0.8632411784310001,0.6070650110858531
2,-0.2,1.466052104208417,0.8651521613189008,0.6090084787681713
2,-0.2,1.4704208416833668,0.8670642909152462,0.6109510824888517
2,-0.2,1.4747895791583168,0.8689775655197486,0.6128928288927109
2,-0.2,1.4791583166332665,0.8708919833751448,0.6148337245307612
2,-0.2,1.4835270541082164,0.8728075426684203,0.6167737758611141
2,-0.2,1.4878957915831663,0.874724241531956,0.6187129892501338
2,-0.2,1.4922645290581162,0.8766420780446774,0.6206513709735398
2,-0.2,1.4966332665330662,0.8785610502331953,0.622588927217412
2,-0.2,1.501002004008016,0.8804811560729284,0.6245256640791668
2,-0.2,1.505370741482966,0.8824023934891833,0.6264615875687176
2,-0.2,1.509739478957916,0.8843247603582494,0.6283967036094176
2,-0.2,1.5141082164328659,0.8862482545084549,0.6303310180391091
2,-0.2,1.5184769539078156,0.8881728737212349,0.6322645366110056
2,-0.2,1.5228456913827655,0.8900986157321256,0.6341972649949005
2,-0.2,1.5272144288577154,0.8920254782318163,0.6361292087779764
2,-0.2,1.5315831663326653,0.8939534588671355,0.638060373465775
2,-0.2,1.5359519038076153,0.8958825552420242,0.6399907644833144
2,-0.2,1.5403206412825652,0.8978127649185275,0.6419203871758361
2,-0.2,1.544689378757515,0.899744085417729,0.6438492468099271
2,-0.2,1.549058116232465,0.9016765142207004,0.6457773485743279
2,-0.2,1.553426853707415,0.9036100487694148,0.6477046975809773
2,-0.2,1.5577955911823649,0.9055446864676803,0.6496312988657469
2,-0.2,1.5621643286573146,0.907480424682006,0.6515571573895619
2,-0.2,1.5665330661322645,0.9094172607425031,0.653482278039144
2,-0.2,1.5709018036072144,0.9113551919437427,0.655406665627982
2,-0.2,1.5752705410821644,0.9132942155456198,0.6573303248971563
2,-0.2,1.5796392785571143,0.9152343287741863,0.6592532605162356
2,-0.2,1.5840080160320642,0.9171755288224817,0.661175477084147
2,-0.2,1.5883767535070141,0.919117812851343,0.6630969791300304
2,-0.2,1.592745490981964,0.9210611779902201,0.6650177711140237
2,-0.2,1.597114228456914,0.9230056213379471,0.6669378574281821
2,-0.2,1.6014829659318637,0.9249511399635268,0.6688572423972978
2,-0.2,1.6058517034068136,0.9268977309069005,0.6707759302796319
2,-0.2,1.6102204408817635,0.9288453911796907,0.6726939252678248
2,-0.2,1.6145891783567135,0.9307941177659543,0.6746112314896124
2,-0.2,1.6189579158316634,0.9327439076228935,0.6765278530087131
2,-0.2,1.6233266533066133,0.9346947576815899,0.6784437938255138
2,-0.2,1.6276953907815632,0.9366466648476981,0.6803590578779579
2,-0.2,1.6320641282565131,0.9385996260021535,0.6822736490421639
2,-0.2,1.636432865731463,0.9405536380018376,0.6841875711333687
2,-0.2,1.6408016032064128,0.9425086976802692,0.6861008279065133
2,-0.2,1.6451703406813627,0.9444648018482513,0.6880134230571134
2,-0.2,1.6495390781563126,0.9464219472945331,0.6899253602219118
2,-0.2,1.6539078156312625,0.9483801307864493,0.6918366429796251
2,-0.2,1.6582765531062125,0.9503393490705399,0.6937472748517443
2,-0.2,1.6626452905811624,0.9522995988731844,0.695657259303136
2,-0.2,1.6670140280561123,0.9542608769012075,0.6975665997427987
2,-0.2,1.6713827655310622,0.9562231798424794,0.699475299524568
2,-0.2,1.6757515030060122,0.9581865043665038,0.7013833619478047
2,-0.2,1.6801202404809619,0.960150847125005,0.7032907902580828
2,-0.2,1.6844889779559118,0.9621162047524923,0.7051975876478574
2,-0.2,1.6888577154308617,0.9640825738668373,0.707103757257107
2,-0.2,1.6932264529058116,0.9660499510698083,0.7090093021740685
2,-0.2,1.6975951903807616,0.9680183329476263,0.7109142254358358
2,-0.2,1.7019639278557115,0.9699877160715046,0.7128185300290064
2,-0.2,1.7063326653306614,0.9719580969981716,0.7147222188903178
2,-0.2,1.7107014028056113,0.973929472270376,0.7166252949073747
2,-0.2,1.7150701402805613,0.9759018384174208,0.7185277609191354
2,-0.2,1.719438877755511,0.9778751919556549,0.7204296197165913
2,-0.2,1.7238076152304609,0.9798495293889519,0.7223308740434644
2,-0.2,1.7281763527054108,0.9818248472092195,0.724231526596667
2,-0.2,1.7325450901803607,0.9838011418968596,0.7261315800270217
2,-0.2,1.7369138276553107,0.9857784099212477,0.728031036939776
2,-0.2,1.7412825651302606,0.9877566477411888,0.7299298998952245
2,-0.2,1.7456513026052105,0.9897358518053754,0.7318281714092842
2,-0.2,1.7500200400801604,0.9917160185528234,0.7337258539541203
2,-0.2,1.7543887775551104,0.9936971444133327,0.7356229499585739
2,-0.2,1.75875751503006,0.9956792258078924,0.7375194618089033
2,-0.2,1.76312625250501,0.9976622591491292,0.7394153918491797
2,-0.2,1.76749498997996,0.9996462408417012,0.7413107423819965
2,-0.2,1.7718637274549098,1.0016311672827347,0.7432055156688195
2,-0.2,1.7762324649298598,1.0036170348622058,0.7450997139307002
2,-0.2,1.7806012024048097,1.0056038399633476,0.7469933393486977
2,-0.2,1.7849699398797596,1.0075915789630332,0.7488863940644852
2,-0.2,1.7893386773547095,1.0095802482321707,0.7507788801807702
2,-0.2,1.7937074148296595,1.0115698441360683,0.7526707997618892
2,-0.2,1.7980761523046092,1.0135603630348053,0.7545621548343264
2,-0.2,1.802444889779559,1.0155518012836053,0.7564529473871283
2,-0.2,1.806813627254509,1.0175441552331892,0.7583431793724407
2,-0.2,1.811182364729459,1.0195374212301183,0.7602328527060701
2,-0.2,1.8155511022044089,1.021531595617155,0.7621219692678639
2,-0.2,1.8199198396793588,1.0235266747335892,0.7640105309022566
2,-0.2,1.8242885771543087,1.025522654915582,0.7658985394186965
2,-0.2,1.8286573146292586,1.0275195324964899,0.7677859965921359
2,-0.2,1.8330260521042085,1.0295173038071774,0.769672904163568
2,-0.2,1.8373947895791582,1.0315159651763544,0.7715592638403213
2,-0.2,1.8417635270541082,1.033515512930868,0.7734450772966464
2,-0.2,1.846132264529058,1.0355159433960142,0.7753303461741755
2,-0.2,1.850501002004008,1.0375172528958438,0.7772150720822201
2,-0.2,1.854869739478958,1.039519437753449,0.7790992565983774
2,-0.2,1.8592384769539079,1.041522494291257,0.7809829012688282
2,-0.2,1.8636072144288578,1.0435264188313143,0.7828660076088907
2,-0.2,1.8679759519038077,1.0455312076955656,0.784748577103296
2,-0.2,1.8723446893787576,1.0475368572061257,0.7866306112067786
2,-0.2,1.8767134268537076,1.049543363685553,0.7885121113443081
2,-0.2,1.8810821643286573,1.0515507234571135,0.7903930789116407
2,-0.2,1.8854509018036072,1.0535589328450368,0.7922735152756422
2,-0.2,1.8898196392785571,1.0555679881747748,0.794153421774725
2,-0.2,1.894188376753507,1.057577885773246,0.7960327997192348
2,-0.2,1.898557114228457,1.059588621969094,0.7979116503917996
2,-0.2,1.902925851703407,1.0616001930929135,0.7997899750477953
2,-0.2,1.9072945891783568,1.0636125954775,0.8016677749156169
2,-0.2,1.9116633266533067,1.065625825458068,0.8035450511971964
2,-0.2,1.9160320641282567,1.0676398793724948,0.8054218050682335
2,-0.2,1.9204008016032064,1.0696547535615333,0.8072980376786317
2,-0.2,1.9247695390781563,1.0716704443690341,0.809173750152882
2,-0.2,1.9291382765531062,1.0736869481421614,0.8110489435903782
2,-0.2,1.9335070140280561,1.0757042612316097,0.8129236190657418
2,-0.2,1.937875751503006,1.0777223799917972,0.8147977776292923
2,-0.2,1.942244488977956,1.079741300781085,0.816671420307257
2,-0.2,1.946613226452906,1.0817610199619665,0.8185445481021871
2,-0.2,1.9509819639278558,1.0837815339012644,0.8204171619932867
2,-0.2,1.9553507014028058,1.085802838970325,0.822289262936739
2,-0.2,1.9597194388777555,1.0878249315452064,0.8241608518660134
2,-0.2,1.9640881763527054,1.0898478080068574,0.8260319296922618
2,-0.2,1.9684569138276553,1.0918714647413073,0.8279024973045259
2,-0.2,1.9728256513026052,1.0938958981398341,0.82977255557017
2,-0.2,1.9771943887775552,1.0959211045991424,0.831642105335143
2,-0.2,1.981563126252505,1.097947080521533,0.8335111474242738
2,-0.2,1.985931863727455,1.0999738223150717,0.8353796826415937
2,-0.2,1.990300601202405,1.1020013263937465,0.8372477117706776
2,-0.2,1.9946693386773549,1.1040295891776362,0.8391152355748456
2,-0.2,1.9990380761523046,1.1060586070930543,0.8409822547976125
2,-0.2,2.0034068136272545,1.108088376572722,0.8428487701627727
2,-0.2,2.0077755511022044,1.1101188940559008,0.8447147823748725
2,-0.2,2.0121442885771543,1.1121501559885416,0.8465802921194449
2,-0.2,2.0165130260521043,1.1141821588234395,0.8484453000632355
2,-0.2,2.020881763527054,1.1162148990203689,0.8503098068545041
2,-0.2,2.025250501002004,1.1182483730462158,0.8521738131233498
2,-0.2,2.029619238476954,1.1202825773751233,0.8540373194819166
2,-0.2,2.033987975951904,1.1223175084886148,0.8559003265247034
2,-0.2,2.038356713426854,1.1243531628757284,0.8577628348288283
2,-0.2,2.042725450901804,1.1263895370331414,0.8596248449542541
2,-0.2,2.0470941883767537,1.1284266274652972,0.8614863574440599
2,-0.2,2.0514629258517036,1.1304644306845217,0.8633473728247363
2,-0.2,2.0558316633266536,1.132502943211142,0.8652078916063863
2,-0.2,2.060200400801603,1.1345421615736067,0.867067914283001
2,-0.2,2.064569138276553,1.1365820823085946,0.8689274413326877
2,-0.2,2.068937875751503,1.1386227019611224,0.8707864732179493
2,-0.2,2.073306613226453,1.140664017084663,0.8726450103858621
2,-0.2,2.0776753507014027,1.142706024241239,0.8745030532683763
2,-0.2,2.0820440881763527,1.1447487200015336,0.8763606022824975
2,-0.2,2.0864128256513026,1.146792100944983,0.8782176578305846
2,-0.2,2.0907815631262525,1.1488361636598876,0.8800742203004805
2,-0.2,2.0951503006012024,1.150880904743492,0.8819302900658229
2,-0.2,2.0995190380761524,1.1529263208020923,0.8837858674862179
2,-0.2,2.1038877755511023,1.1549724084511133,0.8856409529075038
2,-0.2,2.108256513026052,1.15701916431521,0.8874955466619305
2,-0.2,2.112625250501002,1.1590665850283506,0.889349649068338
2,-0.2,2.116993987975952,1.161114667233893,0.8912032604324877
2,-0.2,2.121362725450902,1.1631634075846762,0.8930563810471579
2,-0.2,2.125731462925852,1.165212802743101,0.8949090111923688
2,-0.2,2.130100200400802,1.1672628493811978,0.8967611511356491
2,-0.2,2.1344689378757518,1.169313544180713,0.8986128011321627
2,-0.2,2.1388376753507012,1.171364883833179,0.9004639614249423
2,-0.2,2.143206412825651,1.1734168650399854,0.9023146322450942
2,-0.2,2.147575150300601,1.1754694845124505,0.9041648138119579
2,-0.2,2.151943887775551,1.1775227389718856,0.9060145063333386
2,-0.2,2.156312625250501,1.1795766251496682,0.9078637100056539
2,-0.2,2.160681362725451,1.1816311397873014,0.909712425014134
2,-0.2,2.165050100200401,1.1836862796364735,0.9115606515330421
2,-0.2,2.1694188376753507,1.1857420414591258,0.9134083897257865
2,-0.2,2.1737875751503006,1.1877984220275037,0.9152556397451752
2,-0.2,2.1781563126252506,1.189855418124224,0.917102401733509
2,-0.2,2.1825250501002005,1.191913026542315,0.9189486758228584
2,-0.2,2.1868937875751504,1.193971244085286,0.9207944621351253
2,-0.2,2.1912625250501003,1.1960300675671678,0.9226397607822896
2,-0.2,2.1956312625250503,1.1980894938125708,0.924484571866537
2,-0.2,2.2,1.2001495196567256,0.9263288954804709
3,-0.4,0.02,0.3729101628715906,-0.40286530077181204
3,-0.4,0.0243687374749499,0.3757098450077271,-0.396693997285466
3,-0.4,0.0287374749498998,0.37847942348756497,-0.39058146927253895
3,-0.4,0.0331062124248497,0.381219414483954,-0.3845269132518415
3,-0.4,0.0374749498997996,0.38393032866595184,-0.37852953606000717
3,-0.4,0.0418436873747495,0.3866126712184837,-0.3725885547733367
3,-0.4,0.046212424849699396,0.3892669418602854,-0.36670319662900425
3,-0.4,0.0505811623246493,0.39189363486178763,-0.3608726989446402
3,-0.4,0.0549498997995992,0.3944932390618024,-0.35509630903707384
3,-0.4,0.0593186372745491,0.39706623788344614,-0.34937328414003965
3,-0.4,0.063687374749499,0.39961310934955296,-0.3437028913206429
3,-0.4,0.0680561122244489,0.4021343260984148,-0.3380844073942812
3,-0.4,0.0724248496993988,0.4046303553977839,-0.3325171188392877
3,-0.4,0.0767935871743487,0.407101659159822,-0.32700032170972976
3,-0.4,0.0811623246492986,0.40954869395541416,-0.32153332154742964
3,-0.4,0.0855310621242485,0.41197191102804415,-0.31611543329312297
3,-0.4,0.0898997995991984,0.41437175630851864,-0.3107459811961519
3,-0.4,0.0942685370741483,0.4167486704293132,-0.30542429872345783
3,-0.4,0.0986372745490982,0.41910308873905006,-0.3001497284676407
3,-0.4,0.1030060120240481,0.4214354413170901,-0.2949216220541763
3,-0.4,0.107374749498998,0.42374615298936086,-0.28973934004741525
3,-0.4,0.1117434869739479,0.4260356433431586,-0.28460225185637855
3,-0.4,0.11611222444889781,0.4283043267440542,-0.27950973563916437
3,-0.4,0.1204809619238477,0.43055261235180553,-0.27446117820727406
3,-0.4,0.1248496993987976,0.43278090413794046,-0.2694559749288812
3,-0.4,0.12921843687374748,0.4349896009035517,-0.2644935296317447
3,-0.4,0.13358717434869738,0.4371790962976753,-0.2595732545056152
3,-0.4,0.1379559118236473,0.4393497788366575,-0.2546945700041623
3,-0.4,0.1423246492985972,0.4415020319242837,-0.2498569047465155
3,-0.4,0.1466933867735471,0.44363623387257717,-0.24505969541855915
3,-0.4,0.151062124248497,0.4457527579232228,-0.2403023866740736
3,-0.4,0.1554308617234469,0.44785197227060947,-0.23558443103544977
3,-0.4,0.15979959919839679,0.4499342400847823,-0.23090528879462546
3,-0.4,0.16416833667334668,0.45199991953612817,-0.22626442791375032
3,-0.4,0.16853707414829658,0.45404936382022393,-0.22166132392605262
3,-0.4,0.17290581162324647,0.4560829211843341,-0.21709545983665604
3,-0.4,0.17727454909819637,0.45810093495426557,-0.21256632602369382
3,-0.4,0.1816432865731463,0.4601037435624923,-0.2080734201395476
3,-0.4,0.1860120240480962,0.4620916805768056,-0.20361624701247028
3,-0.4,0.1903807615230461,0.46406507473045877,-0.19919431854845304
3,-0.4,0.19474949899799598,0.46602424995264186,-0.19480715363358084
3,-0.4,0.19911823647294588,0.4679695254000674,-0.1904542780368143
3,-0.4,0.20348697394789578,0.46990121548975056,-0.18613522431326046
3,-0.4,0.20785571142284567,0.47181962993194,-0.1818495317080717
3,-0.4,0.2122244488977956,0.47372507376453643,-0.17759674606090314
3,-0.4,0.2165931863727455,0.4756178473881325,-0.17337641971104517
3,-0.4,0.2209619238476954,0.4774982466015884,-0.16918811140328882
3,-0.4,0.2253306613226453,0.4793665626387319,-0.16503138619450372
3,-0.4,0.22969939879759518,0.48122308220568144,-0.16090581536102538
3,-0.4,0.23406813627254508,0.4830680875187623,-0.15681097630685717
3,-0.4,0.23843687374749498,0.4849018563429853,-0.15274645247273158
3,-0.4,0.24280561122244487,0.48672466203194925,-0.1487118332460864
3,-0.4,0.24717434869739477,0.4885367735672698,-0.14470671387192524
3,-0.4,0.2515430861723447,0.49033845559939643,-0.14073069536466337
3,-0.4,0.2559118236472946,0.49212996848847634,-0.1367833844209155
3,-0.4,0.2602805611222445,0.4939115683461626,-0.1328643933333103
3,-0.4,0.2646492985971944,0.4956835070778957,-0.12897333990534274
3,-0.4,0.2690180360721443,0.4974460324249253,-0.12510984736717587
3,-0.4,0.27338677354709423,0.49919938800761465,-0.12127354429257296
3,-0.4,0.2777555110220441,0.5009438133690567,-0.11746406451693732
3,-0.4,0.282124248496994,0.5026795440181875,-0.11368104705628203
3,-0.4,0.2864929859719439,0.5044068114745804,-0.1099241360275103
3,-0.4,0.2908617234468938,0.5061258433118685,-0.10619298056951386
3,-0.4,0.2952304609218437,0.5078368632029984,-0.10248723476564406
3,-0.4,0.2995991983967936,0.5095400909647596,-0.09880655756715628
3,-0.4,0.30396793587174353,0.5112357426030818,-0.09515061271785336
3,-0.4,0.3083366733466934,0.5129240303574144,-0.09151906867962839
3,-0.4,0.3127054108216433,0.5146051627470296,-0.0879115985595199
3,-0.4,0.3170741482965932,0.5162793446153493,-0.08432788003740803
3,-0.4,0.3214428857715431,0.5179467771762843,-0.08076759529529454
3,-0.4,0.325811623246493,0.5196076580590825,-0.07723043094730153
3,-0.4,0.3301803607214429,0.5212621813540835,-0.07371607797102091
3,-0.4,0.3345490981963928,0.5229105376582412,-0.07022423163990194
3,-0.4,0.3389178356713427,0.524552914120397,-0.06675459145666175
3,-0.4,0.34328657314629263,0.5261894944868062,-0.0633068610879015
3,-0.4,0.3476553106212425,0.5278204591463591,-0.05988074829970325
3,-0.4,0.3520240480961924,0.529445985175678,-0.05647596489431477
3,-0.4,0.3563927855711423,0.5310662463844211,-0.053092226647999126
3,-0.4,0.3607615230460922,0.5326814133599201,-0.04972925324975146
3,-0.4,0.3651302605210421,0.5342916535120181,-0.04638676824119407
3,-0.4,0.369498997995992,0.5358971311175597,-0.04306449895742634
3,-0.4,0.37386773547094193,0.5374980073648729,-0.03976217646899586
3,-0.4,0.3782364729458918,0.5390944403976089,-0.03647953552465639
3,-0.4,0.3826052104208417,0.5406865853587349,-0.03321631449534168
3,-0.4,0.3869739478957916,0.5422745944341371,-0.02997225531898829
3,-0.4,0.3913426853707415,0.5438586168960527,-0.026747103446427084
3,-0.4,0.3957114228456914,0.5454387991456048,-0.02354060778791751
3,-0.4,0.4000801603206413,0.5470152847562638,-0.02035252066116628
3,-0.4,0.40444889779559123,0.5485882145154575,-0.01718259773958095
3,-0.4,0.4088176352705411,0.5501577264674286,-0.014030598002145837
3,-0.4,0.413186372745491,0.5517239559543785,-0.01089628368354843
3,-0.4,0.4175551102204409,0.553287035658141,-0.007779420225577221
3,-0.4,0.4219238476953908,0.5548470956411484,-0.00467977622923691
3,-0.4,0.4262925851703407,0.5564042633870921,-0.0015971234077278487
3,-0.4,0.4306613226452906,0.5579586638412521,0.001468763459733047
3,-0.4,0.4350300601202405,0.5595104194503616,0.004518106573300134
3,-0.4,0.4393987975951904,0.5610596502022179,0.007551125157031858
3,-0.4,0.44376753507014033,0.5626064736645997,0.010568035502782165
3,-0.4,0.4481362725450902,0.5641510050242696,0.013569051013067206
3,-0.4,0.4525050100200401,0.56569335712506,0.016554382243456334
3,-0.4,0.45687374749499,0.5672336405058858,0.019524236944021518
3,-0.4,0.4612424849699399,0.5687719634382004,0.022478820100149507
3,-0.4,0.4656112224448898,0.5703084319630898,0.025418333972603634
3,-0.4,0.4699799599198397,0.5718431499278017,0.02834297813696754
3,-0.4,0.4743486973947896,0.5733762190222592,0.03125294952215441
3,-0.4,0.4787174348697395,0.5749077388143752,0.03414844244872686
3,-0.4,0.4830861723446894,0.5764378067860071,0.03702964866587327
3,-0.4,0.4874549098196393,0.5779665183672984,0.03989675738850911
3,-0.4,0.4918236472945892,0.5794939669716022,0.04274995533306643
3,-0.4,0.4961923847695391,0.5810202440293709,0.045589426753085305
3,-0.4,0.500561122244489,0.5825454390217637,0.04841535347407225
3,-0.4,0.5049298597194388,0.5840696395139848,0.05122791492766679
3,-0.4,0.5092985971943887,0.5855929311878834,0.05402728818542869
3,-0.4,0.5136673346693387,0.5871153978744023,0.05681364799186808
3,-0.4,0.5180360721442886,0.5886371215854698,0.05958716679698156
3,-0.4,0.5224048096192385,0.5901581825453622,0.06234801478833538
3,-0.4,0.5267735470941884,0.5916786592219031,0.0650963599224227
3,-0.4,0.5311422845691383,0.5931986283569355,0.06783236795568441
3,-0.4,0.5355110220440882,0.5947181649967019,0.07055620247478488
3,-0.4,0.5398797595190381,0.5962373425212883,0.07326802492679
3,-0.4,0.544248496993988,0.5977562326743495,0.07596799464828205
3,-0.4,0.548617234468938,0.5992749055916826,0.07865626889457145
3,-0.4,0.5529859719438878,0.6007934298300707,0.08133300286789656
3,-0.4,0.5573547094188377,0.6023118723949725,0.08399834974575626
3,-0.4,0.5617234468937876,0.6038302987686266,0.08665246070810696
3,-0.4,0.5660921843687375,0.6053487729369684,0.0892954849647609
3,-0.4,0.5704609218436874,0.6068673574167807,0.09192756978181935
3,-0.4,0.5748296593186373,0.6083861132819399,0.09454886050810253
3,-0.4,0.5791983967935872,0.6099051001894882,0.09715950060096398
3,-0.4,0.5835671342685371,0.6114243764056189,0.09975963165143098
3,-0.4,0.587935871743487,0.6129439988304338,0.10234939340968918
3,-0.4,0.5923046092184369,0.61446402302336,0.10492892380922358
3,-0.4,0.5966733466933868,0.615984503227197,0.10749835899147378
3,-0.4,0.6010420841683367,0.6175054923925903,0.11005783332938128
3,-0.4,0.6054108216432866,0.6190270422015871,0.11260747945105393
3,-0.4,0.6097795591182364,0.6205492030910621,0.11514742826283784
3,-0.4,0.6141482965931864,0.6220720242757714,0.11767780897207274
3,-0.4,0.6185170340681363,0.6235955537708973,0.12019874910958098
3,-0.4,0.6228857715430862,0.6251198384143448,0.12271037455175776
3,-0.4,0.6272545090180361,0.6266449238887702,0.12521280954220962
3,-0.4,0.631623246492986,0.6281708547430032,0.12770617671333084
3,-0.4,0.6359919839679359,0.6296976744133987,0.13019059710727346
3,-0.4,0.6403607214428858,0.6312254252445865,0.13266619019686088
3,-0.4,0.6447294589178357,0.6327541485101459,0.13513307390592902
3,-0.4,0.6490981963927855,0.6342838844326717,0.13759136462964475
3,-0.4,0.6534669338677355,0.6358146722037485,0.14004117725426984
3,-0.4,0.6578356713426854,0.6373465500033568,0.1424826251768834
3,-0.4,0.6622044088176353,0.6388795550192732,0.1449158203245034
3,-0.4,0.6665731462925852,0.6404137234658007,0.14734087317327899
3,-0.4,0.670941883767535,0.6419490906024329,0.14975789276713797
3,-0.4,0.675310621242485,0.6434856907520942,0.15216698673631932
3,-0.4,0.6796793587174349,0.6450235573191611,0.15456826131549797
3,-0.4,0.6840480961923848,0.6465627228070459,0.15696182136182413
3,-0.4,0.6884168336673347,0.6481032188355248,0.15934777037267256
3,-0.4,0.6927855711422846,0.6496450761579333,0.16172621050292313
3,-0.4,0.6971543086172345,0.6511883246778795,0.1640972425822415
3,-0.4,0.7015230460921844,0.6527329934656965,0.16646096613207562
3,-0.4,0.7058917835671343,0.6542791107747093,0.16881747938230593
3,-0.4,0.7102605210420841,0.6558267040570744,0.17116687928783955
3,-0.4,0.7146292585170341,0.6573757999795757,0.17350926154469692
3,-0.4,0.718997995991984,0.6589264244388554,0.17584472060622772
3,-0.4,0.7233667334669339,0.6604786025766998,0.1781733496987165
3,-0.4,0.7277354709418838,0.662032358794678,0.18049524083724905
3,-0.4,0.7321042084168337,0.6635877167689703,0.18281048484079757
3,-0.4,0.7364729458917836,0.6651446994645186,0.1851191713476305
3,-0.4,0.7408416833667335,0.6667033291492722,0.18742138883008727
3,-0.4,0.7452104208416834,0.6682636274078968,0.18971722460950802
3,-0.4,0.7495791583166332,0.6698256151554814,0.19200676487064897
3,-0.4,0.7539478957915832,0.6713893126508611,0.19429009467611139
3,-0.4,0.7583166332665331,0.6729547395097201,0.19656729798053293
3,-0.4,0.762685370741483,0.674521914717467,0.19883845764460165
3,-0.4,0.7670541082164329,0.6760908566420316,0.2011036554486571
3,-0.4,0.7714228456913828,0.6776615830461505,0.20336297210653462
3,-0.4,0.7757915831663327,0.679234111099657,0.20561648727887724
3,-0.4,0.7801603206412826,0.6808084573914325,0.2078642795864555
3,-0.4,0.7845290581162325,0.6823846379413157,0.2101064266230927
3,-0.4,0.7888977955911824,0.6839626682114937,0.21234300496880318
3,-0.4,0.7932665330661323,0.685542563118035,0.21457409020231286
3,-0.4,0.7976352705410822,0.6871243370419754,0.21679975691372208
3,-0.4,0.8020040080160321,0.688708003840216,0.21902007871700932
3,-0.4,0.806372745490982,0.6902935768564596,0.22123512826201905
3,-0.4,0.8107414829659318,0.6918810689316034,0.2234449772468036
3,-0.4,0.8151102204408818,0.6934704924142,0.22564969642942795
3,-0.4,0.8194789579158317,0.6950618591706273,0.22784935563976774
3,-0.4,0.8238476953907816,0.69665518059516,0.23004402379103187
3,-0.4,0.8282164328657315,0.6982504676196221,0.23223376889147743
3,-0.4,0.8325851703406814,0.6998477307232276,0.23441865805544354
3,-0.4,0.8369539078156313,0.7014469799418886,0.23659875751476292
3,-0.4,0.8413226452905812,0.7030482248776366,0.23877413262959665
3,-0.4,0.8456913827655311,0.7046514747076156,0.2409448478995338
3,-0.4,0.8500601202404809,0.7062567381931109,0.24311096697421966
3,-0.4,0.8544288577154309,0.7078640236883411,0.24527255266398346
3,-0.4,0.8587975951903808,0.709473339149093,0.24742966695029833
3,-0.4,0.8631663326653307,0.7110846921411087,0.24958237099626565
3,-0.4,0.8675350701402806,0.7126980898485115,0.25173072515664674
3,-0.4,0.8719038076152305,0.7143135390818486,0.2538747889881354
3,-0.4,0.8762725450901804,0.715931046286221,0.25601462125913416
3,-0.4,0.8806412825651303,0.7175506175490048,0.2581502799597921
3,-0.4,0.8850100200400802,0.7191722586076953,0.2602818223115214
3,-0.4,0.88937875751503,0.7207959748573601,0.2624093047767598
3,-0.4,0.89374749498998,0.7224217713581723,0.26453278306827277
3,-0.4,0.8981162324649299,0.7240496528425702,0.26665231215871876
3,-0.4,0.9024849699398798,0.7256796237225516,0.26876794628963613
3,-0.4,0.9068537074148297,0.7273116880965378,0.27087973898083845
3,-0.4,0.9112224448897795,0.7289458497564486,0.2729877430390779
3,-0.4,0.9155911823647295,0.7305821121942476,0.27509201056731347
3,-0.4,0.9199599198396794,0.7322204786087276,0.27719259297321747
3,-0.4,0.9243286573146293,0.7338609519119678,0.2792895409779346
3,-0.4,0.9286973947895791,0.7355035347356512,0.2813829046247494
3,-0.4,0.9330661322645291,0.7371482294374495,0.28347273328734285
3,-0.4,0.937434869739479,0.7387950381070644,0.2855590756783126
3,-0.4,0.9418036072144289,0.7404439625722801,0.2876419798573756
3,-0.4,0.9461723446893788,0.7420950044049016,0.28972149323948265
3,-0.4,0.9505410821643286,0.7437481649265085,0.2917976626029304
3,-0.4,0.9549098196392786,0.745403445214208,0.2938705340972064
3,-0.4,0.9592785571142285,0.7470608461060965,0.295940153251047
3,-0.4,0.9636472945891784,0.7487203682069286,0.29800656497984274
3,-0.4,0.9680160320641283,0.7503820118932809,0.30006981359366386
3,-0.4,0.9723847695390782,0.7520457773189302,0.302129942804626
3,-0.4,0.9767535070140281,0.7537116644199959,0.3041869957344058
3,-0.4,0.981122244488978,0.7553796729200382,0.30624101492155364
3,-0.4,0.9854909819639279,0.757049802334968,0.30829204232888924
3,-0.4,0.9898597194388777,0.758722051977937,0.31034011935069133
3,-0.4,0.9942284569138277,0.7603964209641756,0.3123852868196695
3,-0.4,0.9985971943887776,0.7620729082155989,0.3144275850141673
3,-0.4,1.0029659318637274,0.7637515124654712,0.3164670536649507
3,-0.4,1.0073346693386773,0.7654322322628527,0.3185037319621948
3,-0.4,1.0117034068136272,0.7671150659770798,0.3205376585621311
3,-0.4,1.0160721442885772,0.7688000118020591,0.3225688715938052
3,-0.4,1.020440881763527,0.7704870677605474,0.3245974086656454
3,-0.4,1.024809619238477,0.772176231708286,0.3266233068720258
3,-0.4,1.029178356713427,0.7738675013381335,0.32864660279964075
3,-0.4,1.0335470941883769,0.7755608741840503,0.33066733253391034
3,-0.4,1.0379158316633268,0.7772563476250206,0.33268553166527315
3,-0.4,1.0422845691382765,0.7789539188889115,0.33470123529539825
3,-0.4,1.0466533066132264,0.7806535850562666,0.3367144780432779
3,-0.4,1.0510220440881763,0.7823553430639687,0.33872529405137203
3,-0.4,1.0553907815631263,0.7840591897089499,0.340733716991427
3,-0.4,1.0597595190380762,0.7857651216516701,0.3427397800705687
3,-0.4,1.0641282565130261,0.7874731354196347,0.3447435160370685
3,-0.4,1.068496993987976,0.7891832274108237,0.3467449571861043
3,-0.4,1.072865731462926,0.7908953938970836,0.34874413536537907
3,-0.4,1.0772344689378759,0.7926096310273127,0.3507410819809598
3,-0.4,1.0816032064128256,0.7943259348307865,0.3527358280026287
3,-0.4,1.0859719438877755,0.7960443012202623,0.35472840396948263
3,-0.4,1.0903406813627254,0.7977647259951024,0.356718839995302
3,-0.4,1.0947094188376754,0.7994872048443037,0.3587071657739298
3,-0.4,1.0990781563126253,0.8012117333494361,0.3606934105846368
3,-0.4,1.1034468937875752,0.8029383069876022,0.36267760329725407
3,-0.4,1.1078156312625251,0.8046669211343022,0.36465977237732666
3,-0.4,1.112184368737475,0.806397571066213,0.36663994589126153
3,-0.4,1.116553106212425,0.8081302519638804,0.3686181515114788
3,-0.4,1.1209218436873747,0.8098649589145374,0.37059441652111935
3,-0.4,1.1252905811623246,0.8116016869146294,0.3725687678191954
3,-0.4,1.1296593186372745,0.8133404308724327,0.3745412319253709
3,-0.4,1.1340280561122245,0.8150811856105852,0.37651183498477575
3,-0.4,1.1383967935871744,0.8168239458685725,0.3784806027727127
3,-0.4,1.1427655310621243,0.8185687063051759,0.3804475606993216
3,-0.4,1.1471342685370742,0.8203154615007986,0.382412733814314
3,-0.4,1.1515030060120242,0.8220642059598511,0.3843761468114281
3,-0.4,1.155871743486974,0.8238149341130149,0.386337824033003
3,-0.4,1.1602404809619238,0.8255676403194939,0.38829778947439564
3,-0.4,1.1646092184368737,0.8273223188691966,0.39025606678842834
3,-0.4,1.1689779559118236,0.8290789639848791,0.3922126792897367
3,-0.4,1.1733466933867736,0.8308375698242805,0.3941676499590239
3,-0.4,1.1777154308617235,0.8325981304821682,0.39612100144732465
3,-0.4,1.1820841683366734,0.8343606399923436,0.3980727560802469
3,-0.4,1.1864529058116233,0.8361250923296407,0.40002293586206705
3,-0.4,1.1908216432865733,0.8378914814118787,0.4019715624797898
3,-0.4,1.1951903807615232,0.8396598011017328,0.40391865730725707
3,-0.4,1.1995591182364729,0.8414300452085861,0.40586424140916166
3,-0.4,1.2039278557114228,0.8432022074904072,0.40780833554486007
3,-0.4,1.2082965931863727,0.8449762816554738,0.40975096017241597
3,-0.4,1.2126653306613226,0.8467522613641587,0.41169213545234856
3,-0.4,1.2170340681362726,0.8485301402306079,0.41363188125153155
3,-0.4,1.2214028056112225,0.8503099118244707,0.41557021714678705
3,-0.4,1.2257715430861724,0.8520915696724701,0.41750716242880537
3,-0.4,1.2301402805611223,0.853875107260073,0.41944273610562305
3,-0.4,1.2345090180360723,0.8556605180330165,0.4213769569063846
3,-0.4,1.238877755511022,0.8574477953988792,0.4233098432848145
3,-0.4,1.243246492985972,0.8592369327285899,0.42524141342277666
3,-0.4,1.2476152304609218,0.8610279233578623,0.42717168523384913
3,-0.4,1.2519839679358717,0.8628207605887095,0.4291006763666079
3,-0.4,1.2563527054108217,0.8646154376908067,0.43102840420815874
3,-0.4,1.2607214428857716,0.8664119479028858,0.43295488588747455
3,-0.4,1.2650901803607215,0.8682102844341081,0.43488013827868915
3,-0.4,1.2694589178356714,0.8700104404653677,0.4368041780044223
3,-0.4,1.2738276553106214,0.8718124091506305,0.4387270214389361
3,-0.4,1.278196392785571,0.8736161836181624,0.44064868471143287
3,-0.4,1.282565130260521,0.8754217569718004,0.44256918370915815
3,-0.4,1.286933867735471,0.877229122292155,0.44448853408057115
3,-0.4,1.2913026052104208,0.8790382726378175,0.446406751238374
3,-0.4,1.2956713426853708,0.8808492010465342,0.44832385036255723
3,-0.4,1.3000400801603207,0.8826619005363006,0.45023984640352027
3,-0.4,1.3044088176352706,0.8844763641065337,0.45215475408491246
3,-0.4,1.3087775551102205,0.8862925847391445,0.45406858790661064
3,-0.4,1.3131462925851705,0.8881105553996003,0.455981362147647
3,-0.4,1.3175150300601204,0.8899302690379663,0.457893090869083
3,-0.4,1.32188376753507,0.8917517185899532,0.4598037879167873
3,-0.4,1.32625250501002,0.8935748969778945,0.46171346692426835
3,-0.4,1.33062124248497,0.8953997971117376,0.4636221413154317
3,-0.4,1.3349899799599199,0.8972264118900014,0.46552982430729273
3,-0.4,1.3393587174348698,0.8990547342006991,0.4674365289127139
3,-0.4,1.3437274549098197,0.9008847569222823,0.46934226794298695
3,-0.4,1.3480961923847696,0.9027164729245076,0.4712470540105454
3,-0.4,1.3524649298597196,0.9045498750693224,0.4731508995315265
3,-0.4,1.3568336673346695,0.9063849562117245,0.4750538167283331
3,-0.4,1.3612024048096192,0.9082217092006128,0.47695581763213385
3,-0.4,1.365571142284569,0.9100601268795747,0.4788569140854425
3,-0.4,1.369939879759519,0.9119002020877082,0.4807571177445413
3,-0.4,1.374308617234469,0.9137419276604082,0.4826564400818954
3,-0.4,1.3786773547094189,0.9155852964301069,0.4845548923886421
3,-0.4,1.3830460921843688,0.9174303012270583,0.48645248577687067
3,-0.4,1.3874148296593187,0.9192769348800222,0.4883492311820926
3,-0.4,1.3917835671342687,0.9211251902170241,0.49024513936545955
3,-0.4,1.3961523046092186,0.9229750600660183,0.49214022091612336
3,-0.4,1.4005210420841683,0.9248265372555986,0.4940344862534396
3,-0.4,1.4048897795591182,0.9266796146156298,0.4959279456293092
3,-0.4,1.4092585170340681,0.9285342849779259,0.4978206091303
3,-0.4,1.413627254509018,0.9303905411768867,0.49971248667981394
3,-0.4,1.417995991983968,0.932248376050104,0.5016035880403197
3,-0.4,1.422364729458918,0.9341077824389471,0.5034939228155189
3,-0.4,1.4267334669338678,0.9359687531892169,0.5053835004522685
3,-0.4,1.4311022044088177,0.937831281151673,0.5072723302428207
3,-0.4,1.4354709418837677,0.9396953591826084,0.5091604213268383
3,-0.4,1.4398396793587174,0.9415609801443993,0.5110477826934271
3,-0.4,1.4442084168336673,0.9434281369060654,0.5129344231830684
3,-0.4,1.4485771543086172,0.9452968223437717,0.5148203514896668
3,-0.4,1.4529458917835671,0.9471670293413376,0.5167055761625244
3,-0.4,1.457314629258517,0.9490387507907563,0.5185901056081922
3,-0.4,1.461683366733467,0.95091197959267,0.5204739480924321
3,-0.4,1.466052104208417,0.9527867086568435,0.5223571117420875
3,-0.4,1.4704208416833668,0.9546629309026486,0.5242396045469027
3,-0.4,1.4747895791583168,0.956540639259492,0.5261214343614184
3,-0.4,1.4791583166332665,0.9584198266672583,0.5280026089067863
3,-0.4,1.4835270541082164,0.9603004860767786,0.5298831357724411
3,-0.4,1.4878957915831663,0.9621826104501926,0.5317630224180582
3,-0.4,1.4922645290581162,0.9640661927614056,0.5336422761751314
3,-0.4,1.4966332665330662,0.9659512259964574,0.5355209042488098
3,-0.4,1.501002004008016,0.9678377031539396,0.5373989137195173
3,-0.4,1.505370741482966,0.9697256172453476,0.5392763115446942
3,-0.4,1.509739478957916,0.9716149612954599,0.5411531045604515
3,-0.4,1.5141082164328659,0.9735057283427032,0.5430292994831936
3,-0.4,1.5184769539078156,0.9753979114395062,0.544904902911207
3,-0.4,1.5228456913827655,0.977291503652628,0.5467799213263225
3,-0.4,1.5272144288577154,0.9791864980634775,0.5486543610955369
3,-0.4,1.5315831663326653,0.9810828877684996,0.5505282284723583
3,-0.4,1.5359519038076153,0.9829806658793981,0.5524015295986542
3,-0.4,1.5403206412825652,0.9848798255235215,0.5542742705059115
3,-0.4,1.544689378757515,0.9867803598441204,0.5561464571168885
3,-0.4,1.549058116232465,0.988682262000647,0.5580180952470353
3,-0.4,1.553426853707415,0.9905855251690295,0.5598891906060207
3,-0.4,1.5577955911823649,0.9924901425419804,0.5617597487990433
3,-0.4,1.5621643286573146,0.9943961073292034,0.5636297753284754
3,-0.4,1.5665330661322645,0.9963034127576984,0.565499275595109
3,-0.4,1.5709018036072144,0.9982120520720115,0.5673682548995609
3,-0.4,1.5752705410821644,1.0001220185344568,0.5692367184437335
3,-0.4,1.5796392785571143,1.002033305425367,0.5711046713321186
3,-0.4,1.5840080160320642,1.003945906043324,0.572972118573145
3,-0.4,1.5883767535070141,1.0058598137053785,0.5748390650805217
3,-0.4,1.592745490981964,1.007775021747281,0.5767055156744995
3,-0.4,1.597114228456914,1.0096915235236672,0.578571475083244
3,-0.4,1.6014829659318637,1.0116093124082886,0.5804369479440363
3,-0.4,1.6058517034068136,1.0135283817941845,0.582301938804595
3,-0.4,1.6102204408817635,1.0154487250939008,0.5841664521242761
3,-0.4,1.6145891783567135,1.0173703357396553,0.5860304922753232
3,-0.4,1.6189579158316634,1.019293207183527,0.5878940635440781
3,-0.4,1.6233266533066133,1.0212173328976342,0.5897571701321702
3,-0.4,1.6276953907815632,1.0231427063742846,0.5916198161577492
3,-0.4,1.6320641282565131,1.025069321126161,0.5934820056565744
3,-0.4,1.636432865731463,1.0269971706864744,0.5953437425832036
3,-0.4,1.6408016032064128,1.0289262486090949,0.5972050308121929
3,-0.4,1.6451703406813627,1.0308565484687247,0.5990658741391423
3,-0.4,1.6495390781563126,1.0327880638610332,0.6009262762818115
3,-0.4,1.6539078156312625,1.0347207884027867,0.6027862408812728
3,-0.4,1.6582765531062125,1.0366547157319874,0.6046457715029497
3,-0.4,1.6626452905811624,1.0385898395079884,0.6065048716377343
3,-0.4,1.6670140280561123,1.0405261534116423,0.6083635447029597
3,-0.4,1.6713827655310622,1.0424636511454026,0.6102217940435009
3,-0.4,1.6757515030060122,1.044402326433421,0.6120796229328516
3,-0.4,1.6801202404809619,1.0463421730216897,0.6139370345740403
3,-0.4,1.6844889779559118,1.0482831846781273,0.6157940321006868
3,-0.4,1.6888577154308617,1.050225355192676,0.6176506185780205
3,-0.4,1.6932264529058116,1.0521686783774107,0.6195067970038104
3,-0.4,1.6975951903807616,1.0541131480666261,0.6213625703093393
3,-0.4,1.7019639278557115,1.0560587581169185,0.6232179413603988
3,-0.4,1.7063326653306614,1.0580055024072854,0.6250729129581725
3,-0.4,1.7107014028056113,1.0599533748391803,0.6269274878402542
3,-0.4,1.7150701402805613,1.0619023693366239,0.6287816686814496
3,-0.4,1.719438877755511,1.063852479846255,0.6306354580947656
3,-0.4,1.7238076152304609,1.0658037003373992,0.6324888586323042
3,-0.4,1.7281763527054108,1.0677560248021474,0.6343418727861152
3,-0.4,1.7325450901803607,1.0697094472554043,0.6361945029890965
3,-0.4,1.7369138276553107,1.0716639617349697,0.6380467516158119
3,-0.4,1.7412825651302606,1.0736195623015685,0.639898620983406
3,-0.4,1.7456513026052105,1.075576243038924,0.6417501133523841
3,-0.4,1.7500200400801604,1.0775339980537877,0.6436012309275263
3,-0.4,1.7543887775551104,1.0794928214760153,0.6454519758585693
3,-0.4,1.75875751503006,1.0814527074585845,0.6473023502411415
3,-0.4,1.76312625250501,1.0834136501776397,0.6491523561175376
3,-0.4,1.76749498997996,1.0853756438325397,0.6510019954774541
3,-0.4,1.7718637274549098,1.0873386826458948,0.6528512702587758
3,-0.4,1.7762324649298598,1.089302760863575,0.6547001823484367
3,-0.4,1.7806012024048097,1.0912678727547709,0.6565487335830481
3,-0.4,1.7849699398797596,1.0932340126119975,0.6583969257497514
3,-0.4,1.7893386773547095,1.0952011747511314,0.6602447605868773
3,-0.4,1.7937074148296595,1.0971693535114282,0.6620922397847362
3,-0.4,1.7980761523046092,1.0991385432555347,0.6639393649863201
3,-0.4,1.802444889779559,1.10110873836952,0.6657861377879978
3,-0.4,1.806813627254509,1.1030799332628858,0.6676325597402033
3,-0.4,1.811182364729459,1.1050521223685634,0.6694786323482057
3,-0.4,1.8155511022044089,1.107025300142942,0.6713243570727104
3,-0.4,1.8199198396793588,1.1089994610658642,0.6731697353305924
3,-0.4,1.8242885771543087,1.1109745996406521,0.6750147684954665
3,-0.4,1.8286573146292586,1.1129507103940754,0.6768594578985005
3,-0.4,1.8330260521042085,1.1149277878763744,0.6787038048289614
3,-0.4,1.8373947895791582,1.1169058266612724,0.6805478105348222
3,-0.4,1.8417635270541082,1.1188848213459444,0.6823914762234886
3,-0.4,1.846132264529058,1.1208647665510214,0.6842348030624101
3,-0.4,1.850501002004008,1.1228456569206022,0.6860777921795882
3,-0.4,1.854869739478958,1.1248274871222101,0.6879204446643781
3,-0.4,1.8592384769539079,1.1268102518468253,0.689762761567845
3,-0.4,1.8636072144288578,1.1287939458088243,0.6916047439036279
3,-0.4,1.8679759519038077,1.1307785637460093,0.6934463926482797
3,-0.4,1.8723446893787576,1.1327641004195632,0.6952877087420274
3,-0.4,1.8767134268537076,1.1347505506140512,0.6971286930892087
3,-0.4,1.8810821643286573,1.1367379091373868,0.6989693465589418
3,-0.4,1.8854509018036072,1.1387261708208194,0.7008096699856172
3,-0.4,1.8898196392785571,1.1407153305189155,0.7026496641694472
3,-0.4,1.894188376753507,1.1427053831095189,0.7044893298770679
3,-0.4,1.898557114228457,1.1446963234937528,0.7063286678419582
3,-0.4,1.902925851703407,1.1466881465959629,0.7081676787650941
3,-0.4,1.9072945891783568,1.1486808473637102,0.7100063633153955
3,-0.4,1.9116633266533067,1.1506744207677284,0.7118447221302758
3,-0.4,1.9160320641282567,1.1526688618019094,0.7136827558160866
3,-0.4,1.9204008016032064,1.15466416548325,0.7155204649487039
3,-0.4,1.9247695390781563,1.1566603268518403,0.7173578500739427
3,-0.4,1.9291382765531062,1.1586573409708079,0.7191949117081192
3,-0.4,1.9335070140280561,1.1606552029263013,0.7210316503384567
3,-0.4,1.937875751503006,1.162653907827438,0.7228680664236214
3,-0.4,1.942244488977956,1.1646534508062714,0.7247041603941643
3,-0.4,1.946613226452906,1.1666538270177542,0.7265399326529777
3,-0.4,1.9509819639278558,1.168655031639698,0.7283753835757505
3,-0.4,1.9553507014028058,1.1706570598727224,0.7302105135114451
3,-0.4,1.9597194388777555,1.1726599069402248,0.7320453227827076
3,-0.4,1.9640881763527054,1.1746635680883226,0.7338798116863492
3,-0.4,1.9684569138276553,1.17666803858583,0.7357139804936985
3,-0.4,1.9728256513026052,1.1786733137241894,0.7375478294511104
3,-0.4,1.9771943887775552,1.180679388817428,0.7393813587803971
3,-0.4,1.981563126252505,1.1826862592021303,0.7412145686791355
3,-0.4,1.985931863727455,1.1846939202373665,0.7430474593211749
3,-0.4,1.990300601202405,1.1867023673046497,0.7448800308570321
3,-0.4,1.9946693386773549,1.1887115958078973,0.7467122834142278
3,-0.4,1.9990380761523046,1.1907216011733586,0.748544217097761
3,-0.4,2.0034068136272545,1.1927323788495827,0.7503758319904371
3,-0.4,2.0077755511022044,1.194743924307351,0.7522071281532938
3,-0.4,2.0121442885771543,1.1967562330396373,0.7540381056259308
3,-0.4,2.0165130260521043,1.1987693005615359,0.7558687644269467
3,-0.4,2.020881763527054,1.2007831224102192,0.7576991045542737
3,-0.4,2.025250501002004,1.2027976941448908,0.7595291259854745
3,-0.4,2.029619238476954,1.2048130113466997,0.7613588286782426
3,-0.4,2.033987975951904,1.2068290696187127,0.7631882125706414
3,-0.4,2.038356713426854,1.2088458645858395,0.7650172775814986
3,-0.4,2.042725450901804,1.210863391894775,0.7668460236107569
3,-0.4,2.0470941883767537,1.212881647213955,0.7686744505397635
3,-0.4,2.0514629258517036,1.2149006262334758,0.7705025582316842
3,-0.4,2.0558316633266536,1.2169203246650429,0.7723303465317743
3,-0.4,2.060200400801603,1.2189407382419244,0.7741578152676769
3,-0.4,2.064569138276553,1.2209618627188596,0.7759849642498508
3,-0.4,2.068937875751503,1.22298369387202,0.7778117932718135
3,-0.4,2.073306613226453,1.22500622749894,0.7796383021104357
3,-0.4,2.0776753507014027,1.2270294594184534,0.7814644905262986
3,-0.4,2.0820440881763527,1.2290533854706287,0.7832903582639849
3,-0.4,2.0864128256513026,1.2310780015167102,0.785115905052353
3,-0.4,2.0907815631262525,1.2331033034390426,0.7869411306048881
3,-0.4,2.0951503006012024,1.2351292871410209,0.7887660346199188
3,-0.4,2.0995190380761524,1.2371559485470105,0.7905906167809836
3,-0.4,2.1038877755511023,1.2391832836022965,0.7924148767570351
3,-0.4,2.108256513026052,1.241211288272995,0.7942388142028326
3,-0.4,2.112625250501002,1.2432399585460194,0.7960624287590572
3,-0.4,2.116993987975952,1.245269290428977,0.7978857200527525
3,-0.4,2.121362725450902,1.2472992799501292,0.7997086876974722
3,-0.4,2.125731462925852,1.2493299231583095,0.8015313312936275
3,-0.4,2.130100200400802,1.2513612161228622,0.8033536504286649
3,-0.4,2.1344689378757518,1.2533931549335702,0.805175644677408
3,-0.4,2.1388376753507012,1.2554257357005845,0.806997313602263
3,-0.4,2.143206412825651,1.2574589545543633,0.8088186567534715
3,-0.4,2.147575150300601,1.259492807645595,0.8106396736693754
3,-0.4,2.151943887775551,1.261527291145132,0.8124603638766347
3,-0.4,2.156312625250501,1.2635624012439146,0.814280726890534
3,-0.4,2.160681362725451,1.2655981341529157,0.8161007622150988
3,-0.4,2.165050100200401,1.2676344861030526,0.8179204693434603
3,-0.4,2.1694188376753507,1.2696714533451279,0.8197398477580027
3,-0.4,2.1737875751503006,1.2717090321497562,0.8215588969306065
3,-0.4,2.1781563126252506,1.2737472188072883,0.8233776163229052
3,-0.4,2.1825250501002005,1.2757860096277498,0.8251960053864472
3,-0.4,2.1868937875751504,1.2778254009407568,0.8270140635629889
3,-0.4,2.1912625250501003,1.279865389095459,0.82883179028462
3,-0.4,2.1956312625250503,1.2819059704604514,0.8306491849740657
3,-0.4,2.2,1.2839471414237167,0.8324662470448216
4,-0.6,0.02,0.6749076189131349,-0.4628621795612465
4,-0.6,0.0243687374749499,0.6746229043968406,-0.45622664558750375
4,-0.6,0.0287374749498998,0.6743495051388787,-0.44966234173676706
4,-0.6,0.0331062124248497,0.6740874369359813,-0.443168306203201
4,-0.6,0.0374749498997996,0.6738367144082624,-0.43674358856774886
4,-0.6,0.0418436873747495,0.6735973510136865,-0.43038724969271325
4,-0.6,0.046212424849699396,0.6733693590620923,-0.4240983616172067
4,-0.6,0.0505811623246493,0.6731527497292126,-0.417876007453026
4,-0.6,0.0549498997995992,0.6729475330704187,-0.41171928128122814
4,-0.6,0.0593186372745491,0.6727537180341036,-0.40562728804945897
4,-0.6,0.063687374749499,0.6725713124748689,-0.39959914346984815
4,-0.6,0.0680561122244489,0.6724003231667985,-0.3936339739173536
4,-0.6,0.0724248496993988,0.6722407558162192,-0.3877309163289032
4,-0.6,0.0767935871743487,0.6720926150742005,-0.38188911810319176
4,-0.6,0.0811623246492986,0.6719559045494043,-0.3761077370006932
4,-0.6,0.0855310621242485,0.6718306268200982,-0.37038594104471717
4,-0.6,0.0898997995991984,0.6717167834465582,-0.3647229084226625
4,-0.6,0.0942685370741483,0.6716143749830193,-0.3591178273880197
4,-0.6,0.0986372745490982,0.6715234009894484,-0.3535698961629481
4,-0.6,0.1030060120240481,0.6714438600436203,-0.34807832284116175
4,-0.6,0.107374749498998,0.6713757497523454,-0.3426423252917662
4,-0.6,0.1117434869739479,0.6713190667634343,-0.3372611310631402
4,-0.6,0.11611222444889781,0.6712738067767767,-0.331933977287809
4,-0.6,0.1204809619238477,0.6712399645557169,-0.32666011058759203
4,-0.6,0.1248496993987976,0.6712175339386763,-0.3214387869791488
4,-0.6,0.12921843687374748,0.6712065078496207,-0.31626927178055875
4,-0.6,0.13358717434869738,0.6712068783097905,-0.311150839517766
4,-0.6,0.1379559118236473,0.6712186364482007,-0.306082773832096
4,-0.6,0.1423246492985972,0.6712417725129791,-0.3010643673878901
4,-0.6,0.1466933867735471,0.6712762758820856,-0.29609492178087177
4,-0.6,0.151062124248497,0.6713221350739101,-0.29117374744709124
4,-0.6,0.1554308617234469,0.6713793377585254,-0.2863001635720678
4,-0.6,0.15979959919839679,0.6714478707681673,-0.2814734980007477
4,-0.6,0.16416833667334668,0.671527720107954,-0.2766930871478822
4,-0.6,0.16853707414829658,0.6716188709666839,-0.271958275908851
4,-0.6,0.17290581162324647,0.6717213077273199,-0.2672684175711305
4,-0.6,0.17727454909819637,0.6718350139778092,-0.2626228737261385
4,-0.6,0.1816432865731463,0.6719599725216878,-0.2580210141816587
4,-0.6,0.1860120240480962,0.6720961653885252,-0.2534622168748481
4,-0.6,0.1903807615230461,0.6722435738448177,-0.248945867785598
4,-0.6,0.19474949899799598,0.6724021784042383,-0.24447136085063623
4,-0.6,0.19911823647294588,0.6725719588385966,-0.24003809787791303
4,-0.6,0.20348697394789578,0.6727528941880805,-0.23564548846173294
4,-0.6,0.20785571142284567,0.6729449627721146,-0.23129294989824753
4,-0.6,0.2122244488977956,0.6731481421998147,-0.22697990710159008
4,-0.6,0.2165931863727455,0.673362409380549,-0.22270579252048514
4,-0.6,0.2209619238476954,0.673587740534772,-0.21847004605538028
4,-0.6,0.2253306613226453,0.6738241112042874,-0.21427211497620258
4,-0.6,0.22969939879759518,0.6740714962632789,-0.21011145384052407
4,-0.6,0.23406813627254508,0.6743298699284662,-0.20598752441243898
4,-0.6,0.23843687374749498,0.6745992057701163,-0.20189979558179943
4,-0.6,0.24280561122244487,0.6748794767225184,-0.19784774328417012
4,-0.6,0.24717434869739477,0.6751706550946812,-0.19383085042122078
4,-0.6,0.2515430861723447,0.6754727125809338,-0.18984860678173948
4,-0.6,0.2559118236472946,0.6757856202716395,-0.18590050896317317
4,-0.6,0.2602805611222445,0.6761093486637855,-0.18198606029375988
4,-0.6,0.2646492985971944,0.676443867671878,-0.17810477075515357
4,-0.6,0.2690180360721443,0.6767891466382712,-0.17425615690574545
4,-0.6,0.27338677354709423,0.67714515434417,-0.17043974180441618
4,-0.6,0.2777555110220441,0.6775118590201502,-0.16665505493495167
4,-0.6,0.282124248496994,0.6778892283567465,-0.16290163213101838
4,-0.6,0.2864929859719439,0.6782772295155652,-0.1591790155016667
4,-0.6,0.2908617234468938,0.6786758291392695,-0.15548675335750448
4,-0.6,0.2952304609218437,0.6790849933629409,-0.1518244001373694
4,-0.6,0.2995991983967936,0.6795046878241439,-0.1481915163356276
4,-0.6,0.30396793587174353,0.6799348776741636,-0.14458766843005902
4,-0.6,0.3083366733466934,0.680375527588075,-0.1410124288103207
4,-0.6,0.3127054108216433,0.6808266017757613,-0.13746537570700246
4,-0.6,0.3170741482965932,0.6812880639922796,-0.13394609312128844
4,-0.6,0.3214428857715431,0.6817598775487687,-0.13045417075519705
4,-0.6,0.325811623246493,0.68224200532244,-0.12698920394241636
4,-0.6,0.3301803607214429,0.6827344097676719,-0.12355079357975651
4,-0.6,0.3345490981963928,0.6832370529262045,-0.12013854605917597
4,-0.6,0.3389178356713427,0.6837498964378288,-0.11675207320042331
4,-0.6,0.34328657314629263,0.6842729015504461,-0.1133909921842667
4,-0.6,0.3476553106212425,0.6848060291308914,-0.11005492548633583
4,-0.6,0.3520240480961924,0.6853492396750571,-0.10674350081155853
4,-0.6,0.3563927855711423,0.6859024933182344,-0.10345635102920583
4,-0.6,0.3607615230460922,0.6864657498454303,-0.10019311410851446
4,-0.6,0.3651302605210421,0.6870389687014511,-0.09695343305494367
4,-0.6,0.369498997995992,0.6876221090013721,-0.09373695584703054
4,-0.6,0.37386773547094193,0.6882151295402972,-0.0905433353738103
4,-0.6,0.3782364729458918,0.6888179888036796,-0.08737222937289685
4,-0.6,0.3826052104208417,0.6894306449770503,-0.08422330036907685
4,-0.6,0.3869739478957916,0.6900530559562351,-0.08109621561362687
4,-0.6,0.3913426853707415,0.6906851793570903,-0.07799064702411376
4,-0.6,0.3957114228456914,0.6913269725251893,-0.07490627112484712
4,-0.6,0.4000801603206413,0.6919783925458433,-0.07184276898795286
4,-0.6,0.40444889779559123,0.6926393962533062,-0.06879982617494636
4,-0.6,0.4088176352705411,0.6933099402408482,-0.0657771326790459
4,-0.6,0.413186372745491,0.6939899808699542,-0.0627743828679551
4,-0.6,0.4175551102204409,0.6946794742796779,-0.05979127542726324
4,-0.6,0.4219238476953908,0.6953783763962315,-0.05682751330449927
4,-0.6,0.4262925851703407,0.6960866429420852,-0.05388280365369754
4,-0.6,0.4306613226452906,0.6968042294450735,-0.05095685778058371
4,-0.6,0.4350300601202405,0.6975310912476166,-0.04804939108835047
4,-0.6,0.4393987975951904,0.6982671835156319,-0.04516012302400568
4,-0.6,0.44376753507014033,0.6990124612471841,-0.04228877702522852
4,-0.6,0.4481362725450902,0.6997668792818001,-0.039435080468011176
4,-0.6,0.4525050100200401,0.7005303923086909,-0.036598764614611916
4,-0.6,0.45687374749499,0.7013029548755033,-0.03377956456224375
4,-0.6,0.4612424849699399,0.7020845213968104,-0.03097721919228055
4,-0.6,0.4656112224448898,0.7028750461626178,-0.028191471120089504
4,-0.6,0.4699799599198397,0.7036744833463803,-0.025422066645282307
4,-0.6,0.4743486973947896,0.7044827870134783,-0.02266875570271266
4,-0.6,0.4787174348697395,0.7052999111290522,-0.019931291813857294
4,-0.6,0.4830861723446894,0.7061258095662442,-0.017209432038920766
4,-0.6,0.4874549098196393,0.7069604361136623,-0.014502936929268228
4,-0.6,0.4918236472945892,0.7078037444835178,-0.011811570480665081
4,-0.6,0.4961923847695391,0.7086556883190199,-0.009135100086841758
4,-0.6,0.500561122244489,0.7095162212020986,-0.006473296493763733
4,-0.6,0.5049298597194388,0.7103852966606239,-0.0038259337542727373
4,-0.6,0.5092985971943887,0.7112628681757825,-0.0011927891833952296
4,-0.6,0.5136673346693387,0.7121488891893257,0.0014263566858668867
4,-0.6,0.5180360721442886,0.7130433131105861,0.004031720146226242
4,-0.6,0.5224048096192385,0.7139460933234718,0.006623514359283294
4,-0.6,0.5267735470941884,0.7148571831932563,0.009201949398172473
4,-0.6,0.5311422845691383,0.7157765360733619,0.011767232289699224
4,-0.6,0.5355110220440882,0.7167041053120291,0.014319567055922668
4,-0.6,0.5398797595190381,0.7176398442585746,0.016859154755393402
4,-0.6,0.544248496993988,0.7185837062701639,0.019386193523600742
4,-0.6,0.548617234468938,0.7195356447177034,0.02190087861325262
4,-0.6,0.5529859719438878,0.7204956129922295,0.02440340243380912
4,-0.6,0.5573547094188377,0.7214635645108588,0.026893954590651768
4,-0.6,0.5617234468937876,0.7224394527226636,0.02937272192377245
4,-0.6,0.5660921843687375,0.7234232311145717,0.031839888545895874
4,-0.6,0.5704609218436874,0.7244148532170518,0.03429563588017889
4,-0.6,0.5748296593186373,0.7254142726096854,0.036740142697443474
4,-0.6,0.5791983967935872,0.7264214429264402,0.039173585153028496
4,-0.6,0.5835671342685371,0.727436317861353,0.04159613682291485
4,-0.6,0.587935871743487,0.7284588511734141,0.04400796873974269
4,-0.6,0.5923046092184369,0.7294889966921,0.04640924942797247
4,-0.6,0.5966733466933868,0.7305267083218807,0.048800144939089185
4,-0.6,0.6010420841683367,0.7315719400475659,0.05118081888583766
4,-0.6,0.6054108216432866,0.7326246459388088,0.05355143247643045
4,-0.6,0.6097795591182364,0.7336847801549388,0.055912144548044156
4,-0.6,0.6141482965931864,0.7347522969494159,0.058263111600078694
4,-0.6,0.6185170340681363,0.7358271506743694,0.06060448782683388
4,-0.6,0.6228857715430862,0.7369092957849142,0.06293642514986453
4,-0.6,0.6272545090180361,0.7379986868434161,0.06525907324984333
4,-0.6,0.631623246492986,0.7390952785235013,0.06757257959812889
4,-0.6,0.6359919839679359,0.7401990256144027,0.06987708948765646
4,-0.6,0.6403607214428858,0.7413098830244296,0.07217274606384952
4,-0.6,0.6447294589178357,0.7424278057852616,0.07445969035462688
4,-0.6,0.6490981963927855,0.7435527490553331,0.07673806130043413
4,-0.6,0.6534669338677355,0.7446846681235554,0.07900799578367924
4,-0.6,0.6578356713426854,0.7458235184128964,0.08126962865774716
4,-0.6,0.6622044088176353,0.7469692554838326,0.0835230927756816
4,-0.6,0.6665731462925852,0.7481218350374346,0.08576851901863679
4,-0.6,0.670941883767535,0.7492812129188767,0.08800603632363917
4,-0.6,0.675310621242485,0.750447345120394,0.09023577171123867
4,-0.6,0.6796793587174349,0.7516201877844388,0.09245785031263015
4,-0.6,0.6840480961923848,0.7527996972065214,0.09467239539654262
4,-0.6,0.6884168336673347,0.7539858298380424,0.09687952839571344
4,-0.6,0.6927855711422846,0.7551785422892512,0.09907936893285371
4,-0.6,0.6971543086172345,0.7563777913316699,0.10127203484657615
4,-0.6,0.7015230460921844,0.7575835339008182,0.10345764221670153
4,-0.6,0.7058917835671343,0.7587957270987176,0.1056363053893035
4,-0.6,0.7102605210420841,0.7600143281961993,0.10780813700150783
4,-0.6,0.7146292585170341,0.7612392946353342,0.10997324800579796
4,-0.6,0.718997995991984,0.7624705840316711,0.11213174769406596
4,-0.6,0.7233667334669339,0.7637081541763228,0.11428374372138461
4,-0.6,0.7277354709418838,0.7649519630380669,0.1164293421293981
4,-0.6,0.7321042084168337,0.7662019687654223,0.11856864736932911
4,-0.6,0.7364729458917836,0.7674581296884689,0.12070176232482221
4,-0.6,0.7408416833667335,0.7687204043208239,0.12282878833429367
4,-0.6,0.7452104208416834,0.7699887513612406,0.12494982521318151
4,-0.6,0.7495791583166332,0.7712631296954692,0.1270649712756695
4,-0.6,0.7539478957915832,0.7725434983977603,0.12917432335629916
4,-0.6,0.7583166332665331,0.7738298167325232,0.13127797683111259
4,-0.6,0.762685370741483,0.7751220441556831,0.13337602563870074
4,-0.6,0.7670541082164329,0.7764201403162192,0.135468562300734
4,-0.6,0.7714228456913828,0.7777240650574,0.13755567794242082
4,-0.6,0.7757915831663327,0.7790337784182032,0.13963746231245291
4,-0.6,0.7801603206412826,0.7803492406342974,0.14171400380300916
4,-0.6,0.7845290581162325,0.7816704121394965,0.14378538946900485
4,-0.6,0.7888977955911824,0.7829972535665464,0.1458517050475983
4,-0.6,0.7932665330661323,0.7843297257483478,0.14791303497699457
4,-0.6,0.7976352705410822,0.7856677897188602,0.1499694624152164
4,-0.6,0.8020040080160321,0.7870114067139726,0.15202106925856643
4,-0.6,0.806372745490982,0.7883605381724273,0.15406793615976544
4,-0.6,0.8107414829659318,0.7897151457365127,0.15611014254596195
4,-0.6,0.8151102204408818,0.7910751912528687,0.15814776663636126
4,-0.6,0.8194789579158317,0.7924406367731495,0.16018088545965847
4,-0.6,0.8238476953907816,0.7938114445546686,0.16220957487122634
4,-0.6,0.8282164328657315,0.7951875770609403,0.1642339095700718
4,-0.6,0.8325851703406814,0.7965689969621816,0.16625396311557633
4,-0.6,0.8369539078156313,0.7979556671358414,0.16826980794390814
4,-0.6,0.8413226452905812,0.7993475506670669,0.1702815153842135
4,-0.6,0.8456913827655311,0.8007446108489398,0.1722891556747644
4,-0.6,0.8500601202404809,0.8021468111828988,0.17429279797864194
4,-0.6,0.8544288577154309,0.8035541153790456,0.17629251039928284
4,-0.6,0.8587975951903808,0.804966487356357,0.17828835999582915
4,-0.6,0.8631663326653307,0.8063838912428613,0.18028041279827392
4,-0.6,0.8675350701402806,0.8078062913758377,0.18226873382231565
4,-0.6,0.8719038076152305,0.8092336523018706,0.18425338708410802
4,-0.6,0.8762725450901804,0.8106659387770176,0.18623443561464492
4,-0.6,0.8806412825651303,0.8121031157667593,0.18821194147411796
4,-0.6,0.8850100200400802,0.8135451484460431,0.19018596576594668
4,-0.6,0.88937875751503,0.8149920021991933,0.19215656865068392
4,-0.6,0.89374749498998,0.816443642619948,0.19412380935958504
4,-0.6,0.8981162324649299,0.8179000355111928,0.1960877462082362
4,-0.6,0.9024849699398798,0.8193611468849457,0.19804843660968852
4,-0.6,0.9068537074148297,0.8208269429620656,0.20000593708769582
4,-0.6,0.9112224448897795,0.8222973901722356,0.20196030328938108
4,-0.6,0.9155911823647295,0.8237724551534312,0.20391158999829279
4,-0.6,0.9199599198396794,0.8252521047519019,0.20585985114663835
4,-0.6,0.9243286573146293,0.8267363060217388,0.20780513982781212
4,-0.6,0.9286973947895791,0.8282250262245451,0.20974750830853875
4,-0.6,0.9330661322645291,0.8297182328291681,0.21168700804079998
4,-0.6,0.937434869739479,0.8312158935111985,0.2136236896737813
4,-0.6,0.9418036072144289,0.8327179761525982,0.21555760306549396
4,-0.6,0.9461723446893788,0.8342244488412875,0.2174887972942292
4,-0.6,0.9505410821643286,0.8357352798706617,0.21941732066990474
4,-0.6,0.9549098196392786,0.8372504377390559,0.22134322074530352
4,-0.6,0.9592785571142285,0.8387698911493116,0.2232665443269665
4,-0.6,0.9636472945891784,0.8402936090081843,0.2251873374861087
4,-0.6,0.9680160320641283,0.8418215604258197,0.2271056455692754
4,-0.6,0.9723847695390782,0.843353714715126,0.22902151320894276
4,-0.6,0.9767535070140281,0.8448900413912286,0.2309349843338129
4,-0.6,0.981122244488978,0.8464305101708284,0.23284610217910817
4,-0.6,0.9854909819639279,0.8479750909715361,0.23475490929666185
4,-0.6,0.9898597194388777,0.8495237539112696,0.23666144756480947
4,-0.6,0.9942284569138277,0.8510764693075645,0.23856575819820194
4,-0.6,0.9985971943887776,0.852633207676777,0.24046788175758854
4,-0.6,1.0029659318637274,0.8541939397335876,0.24236785815907078
4,-0.6,1.0073346693386773,0.8557586363900523,0.24426572668375957
4,-0.6,1.0117034068136272,0.8573272687549923,0.24616152598686405
4,-0.6,1.0160721442885772,0.8588998081332248,0.2480552941068131
4,-0.6,1.020440881763527,0.8604762260247452,0.24994706847429032
4,-0.6,1.024809619238477,0.862056494123983,0.25183688592104125
4,-0.6,1.029178356713427,0.8636405843189876,0.2537247826886198
4,-0.6,1.0335470941883769,0.865228468690624,0.2556107944369653
4,-0.6,1.0379158316633268,0.8668201195117523,0.2574949562528812
4,-0.6,1.0422845691382765,0.868415509246396,0.2593773026583835
4,-0.6,1.0466533066132264,0.8700146105488809,0.2612578676189437
4,-0.6,1.0510220440881763,0.8716173962629806,0.2631366845515959
4,-0.6,1.0553907815631263,0.8732238394210871,0.2650137863328948
4,-0.6,1.0597595190380762,0.8748339132432722,0.26688920530686155
4,-0.6,1.0641282565130261,0.8764475911364835,0.26876297329265003
4,-0.6,1.068496993987976,0.8780648466935526,0.27063512159231434
4,-0.6,1.072865731462926,0.8796856536923902,0.27250568099824335
4,-0.6,1.0772344689378759,0.8813099860949947,0.274374681800674
4,-0.6,1.0816032064128256,0.8829378180465949,0.27624215379495703
4,-0.6,1.0859719438877755,0.8845691238746839,0.27810812628882187
4,-0.6,1.0903406813627254,0.8862038780881099,0.2799726281094503
4,-0.6,1.0947094188376754,0.8878420553761422,0.28183568761050454
4,-0.6,1.0990781563126253,0.8894836306075048,0.2836973326790516
4,-0.6,1.1034468937875752,0.8911285788294279,0.2855575907423704
4,-0.6,1.1078156312625251,0.8927768752667432,0.2874164887746115
4,-0.6,1.112184368737475,0.8944284953208358,0.2892740533035145
4,-0.6,1.116553106212425,0.8960834145687668,0.29113031041681875
4,-0.6,1.1209218436873747,0.8977416087622389,0.2929852857687809
4,-0.6,1.1252905811623246,0.8994030538266703,0.2948390045864332
4,-0.6,1.1296593186372745,0.9010677258601815,0.2966914916758813
4,-0.6,1.1340280561122245,0.9027356011326731,0.2985427714283794
4,-0.6,1.1383967935871744,0.9044066560847525,0.30039286782652047
4,-0.6,1.1427655310621243,0.906080867326814,0.3022418044501071
4,-0.6,1.1471342685370742,0.9077582116380641,0.3040896044820317
4,-0.6,1.1515030060120242,0.9094386659654878,0.3059362907141454
4,-0.6,1.155871743486974,0.9111222074228538,0.30778188555297864
4,-0.6,1.1602404809619238,0.9128088132897917,0.3096264110252664
4,-0.6,1.1646092184368737,0.9144984610106863,0.31146988878369075
4,-0.6,1.1689779559118236,0.916191128193797,0.3133123401121651
4,-0.6,1.1733466933867736,0.9178867926101515,0.31515378593140225
4,-0.6,1.1777154308617235,0.9195854321926674,0.31699424680405575
4,-0.6,1.1820841683366734,0.9212870250350448,0.3188337429401352
4,-0.6,1.1864529058116233,0.9229915493908128,0.32067229420209103
4,-0.6,1.1908216432865733,0.9246989836723603,0.32250992010988233
4,-0.6,1.1951903807615232,0.9264093064498944,0.3243466398460472
4,-0.6,1.1995591182364729,0.9281224964504726,0.3261824722606063
4,-0.6,1.2039278557114228,0.9298385325569725,0.32801743587600957
4,-0.6,1.2082965931863727,0.9315573938071141,0.3298515488918924
4,-0.6,1.2126653306613226,0.9332790593925074,0.3316848291897544
4,-0.6,1.2170340681362726,0.9350035086575549,0.33351729433779875
4,-0.6,1.2214028056112225,0.9367307210986023,0.33534896159528976
4,-0.6,1.2257715430861724,0.938460676362785,0.33717984791736993
4,-0.6,1.2301402805611223,0.9401933542471982,0.33900996995925275
4,-0.6,1.2345090180360723,0.9419287346977432,0.3408393440809189
4,-0.6,1.238877755511022,0.9436667978083217,0.3426679863511443
4,-0.6,1.243246492985972,0.9454075238197092,0.34449591255204
4,-0.6,1.2476152304609218,0.9471508931186451,0.34632313818313476
4,-0.6,1.2519839679358717,0.9488968862368209,0.34814967846559264
4,-0.6,1.2563527054108217,0.9506454838499292,0.3499755483462835
4,-0.6,1.2607214428857716,0.9523966667766852,0.35180076250180514
4,-0.6,1.2650901803607215,0.9541504159778234,0.3536253353425536
4,-0.6,1.2694589178356714,0.9559067125551844,0.3554492810165244
4,-0.6,1.2738276553106214,0.9576655377506994,0.35727261341329297
4,-0.6,1.278196392785571,0.9594268729454645,0.35909534616774524
4,-0.6,1.282565130260521,0.9611906996587501,0.36091749266391204
4,-0.6,1.286933867735471,0.9629569995470785,0.3627390660386056
4,-0.6,1.2913026052104208,0.9647257544032467,0.3645600791851126
4,-0.6,1.2956713426853708,0.9664969461553956,0.3663805447567747
4,-0.6,1.3000400801603207,0.9682705568660355,0.3682004751705817
4,-0.6,1.3044088176352706,0.9700465687311354,0.3700198826106184
4,-0.6,1.3087775551102205,0.971824964079189,0.37183877903150436
4,-0.6,1.3131462925851705,0.9736057253702417,0.3736571761618653
4,-0.6,1.3175150300601204,0.9753888351950013,0.37547508550761355
4,-0.6,1.32188376753507,0.9771742762738789,0.3772925183553034
4,-0.6,1.32625250501002,0.9789620314561194,0.37910948577529974
4,-0.6,1.33062124248497,0.9807520837188103,0.38092599862511073
4,-0.6,1.3349899799599199,0.9825444161660235,0.3827420675524637
4,-0.6,1.3393587174348698,0.9843390120278901,0.384557702998445
4,-0.6,1.3437274549098197,0.9861358546596859,0.38637291520059064
4,-0.6,1.3480961923847696,0.9879349275409425,0.38818771419589526
4,-0.6,1.3524649298597196,0.9897362142745442,0.3900021098238143
4,-0.6,1.3568336673346695,0.9915396985858408,0.39181611172920255
4,-0.6,1.3612024048096192,0.9933453643217556,0.3936297293652171
4,-0.6,1.365571142284569,0.9951531954499205,0.3954429719961555
4,-0.6,1.369939879759519,0.9969631760577554,0.3972558487003445
4,-0.6,1.374308617234469,0.9987752903516409,0.3990683683728475
4,-0.6,1.3786773547094189,1.000589522656017,0.4008805397282542
4,-0.6,1.3830460921843688,1.0024058574125472,0.4026923713033366
4,-0.6,1.3874148296593187,1.0042242791792282,0.40450387145977035
4,-0.6,1.3917835671342687,1.0060447726295494,0.4063150483867337
4,-0.6,1.3961523046092186,1.0078673225516541,0.4081259101034696
4,-0.6,1.4005210420841683,1.0096919138474776,0.40993646446188503
4,-0.6,1.4048897795591182,1.0115185315319197,0.41174671914901667
4,-0.6,1.4092585170340681,1.013347160731972,0.4135566816896156
4,-0.6,1.413627254509018,1.0151777866859675,0.4153663594484071
4,-0.6,1.417995991983968,1.0170103947426672,0.41717575963269166
4,-0.6,1.422364729458918,1.0188449703604825,0.41898488929463124
4,-0.6,1.4267334669338678,1.0206814991066548,0.42079375533359376
4,-0.6,1.4311022044088177,1.0225199666564626,0.4226023644984383
4,-0.6,1.4354709418837677,1.024360358792363,0.42441072338989067
4,-0.6,1.4398396793587174,1.02620266140324,0.4262188384626966
4,-0.6,1.4442084168336673,1.0280468604835973,0.428026716027842
4,-0.6,1.4485771543086172,1.0298929421327518,0.42983436225478533
4,-0.6,1.4529458917835671,1.031740892554073,0.43164178317353946
4,-0.6,1.457314629258517,1.0335906980541572,0.433448984676898
4,-0.6,1.461683366733467,1.0354423450421097,0.4352559725223985
4,-0.6,1.466052104208417,1.0372958200287365,0.437062752334459
4,-0.6,1.4704208416833668,1.0391511096257746,0.43886932960642394
4,-0.6,1.4747895791583168,1.041008200545158,0.4406757097025127
4,-0.6,1.4791583166332665,1.042867079598233,0.44248189785984254
4,-0.6,1.4835270541082164,1.0447277336950376,0.44428789919032163
4,-0.6,1.4878957915831663,1.0465901498435235,0.44609371868264064
4,-0.6,1.4922645290581162,1.0484543151488295,0.4478993612041242
4,-0.6,1.4966332665330662,1.0503202168125567,0.44970483150257906
4,-0.6,1.501002004008016,1.0521878421320257,0.45151013420815256
4,-0.6,1.505370741482966,1.0540571784995372,0.453315273835191
4,-0.6,1.509739478957916,1.0559282134016832,0.45512025478394086
4,-0.6,1.5141082164328659,1.057800934418594,0.456925081342402
4,-0.6,1.5184769539078156,1.0596753292232641,0.4587297576879799
4,-0.6,1.5228456913827655,1.0615513855808192,0.46053428788925893
4,-0.6,1.5272144288577154,1.0634290913478026,0.4623386759077255
4,-0.6,1.5315831663326653,1.0653084344715538,0.4641429255992572
4,-0.6,1.5359519038076153,1.067189402989397,0.46594704071604925
4,-0.6,1.5403206412825652,1.0690719850280743,0.4677510249079336
4,-0.6,1.544689378757515,1.0709561688029625,0.4695548817242545
4,-0.6,1.549058116232465,1.0728419426174953,0.47135861461516054
4,-0.6,1.553426853707415,1.0747292948623806,0.4731622269334577
4,-0.6,1.5577955911823649,1.0766182140150502,0.4749657219358381
4,-0.6,1.5621643286573146,1.0785086886388922,0.476769102784651
4,-0.6,1.5665330661322645,1.080400707382659,0.4785723725492376
4,-0.6,1.5709018036072144,1.082294258979805,0.4803755342073985
4,-0.6,1.5752705410821644,1.0841893322478113,0.48217859064693214
4,-0.6,1.5796392785571143,1.0860859160875684,0.4839815446669847
4,-0.6,1.5840080160320642,1.0879839994827412,0.48578439897944087
4,-0.6,1.5883767535070141,1.0898835714990929,0.48758715621042226
4,-0.6,1.592745490981964,1.0917846212839235,0.4893898189014912
4,-0.6,1.597114228456914,1.0936871380653748,0.4911923895111562
4,-0.6,1.6014829659318637,1.0955911111518657,0.49299487041607853
4,-0.6,1.6058517034068136,1.0974965299314456,0.49479726391245993
4,-0.6,1.6102204408817635,1.0994033838711852,0.49659957221730977
4,-0.6,1.6145891783567135,1.101311662516599,0.4984017974696696
4,-0.6,1.6189579158316634,1.103221355490996,0.5002039417319749
4,-0.6,1.6233266533066133,1.1051324524949395,0.5020060069911652
4,-0.6,1.6276953907815632,1.1070449433055896,0.5038079951600402
4,-0.6,1.6320641282565131,1.1089588177761793,0.5056099080783291
4,-0.6,1.636432865731463,1.1108740658353846,0.5074117475139786
4,-0.6,1.6408016032064128,1.112790677486772,0.5092135151642568
4,-0.6,1.6451703406813627,1.1147086428081923,0.5110152126569869
4,-0.6,1.6495390781563126,1.1166279519512583,0.5128168415515679
4,-0.6,1.6539078156312625,1.118548595140739,0.51461840334018
4,-0.6,1.6582765531062125,1.1204705626740152,0.5164198994488675
4,-0.6,1.6626452905811624,1.1223938449204967,0.5182213312386745
4,-0.6,1.6670140280561123,1.124318432321127,0.5200227000065846
4,-0.6,1.6713827655310622,1.126244315387769,0.5218240069867361
4,-0.6,1.6757515030060122,1.1281714847026911,0.5236252533513971
4,-0.6,1.6801202404809619,1.130099930918037,0.5254264402119684
4,-0.6,1.6844889779559118,1.1320296447552647,0.5272275686200497
4,-0.6,1.6888577154308617,1.1339606170046357,0.5290286395684012
4,-0.6,1.6932264529058116,1.135892838524669,0.5308296539919696
4,-0.6,1.6975951903807616,1.1378263002416256,0.5326306127688393
4,-0.6,1.7019639278557115,1.1397609931490014,0.5344315167211613
4,-0.6,1.7063326653306614,1.1416969083069866,0.5362323666161585
4,-0.6,1.7107014028056113,1.1436340368419662,0.5380331631670344
4,-0.6,1.7150701402805613,1.1455723699460214,0.5398339070338578
4,-0.6,1.719438877755511,1.1475118988764095,0.5416345988245225
4,-0.6,1.7238076152304609,1.1494526149550737,0.5434352390956079
4,-0.6,1.7281763527054108,1.1513945095681415,0.54523582835328
4,-0.6,1.7325450901803607,1.1533375741654368,0.547036367054145
4,-0.6,1.7369138276553107,1.1552818002600003,0.5488368556060865
4,-0.6,1.7412825651302606,1.1572271794275883,0.5506372943691544
4,-0.6,1.7456513026052105,1.1591737033061948,0.5524376836563847
4,-0.6,1.7500200400801604,1.1611213635955828,0.5542380237346063
4,-0.6,1.7543887775551104,1.1630701520568174,0.55603831482523
4,-0.6,1.75875751503006,1.1650200605117762,0.5578385571051007
4,-0.6,1.76312625250501,1.1669710808427034,0.5596387507072275
4,-0.6,1.76749498997996,1.1689232049917249,0.5614388957216321
4,-0.6,1.7718637274549098,1.1708764249604247,0.56323899219601
4,-0.6,1.7762324649298598,1.1728307328093606,0.5650390401365667
4,-0.6,1.7806012024048097,1.1747861206576191,0.5668390395087397
4,-0.6,1.7849699398797596,1.176742580682381,0.5686389902379082
4,-0.6,1.7893386773547095,1.1787001051184618,0.5704388922101424
4,-0.6,1.7937074148296595,1.1806586862578765,0.5722387452729158
4,-0.6,1.7980761523046092,1.1826183164494155,0.5740385492357619
4,-0.6,1.802444889779559,1.1845789880981918,0.5758383038710246
4,-0.6,1.806813627254509,1.1865406936652227,0.5776380089144996
4,-0.6,1.811182364729459,1.1885034256669946,0.5794376640661459
4,-0.6,1.8155511022044089,1.1904671766750536,0.5812372689906908
4,-0.6,1.8199198396793588,1.1924319393155665,0.5830368233183487
4,-0.6,1.8242885771543087,1.194397706268934,0.5848363266453959
4,-0.6,1.8286573146292586,1.1963644702693463,0.5866357785348576
4,-0.6,1.8330260521042085,1.1983322241043814,0.5884351785171424
4,-0.6,1.8373947895791582,1.2003009606146198,0.5902345260905829
4,-0.6,1.8417635270541082,1.2022706726932115,0.5920338207221303
4,-0.6,1.846132264529058,1.2042413532854932,0.59383306184792
4,-0.6,1.850501002004008,1.2062129953885985,0.5956322488738102
4,-0.6,1.854869739478958,1.2081855920510305,0.5974313811761017
4,-0.6,1.8592384769539079,1.2101591363723239,0.5992304581019099
4,-0.6,1.8636072144288578,1.2121336215026008,0.6010294789699485
4,-0.6,1.8679759519038077,1.2141090406422288,0.6028284430709209
4,-0.6,1.8723446893787576,1.2160853870414183,0.6046273496681639
4,-0.6,1.8767134268537076,1.2180626539998634,0.606426197998102
4,-0.6,1.8810821643286573,1.2200408348663345,0.6082249872709101
4,-0.6,1.8854509018036072,1.2220199230383364,0.6100237166709166
4,-0.6,1.8898196392785571,1.223999911961727,0.6118223853571896
4,-0.6,1.894188376753507,1.225980795130356,0.6136209924640025
4,-0.6,1.898557114228457,1.227962566085694,0.6154195371013912
4,-0.6,1.902925851703407,1.22994521841647,0.6172180183556228
4,-0.6,1.9072945891783568,1.2319287457583323,0.619016435289668
4,-0.6,1.9116633266533067,1.2339131417934701,0.6208147869437157
4,-0.6,1.9160320641282567,1.2358984002502869,0.622613072335604
4,-0.6,1.9204008016032064,1.2378845149030169,0.6244112904613707
4,-0.6,1.9247695390781563,1.2398714795714179,0.626209440295612
4,-0.6,1.9291382765531062,1.2418592881203971,0.6280075207920175
4,-0.6,1.9335070140280561,1.2438479344596869,0.6298055308837789
4,-0.6,1.937875751503006,1.245837412543511,0.6316034694840124
4,-0.6,1.942244488977956,1.2478277163702223,0.6334013354862736
4,-0.6,1.946613226452906,1.2498188399819947,0.6351991277649228
4,-0.6,1.9509819639278558,1.2518107774644995,0.6369968451755125
4,-0.6,1.9553507014028058,1.2538035229465525,0.6387944865553008
4,-0.6,1.9597194388777555,1.255797070599801,0.6405920507236061
4,-0.6,1.9640881763527054,1.2577914146384053,0.6423895364822122
4,-0.6,1.9684569138276553,1.2597865493187208,0.6441869426157558
4,-0.6,1.9728256513026052,1.2617824689389723,0.6459842678921555
4,-0.6,1.9771943887775552,1.2637791678389454,0.6477815110629637
4,-0.6,1.981563126252505,1.2657766403996662,0.6495786708637903
4,-0.6,1.985931863727455,1.2677748810431047,0.6513757460146228
4,-0.6,1.990300601202405,1.26977388423186,0.6531727352202314
4,-0.6,1.9946693386773549,1.2717736444688594,0.6549696371705209
4,-0.6,1.9990380761523046,1.2737741562970422,0.6567664505409319
4,-0.6,2.0034068136272545,1.2757754142990883,0.6585631739926852
4,-0.6,2.0077755511022044,1.2777774130970916,0.6603598061732666
4,-0.6,2.0121442885771543,1.2797801473522765,0.6621563457166906
4,-0.6,2.0165130260521043,1.2817836117647115,0.6639527912438455
4,-0.6,2.020881763527054,1.2837878010730104,0.6657491413628339
4,-0.6,2.025250501002004,1.285792710054044,0.6675453946693144
4,-0.6,2.029619238476954,1.2877983335226602,0.6693415497468069
4,-0.6,2.033987975951904,1.2898046663314036,0.6711376051669942
4,-0.6,2.038356713426854,1.2918117033702097,0.672933559490111
4,-0.6,2.042725450901804,1.2938194395661577,0.6747294112651575
4,-0.6,2.0470941883767537,1.2958278698831809,0.6765251590302442
4,-0.6,2.0514629258517036,1.297836989321781,0.6783208013129298
4,-0.6,2.0558316633266536,1.2998467929187698,0.680116336630449
4,-0.6,2.060200400801603,1.301857275746997,0.6819117634900539
4,-0.6,2.064569138276553,1.3038684329150756,0.6837070803892636
4,-0.6,2.068937875751503,1.3058802595671255,0.6855022858161627
4,-0.6,2.073306613226453,1.307892750882491,0.6872973782497136
4,-0.6,2.0776753507014027,1.3099059020755068,0.6890923561599465
4,-0.6,2.0820440881763527,1.3119197083952094,0.6908872180083143
4,-0.6,2.0864128256513026,1.3139341651251013,0.6926819622479077
4,-0.6,2.0907815631262525,1.3159492675828774,0.6944765873237452
4,-0.6,2.0951503006012024,1.3179650111201895,0.6962710916729915
4,-0.6,2.0995190380761524,1.3199813911223781,0.6980654737252497
4,-0.6,2.1038877755511023,1.321998403008241,0.69985973190277
4,-0.6,2.108256513026052,1.3240160422297516,0.7016538646207797
4,-0.6,2.112625250501002,1.3260343042718585,0.7034478702875963
4,-0.6,2.116993987975952,1.3280531846522028,0.7052417473049819
4,-0.6,2.121362725450902,1.330072678920902,0.7070354940682999
4,-0.6,2.125731462925852,1.332092782660294,0.7088291089667901
4,-0.6,2.130100200400802,1.334113491484704,0.7106225903837723
4,-0.6,2.1344689378757518,1.3361348010402063,0.7124159366968982
4,-0.6,2.1388376753507012,1.3381567070044018,0.714209146278306
4,-0.6,2.143206412825651,1.3401792050861614,0.7160022174949301
4,-0.6,2.147575150300601,1.3422022910254152,0.7177951487086445
4,-0.6,2.151943887775551,1.3442259605929228,0.7195879382764756
4,-0.6,2.156312625250501,1.3462502095900304,0.7213805845508477
4,-0.6,2.160681362725451,1.3482750338484555,0.7231730858797717
4,-0.6,2.165050100200401,1.3503004292300669,0.7249654406070123
4,-0.6,2.1694188376753507,1.3523263916266606,0.7267576470723147
4,-0.6,2.1737875751503006,1.3543529169597275,0.7285497036116068
4,-0.6,2.1781563126252506,1.3563800011802543,0.730341608557161
4,-0.6,2.1825250501002005,1.3584076402684868,0.7321333602378032
4,-0.6,2.1868937875751504,1.360435830233731,0.7339249569790885
4,-0.6,2.1912625250501003,1.3624645671141342,0.7357163971034676
4,-0.6,2.1956312625250503,1.3644938469764645,0.737507678930508
4,-0.6,2.2,1.3665236659159161,0.7392988007770117
5,-0.8,0.02,0.9527917637888463,-0.375765858035535
5,-0.8,0.0243687374749499,0.9493922631077751,-0.3706672193866316
5,-0.8,0.0287374749498998,0.9460478926987201,-0.36562841816604374
5,-0.8,0.0331062124248497,0.9427581412072706,-0.3606485511841228
5,-0.8,0.0374749498997996,0.9395225009958889,-0.35572672652617054
5,-0.8,0.0418436873747495,0.9363404681250361,-0.3508620634495182
5,-0.8,0.046212424849699396,0.9332115423348464,-0.3460536922810627
5,-0.8,0.0505811623246493,0.9301352270269193,-0.3413007543155876
5,-0.8,0.0549498997995992,0.927111029246787,-0.3366024017144095
5,-0.8,0.0593186372745491,0.924138459666256,-0.3319577974048987
5,-0.8,0.063687374749499,0.9212170325664186,-0.32736611498032775
5,-0.8,0.0680561122244489,0.9183462658208571,-0.32282653860032773
5,-0.8,0.0724248496993988,0.9155256808790696,-0.3183382628919202
5,-0.8,0.0767935871743487,0.9127548027501751,-0.3139004928510794
5,-0.8,0.0811623246492986,0.9100331599870546,-0.30951244374469056
5,-0.8,0.0855310621242485,0.9073602846704081,-0.3051733410132247
5,-0.8,0.0898997995991984,0.9047357123934096,-0.3008824201736988
5,-0.8,0.0942685370741483,0.9021589822464017,-0.29663892672321696
5,-0.8,0.0986372745490982,0.8996296368016965,-0.29244211604309084
5,-0.8,0.1030060120240481,0.8971472220988922,-0.288291253303208
5,-0.8,0.107374749498998,0.8947112876300088,-0.2841856133671378
5,-0.8,0.1117434869739479,0.8923213863251368,-0.28012448069744506
5,-0.8,0.11611222444889781,0.8899770745380832,-0.2761071492616257
5,-0.8,0.1204809619238477,0.8876779120320141,-0.27213292243851656
5,-0.8,0.1248496993987976,0.8854234619657645,-0.2682011129249272
5,-0.8,0.12921843687374748,0.8832132908795851,-0.2643110426430548
5,-0.8,0.13358717434869738,0.881046968681604,-0.2604620426480303
5,-0.8,0.1379559118236473,0.8789240686340533,-0.25665345303609743
5,-0.8,0.1423246492985972,0.8768441673398234,-0.2528846228531022
5,-0.8,0.1466933867735471,0.8748068447288735,-0.2491549100035321
5,-0.8,0.151062124248497,0.8728116840448297,-0.2454636811599435
5,-0.8,0.1554308617234469,0.8708582718318069,-0.24181031167273007
5,-0.8,0.15979959919839679,0.8689461979211967,-0.23819418548039215
5,-0.8,0.16416833667334668,0.8670750554182235,-0.2346146950203321
5,-0.8,0.16853707414829658,0.8652444406890456,-0.23107124113988917
5,-0.8,0.17290581162324647,0.863453953347491,-0.22756323300794895
5,-0.8,0.17727454909819637,0.8617031962421297,-0.22409008802686667
5,-0.8,0.1816432865731463,0.8599917754430361,-0.22065123174495097
5,-0.8,0.1860120240480962,0.8583193002288453,-0.21724609776927203
5,-0.8,0.1903807615230461,0.8566853830736745,-0.21387412767893713
5,-0.8,0.19474949899799598,0.8550896396341893,-0.21053477093877554
5,-0.8,0.19911823647294588,0.8535316887362608,-0.20722748481358183
5,-0.8,0.20348697394789578,0.8520111523622083,-0.20395173428258356
5,-0.8,0.20785571142284567,0.8505276556374419,-0.2007069919545597
5,-0.8,0.2122244488977956,0.8490808268175649,-0.19749273798323622
5,-0.8,0.2165931863727455,0.8476702972749872,-0.19430845998327478
5,-0.8,0.2209619238476954,0.8462957014858195,-0.19115365294660788
5,-0.8,0.2253306613226453,0.8449566770165892,-0.1880278191592603
5,-0.8,0.22969939879759518,0.8436528645110013,-0.18493046811861333
5,-0.8,0.23406813627254508,0.8423839076764728,-0.1818611164511792
5,-0.8,0.23843687374749498,0.8411494532707036,-0.17881928783078865
5,-0.8,0.24280561122244487,0.8399491510881851,-0.1758045128972769
5,-0.8,0.24717434869739477,0.838782653946753,-0.17281632917558484
5,-0.8,0.2515430861723447,0.8376496176737219,-0.16985428099544433
5,-0.8,0.2559118236472946,0.8365497010923628,-0.1669179194114371
5,-0.8,0.2602805611222445,0.8354825660078532,-0.16400680212362956
5,-0.8,0.2646492985971944,0.8344478771937879,-0.1611204933985714
5,-0.8,0.2690180360721443,0.8334453023776636,-0.15825856399098265
5,-0.8,0.27338677354709423,0.8324745122273056,-0.15542059106572326
5,-0.8,0.2777555110220441,0.8315351803363729,-0.15260615812043388
5,-0.8,0.282124248496994,0.8306269832102617,-0.14981485490859545
5,-0.8,0.2864929859719439,0.8297496002517583,-0.1470462773631195
5,-0.8,0.2908617234468938,0.8289027137464655,-0.14430002752048385
5,-0.8,0.2952304609218437,0.8280860088483918,-0.1415757134453448
5,-0.8,0.2995991983967936,0.827299173565159,-0.1388729491557233
5,-0.8,0.30396793587174353,0.826541898743484,-0.13619135454865325
5,-0.8,0.3083366733466934,0.8258138780540295,-0.1335305553264591
5,-0.8,0.3127054108216433,0.8251148079767685,-0.13089018292346105
5,-0.8,0.3170741482965932,0.8244443877856331,-0.12826987443333646
5,-0.8,0.3214428857715431,0.8238023195336103,-0.1256692725369265
5,-0.8,0.325811623246493,0.8231883080373584,-0.12308802543066906
5,-0.8,0.3301803607214429,0.8226020608618977,-0.12052578675553924
5,-0.8,0.3345490981963928,0.8220432883050626,-0.11798221552657696
5,-0.8,0.3389178356713427,0.8215117033821979,-0.11545697606295263
5,-0.8,0.34328657314629263,0.8210070218101791,-0.11294973791861983
5,-0.8,0.3476553106212425,0.8205289619919484,-0.1104601758135239
5,-0.8,0.3520240480961924,0.8200772450005621,-0.10798796956537746
5,-0.8,0.3563927855711423,0.819651594563258,-0.10553280402203995
5,-0.8,0.3607615230460922,0.8192517370453944,-0.10309436899444072
5,-0.8,0.3651302605210421,0.8188774014344787,-0.10067235919009487
5,-0.8,0.369498997995992,0.8185283193237968,-0.09826647414722023
5,-0.8,0.37386773547094193,0.8182042248962721,-0.09587641816941016
5,-0.8,0.3782364729458918,0.8179048549080141,-0.09350190026091758
5,-0.8,0.3826052104208417,0.8176299486719503,-0.0911426340625304
5,-0.8,0.3869739478957916,0.8173792480411151,-0.08879833778802144
5,-0.8,0.3913426853707415,0.8171524973923883,-0.08646873416120741
5,-0.8,0.3957114228456914,0.8169494436094447,-0.08415355035360732
5,-0.8,0.4000801603206413,0.8167698360662512,-0.08185251792267968
5,-0.8,0.40444889779559123,0.8166134266102341,-0.07956537275068776
5,-0.8,0.4088176352705411,0.8164799695452413,-0.0772918549841284
5,-0.8,0.413186372745491,0.8163692216148974,-0.07503170897380967
5,-0.8,0.4175551102204409,0.8162809419853025,-0.07278468321547912
5,-0.8,0.4219238476953908,0.8162148922281955,-0.07055053029109498
5,-0.8,0.4262925851703407,0.8161708363037535,-0.06832900681067781
5,-0.8,0.4306613226452906,0.8161485405435059,-0.06611987335478185
5,-0.8,0.4350300601202405,0.816147773633103,-0.06392289441754989
5,-0.8,0.4393987975951904,0.8161683065950929,-0.06173783835039432
5,-0.8,0.44376753507014033,0.8162099127716358,-0.059564477306270305
5,-0.8,0.4481362725450902,0.8162723678072292,-0.05740258718454347
5,-0.8,0.4525050100200401,0.8163554496313479,-0.05525194757647747
5,-0.8,0.45687374749499,0.8164589384410446,-0.05311234171131368
5,-0.8,0.4612424849699399,0.8165826166836514,-0.05098355640295486
5,-0.8,0.4656112224448898,0.8167262690392776,-0.04886538199723943
5,-0.8,0.4699799599198397,0.8168896824034095,-0.04675761231983542
5,-0.8,0.4743486973947896,0.8170726458694888,-0.044660044624703354
5,-0.8,0.4787174348697395,0.8172749507113847,-0.042572479543173926
5,-0.8,0.4830861723446894,0.8174963903660715,-0.04049472103363025
5,-0.8,0.4874549098196393,0.8177367604160252,-0.03842657633174493
5,-0.8,0.4918236472945892,0.8179958585717797,-0.036367855901339056
5,-0.8,0.4961923847695391,0.8182734846545306,-0.03431837338582185
5,-0.8,0.500561122244489,0.8185694405786551,-0.03227794556022052
5,-0.8,0.5049298597194388,0.8188835303342037,-0.03024639228376784
5,-0.8,0.5092985971943887,0.8192155599695216,-0.028223536453107143
5,-0.8,0.5136673346693387,0.8195653375738007,-0.026209203956045438
5,-0.8,0.5180360721442886,0.8199326732597736,-0.024203223625921196
5,-0.8,0.5224048096192385,0.8203173791461379,-0.022205427196470433
5,-0.8,0.5267735470941884,0.8207192693404094,-0.020215649257356298
5,-0.8,0.5311422845691383,0.821138159921485,-0.018233727210189794
5,-0.8,0.5355110220440882,0.8215738689224191,-0.016259501225166582
5,-0.8,0.5398797595190381,0.8220262163130875,-0.014292814198210622
5,-0.8,0.544248496993988,0.8224950239830564,-0.012333511708726881
5,-0.8,0.548617234468938,0.8229801157243258,-0.010381441977860922
5,-0.8,0.5529859719438878,0.8234813172142641,-0.008436455827351643
5,-0.8,0.5573547094188377,0.82399845599853,-0.006498406638904028
5,-0.8,0.5617234468937876,0.8245313614739007,-0.004567150314067163
5,-0.8,0.5660921843687375,0.8250798648714817,-0.002642545234747557
5,-0.8,0.5704609218436874,0.8256437992396685,-0.0007244522241626274
5,-0.8,0.5748296593186373,0.8262229994272724,0.0011872654916408464
5,-0.8,0.5791983967935872,0.8268173020666724,0.0030927423217530724
5,-0.8,0.5835671342685371,0.827426545557247,0.004992110347791602
5,-0.8,0.587935871743487,0.8280505700484377,0.00688549936088266
5,-0.8,0.5923046092184369,0.8286892174233301,0.008773036898024828
5,-0.8,0.5966733466933868,0.8293423312819493,0.010654848278020967
5,-0.8,0.6010420841683367,0.8300097569249647,0.012531056636824646
5,-0.8,0.6054108216432866,0.8306913413370666,0.014401782962511782
5,-0.8,0.6097795591182364,0.8313869331708583,0.01626714612959869
5,-0.8,0.6141482965931864,0.8320963827304354,0.01812726293301773
5,-0.8,0.6185170340681363,0.8328195419552719,0.019982248121532847
5,-0.8,0.6228857715430862,0.8335562644041764,0.02183221443066071
5,-0.8,0.6272545090180361,0.8343064052392283,0.023677272615160054
5,-0.8,0.631623246492986,0.8350698212098896,0.02551753148103632
5,-0.8,0.6359919839679359,0.8358463706371799,0.027353097917054998
5,-0.8,0.6403607214428858,0.8366359133978477,0.029184076925853973
5,-0.8,0.6447294589178357,0.8374383109088328,0.03101057165451553
5,-0.8,0.6490981963927855,0.8382534261116595,0.03283268342474596
5,-0.8,0.6534669338677355,0.8390811234569403,0.03465051176259414
5,-0.8,0.6578356713426854,0.8399212688890189,0.03646415442774326
5,-0.8,0.6622044088176353,0.8407737298306914,0.038273707442317645
5,-0.8,0.6665731462925852,0.8416383751680453,0.040079265119306554
5,-0.8,0.670941883767535,0.8425150752353532,0.04188092009053231
5,-0.8,0.675310621242485,0.8434037018000595,0.04367876333423562
5,-0.8,0.6796793587174349,0.8443041280479906,0.04547288420215918
5,-0.8,0.6840480961923848,0.8452162285684941,0.04726337044631519
5,-0.8,0.6884168336673347,0.8461398793397453,0.04905030824530976
5,-0.8,0.6927855711422846,0.8470749577142517,0.05083378223022019
5,-0.8,0.6971543086172345,0.8480213424043067,0.05261387551014229
5,-0.8,0.7015230460921844,0.8489789134677049,0.054390669697287494
5,-0.8,0.7058917835671343,0.8499475522933914,0.05616424493175578
5,-0.8,0.7102605210420841,0.85092714158736,0.057934679905857524
5,-0.8,0.7146292585170341,0.8519175653586651,0.05970205188806939
5,-0.8,0.718997995991984,0.8529187089053052,0.06146643674672038
5,-0.8,0.7233667334669339,0.8539304588006131,0.06322790897311123
5,-0.8,0.7277354709418838,0.8549527028794219,0.06498654170443699
5,-0.8,0.7321042084168337,0.8559853302244299,0.06674240674631464
5,-0.8,0.7364729458917836,0.8570282311527644,0.06849557459489822
5,-0.8,0.7408416833667335,0.8580812972025876,0.07024611445868985
5,-0.8,0.7452104208416834,0.8591444211197762,0.07199409428001241
5,-0.8,0.7495791583166332,0.8602174968448135,0.07373958075609574
5,-0.8,0.7539478957915832,0.861300419499686,0.07548263935989291
5,-0.8,0.7583166332665331,0.8623930853749401,0.07722333436051161
5,-0.8,0.762685370741483,0.863495391916883,0.07896172884334028
5,-0.8,0.7670541082164329,0.8646072377148446,0.08069788472983812
5,-0.8,0.7714228456913828,0.8657285224885625,0.08243186279703629
5,-0.8,0.7757915831663327,0.8668591470757063,0.08416372269667864
5,-0.8,0.7801603206412826,0.8679990134194379,0.08589352297413431
5,-0.8,0.7845290581162325,0.869148024556208,0.08762132108689753
5,-0.8,0.7888977955911824,0.870306084603576,0.08934717342285116
5,-0.8,0.7932665330661323,0.8714730987481561,0.09107113531824863
5,-0.8,0.7976352705410822,0.8726489732335971,0.09279326107541219
5,-0.8,0.8020040080160321,0.8738336153489238,0.09451360398001792
5,-0.8,0.806372745490982,0.8750269334166965,0.09623221631827707
5,-0.8,0.8107414829659318,0.8762288367813937,0.09794914939375347
5,-0.8,0.8151102204408818,0.8774392357980492,0.09966445354383172
5,-0.8,0.8194789579158317,0.8786580418207285,0.10137817815607532
5,-0.8,0.8238476953907816,0.8798851671913362,0.10309037168418961
5,-0.8,0.8282164328657315,0.8811205252284271,0.10480108166377311
5,-0.8,0.8325851703406814,0.8823640302161335,0.10651035472782255
5,-0.8,0.8369539078156313,0.8836155973932416,0.1082182366219446
5,-0.8,0.8413226452905812,0.884875142942405,0.10992477221931247
5,-0.8,0.8456913827655311,0.8861425839793468,0.11163000553543488
5,-0.8,0.8500601202404809,0.8874178385422423,0.11333397974264585
5,-0.8,0.8544288577154309,0.8887008255812545,0.11503673718433703
5,-0.8,0.8587975951903808,0.8899914649481019,0.1167383193889636
5,-0.8,0.8631663326653307,0.8912896773857549,0.11843876708385417
5,-0.8,0.8675350701402806,0.8925953845182675,0.12013812020873728
5,-0.8,0.8719038076152305,0.8939085088406331,0.12183641792910634
5,-0.8,0.8762725450901804,0.8952289737089011,0.12353369864926242
5,-0.8,0.8806412825651303,0.8965567033302044,0.12523000002527027
5,-0.8,0.8850100200400802,0.897891622753037,0.1269253589775891
5,-0.8,0.88937875751503,0.8992336578575364,0.12861981170357645
5,-0.8,0.89374749498998,0.9005827353460387,0.13031339368964875
5,-0.8,0.8981162324649299,0.9019387827333983,0.13200613972349565
5,-0.8,0.9024849699398798,0.9033017283378257,0.13369808390576457
5,-0.8,0.9068537074148297,0.9046715012714954,0.1353892596618285
5,-0.8,0.9112224448897795,0.906048031431492,0.1370796997531351
5,-0.8,0.9155911823647295,0.9074312494906084,0.13876943628859734
5,-0.8,0.9199599198396794,0.9088210868884717,0.14045850073558197
5,-0.8,0.9243286573146293,0.910217475822686,0.14214692393080297
5,-0.8,0.9286973947895791,0.9116203492399465,0.14383473609111178
5,-0.8,0.9330661322645291,0.913029640827533,0.1455219668238933
5,-0.8,0.937434869739479,0.914445285004558,0.14720864513755963
5,-0.8,0.9418036072144289,0.9158672169136371,0.14889479945159775
5,-0.8,0.9461723446893788,0.9172953724123399,0.15058045760671704
5,-0.8,0.9505410821643286,0.91872968806505,0.1522656468745455
5,-0.8,0.9549098196392786,0.9201701011346435,0.15395039396740906
5,-0.8,0.9592785571142285,0.9216165495744,0.1556347250478288
5,-0.8,0.9636472945891784,0.9230689720200513,0.1573186657378057
5,-0.8,0.9680160320641283,0.9245273077817382,0.15900224112811734
5,-0.8,0.9723847695390782,0.925991496836298,0.16068547578724096
5,-0.8,0.9767535070140281,0.9274614798193617,0.16236839377038986
5,-0.8,0.981122244488978,0.9289371980178215,0.1640510186281134
5,-0.8,0.9854909819639279,0.9304185933622103,0.16573337341494765
5,-0.8,0.9898597194388777,0.9319056084191514,0.16741548069790993
5,-0.8,0.9942284569138277,0.9333981863840565,0.169097362564712
5,-0.8,0.9985971943887776,0.9348962710737161,0.17077904063201194
5,-0.8,1.0029659318637274,0.9363998069191445,0.1724605360533699
5,-0.8,1.0073346693386773,0.9379087389583831,0.17414186952717503
5,-0.8,1.0117034068136272,0.9394230128293966,0.1758230613044546
5,-0.8,1.0160721442885772,0.9409425747631615,0.17750413119642508
5,-0.8,1.020440881763527,0.9424673715767273,0.17918509858202922
5,-0.8,1.024809619238477,0.9439973506663697,0.18086598241532756
5,-0.8,1.029178356713427,0.9455324600008908,0.1825468012327174
5,-0.8,1.0335470941883769,0.9470726481149151,0.1842275731600898
5,-0.8,1.0379158316633268,0.9486178641023124,0.18590831591983795
5,-0.8,1.0422845691382765,0.9501680576096908,0.1875890468377349
5,-0.8,1.0466533066132264,0.9517231788299807,0.1892697828497087
5,-0.8,1.0510220440881763,0.9532831784960072,0.19095054050855698
5,-0.8,1.0553907815631263,0.9548480078742987,0.19263133599041685
5,-0.8,1.0597595190380762,0.9564176187588471,0.19431218510123432
5,-0.8,1.0641282565130261,0.9579919634648876,0.1959931032831795
5,-0.8,1.068496993987976,0.959570994822963,0.19767410562075247
5,-0.8,1.072865731462926,0.9611546661728843,0.19935520684694144
5,-0.8,1.0772344689378759,0.9627429313577653,0.20103642134930438
5,-0.8,1.0816032064128256,0.9643357447182291,0.2027177631758198
5,-0.8,1.0859719438877755,0.9659330610866107,0.20439924604072618
5,-0.8,1.0903406813627254,0.9675348357812353,0.20608088333026273
5,-0.8,1.0947094188376754,0.9691410246008004,0.20776268810826065
5,-0.8,1.0990781563126253,0.9707515838187875,0.20944467312169315
5,-0.8,1.1034468937875752,0.9723664701779121,0.21112685080615945
5,-0.8,1.1078156312625251,0.9739856408847788,0.21280923329113594
5,-0.8,1.112184368737475,0.9756090536044185,0.21449183240531125
5,-0.8,1.116553106212425,0.977236666454988,0.21617465968176394
5,-0.8,1.1209218436873747,0.9788684380025672,0.21785772636298176
5,-0.8,1.1252905811623246,0.9805043272559525,0.21954104340589833
5,-0.8,1.1296593186372745,0.9821442936614649,0.2212246214868734
5,-0.8,1.1340280561122245,0.9837882970980246,0.22290847100639063
5,-0.8,1.1383967935871744,0.9854362978720279,0.22459260209393625
5,-0.8,1.1427655310621243,0.9870882567124908,0.2262770246125888
5,-0.8,1.1471342685370742,0.9887441347660852,0.22796174816370893
5,-0.8,1.1515030060120242,0.9904038935924072,0.2296467820913538
5,-0.8,1.155871743486974,0.9920674951591639,0.2313321354867936
5,-0.8,1.1602404809619238,0.9937349018374758,0.23301781719285483
5,-0.8,1.1646092184368737,0.9954060763972387,0.23470383580822327
5,-0.8,1.1689779559118236,0.9970809820025094,0.23639019969169317
5,-0.8,1.1733466933867736,0.998759582206992,0.23807691696629765
5,-0.8,1.1777154308617235,1.0004418409495597,0.2397639955233918
5,-0.8,1.1820841683366734,1.0021277225498073,0.2414514430267062
5,-0.8,1.1864529058116233,1.0038171917036864,0.24313926691627785
5,-0.8,1.1908216432865733,1.0055102134791813,0.24482747441236136
5,-0.8,1.1951903807615232,1.007206753312097,0.24651607251916977
5,-0.8,1.1995591182364729,1.0089067770017361,0.2482050680287771
5,-0.8,1.2039278557114228,1.0106102507068198,0.2498944675247063
5,-0.8,1.2082965931863727,1.0123171409413538,0.25158427738560174
5,-0.8,1.2126653306613226,1.0140274145705546,0.2532745037888094
5,-0.8,1.2170340681362726,1.0157410388068089,0.2549651527139354
5,-0.8,1.2214028056112225,1.0174579812058333,0.25665622994614645
5,-0.8,1.2257715430861724,1.0191782096625517,0.2583477410798346
5,-0.8,1.2301402805611223,1.0209016924074255,0.26003969152171064
5,-0.8,1.2345090180360723,1.0226283980024709,0.26173208649431134
5,-0.8,1.238877755511022,1.0243582953376382,0.26342493103902126
5,-0.8,1.243246492985972,1.0260913536269376,0.26511823001945434
5,-0.8,1.2476152304609218,1.027827542404849,0.26681198812447415
5,-0.8,1.2519839679358717,1.029566831522637,0.2685062098713184
5,-0.8,1.2563527054108217,1.0313091911447891,0.27020089960859184
5,-0.8,1.2607214428857716,1.0330545917454383,0.2718960615192916
5,-0.8,1.2650901803607215,1.0348030041048544,0.2735916996237283
5,-0.8,1.2694589178356714,1.0365543993059845,0.275287817782407
5,-0.8,1.2738276553106214,1.0383087487310656,0.2769844196988214
5,-0.8,1.278196392785571,1.0400660240581865,0.2786815089223185
5,-0.8,1.282565130260521,1.041826197257974,0.2803790888507986
5,-0.8,1.286933867735471,1.0435892405902791,0.2820771627334546
5,-0.8,1.2913026052104208,1.0453551266009544,0.28377573367335807
5,-0.8,1.2956713426853708,1.0471238281185966,0.2854748046301381
5,-0.8,1.3000400801603207,1.048895318251372,0.28717437842253785
5,-0.8,1.3044088176352706,1.050669570383873,0.28887445773094605
5,-0.8,1.3087775551102205,1.0524465581740619,0.2905750450998164
5,-0.8,1.3131462925851705,1.054226255550127,0.2922761429402277
5,-0.8,1.3175150300601204,1.0560086367074866,0.2939777535322425
5,-0.8,1.32188376753507,1.0577936761058175,0.2956798790272433
5,-0.8,1.32625250501002,1.059581348466105,0.29738252145026445
5,-0.8,1.33062124248497,1.0613716287676482,0.29908568270237357
5,-0.8,1.3349899799599199,1.0631644922452634,0.30078936456282124
5,-0.8,1.3393587174348698,1.0649599143863846,0.3024935686913144
5,-0.8,1.3437274549098197,1.066757870928279,0.30419829663016423
5,-0.8,1.3480961923847696,1.0685583378552324,0.3059035498064737
5,-0.8,1.3524649298597196,1.0703612913958132,0.3076093295342439
5,-0.8,1.3568336673346695,1.0721667080201782,0.3093156370164181
5,-0.8,1.3612024048096192,1.0739745644373768,0.3110224733469419
5,-0.8,1.365571142284569,1.0757848375926875,0.31272983951281486
5,-0.8,1.369939879759519,1.0775975046650275,0.31443773639600187
5,-0.8,1.374308617234469,1.0794125430643404,0.31614616477545315
5,-0.8,1.3786773547094189,1.0812299304290762,0.3178551253289409
5,-0.8,1.3830460921843688,1.0830496446236337,0.3195646186350186
5,-0.8,1.3874148296593187,1.084871663735878,0.3212746451748439
5,-0.8,1.3917835671342687,1.0866959660746829,0.3229852053340038
5,-0.8,1.3961523046092186,1.0885225301675132,0.32469629940428335
5,-0.8,1.4005210420841683,1.0903513347579878,0.3264079275854935
5,-0.8,1.4048897795591182,1.0921823588035189,0.3281200899871631
5,-0.8,1.4092585170340681,1.094015581472954,0.3298327866302975
5,-0.8,1.413627254509018,1.0958509821443025,0.33154601744896567
5,-0.8,1.417995991983968,1.0976885404024006,0.33325978229204445
5,-0.8,1.422364729458918,1.099528236036625,0.33497408092487585
5,-0.8,1.4267334669338678,1.1013700490387248,0.3366889130307614
5,-0.8,1.4311022044088177,1.1032139596005848,0.33840427821259134
5,-0.8,1.4354709418837677,1.1050599481120242,0.34012017599442124
5,-0.8,1.4398396793587174,1.106907995158623,0.34183660582302505
5,-0.8,1.4442084168336673,1.1087580815196756,0.34355356706927076
5,-0.8,1.4485771543086172,1.1106101881659949,0.34527105902973193
5,-0.8,1.4529458917835671,1.1124642962578606,0.3469890809281124
5,-0.8,1.457314629258517,1.114320387142993,0.3487076319166168
5,-0.8,1.461683366733467,1.1161784423544685,0.35042671107745915
5,-0.8,1.466052104208417,1.118038443608765,0.3521463174241514
5,-0.8,1.4704208416833668,1.1199003728037504,0.35386644990292554
5,-0.8,1.4747895791583168,1.1217642120167204,0.35558710739407967
5,-0.8,1.4791583166332665,1.1236299435024655,0.35730828871328535
5,-0.8,1.4835270541082164,1.125497549691382,0.35902999261285684
5,-0.8,1.4878957915831663,1.1273670131875297,0.36075221778310934
5,-0.8,1.4922645290581162,1.1292383167668216,0.3624749628535336
5,-0.8,1.4966332665330662,1.1311114433751315,0.36419822639409627
5,-0.8,1.501002004008016,1.1329863761264962,0.36592200691642734
5,-0.8,1.505370741482966,1.134863098301308,0.3676463028750223
5,-0.8,1.509739478957916,1.1367415933445155,0.36937111266845296
5,-0.8,1.5141082164328659,1.138621844863867,0.37109643464052616
5,-0.8,1.5184769539078156,1.1405038366282267,0.3728222670813302
5,-0.8,1.5228456913827655,1.1423875525657576,0.37454860822851976
5,-0.8,1.5272144288577154,1.14427297676229,0.3762754562683224
5,-0.8,1.5315831663326653,1.1461600934596319,0.37800280933662966
5,-0.8,1.5359519038076153,1.1480488870538808,0.37973066552013734
5,-0.8,1.5403206412825652,1.1499393420938298,0.38145902285729616
5,-0.8,1.544689378757515,1.1518314432792969,0.38318787933946635
5,-0.8,1.549058116232465,1.1537251754595805,0.3849172329118141
5,-0.8,1.553426853707415,1.1556205236317807,0.3866470814744978
5,-0.8,1.5577955911823649,1.1575174729393756,0.3883774228834022
5,-0.8,1.5621643286573146,1.1594160086705292,0.39010825495137824
5,-0.8,1.5665330661322645,1.1613161162566479,0.3918395754490463
5,-0.8,1.5709018036072144,1.1632177812708606,0.39357138210575277
5,-0.8,1.5752705410821644,1.1651209894265029,0.39530367261054167
5,-0.8,1.5796392785571143,1.1670257265756525,0.39703644461304327
5,-0.8,1.5840080160320642,1.16893197870767,0.3987696957243893
5,-0.8,1.5883767535070141,1.1708397319477664,0.40050342351805523
5,-0.8,1.592745490981964,1.1727489725555524,0.4022376255307989
5,-0.8,1.597114228456914,1.1746596869236516,0.40397229926346334
5,-0.8,1.6014829659318637,1.1765718615763048,0.4057074421818401
5,-0.8,1.6058517034068136,1.1784854831679785,0.40744305171750506
5,-0.8,1.6102204408817635,1.180400538482028,0.40917912526861505
5,-0.8,1.6145891783567135,1.1823170144293336,0.4109156602007264
5,-0.8,1.6189579158316634,1.184234898046973,0.41265265384759514
5,-0.8,1.6233266533066133,1.1861541764969201,0.4143901035119229
5,-0.8,1.6276953907815632,1.1880748370647232,0.41612800646616527
5,-0.8,1.6320641282565131,1.1899968671582455,0.41786635995324145
5,-0.8,1.636432865731463,1.19192025430638,0.41960516118731056
5,-0.8,1.6408016032064128,1.1938449861577949,0.4213444073544808
5,-0.8,1.6451703406813627,1.1957710504796994,0.4230840956135366
5,-0.8,1.6495390781563126,1.1976984351566156,0.42482422309663853
5,-0.8,1.6539078156312625,1.1996271281891562,0.4265647869100279
5,-0.8,1.6582765531062125,1.2015571176928332,0.4283057841347122
5,-0.8,1.6626452905811624,1.203488391896869,0.4300472118271362
5,-0.8,1.6670140280561123,1.2054209391430586,0.4317890670197749
5,-0.8,1.6713827655310622,1.2073547478845332,0.43353134672194527
5,-0.8,1.6757515030060122,1.2092898066846878,0.43527404792029906
5,-0.8,1.6801202404809619,1.2112261042160226,0.4370171675795051
5,-0.8,1.6844889779559118,1.2131636292590207,0.4387607026428765
5,-0.8,1.6888577154308617,1.2151023707010447,0.4405046500329746
5,-0.8,1.6932264529058116,1.2170423175352403,0.44224900665221184
5,-0.8,1.6975951903807616,1.21898345885945,0.4439937693834495
5,-0.8,1.7019639278557115,1.220925783875159,0.4457389350905514
5,-0.8,1.7063326653306614,1.2228692818864155,0.44748450061900075
5,-0.8,1.7107014028056113,1.2248139422988042,0.44923046279641005
5,-0.8,1.7150701402805613,1.2267597546183904,0.45097681843314447
5,-0.8,1.719438877755511,1.228706708450741,0.4527235643227436
5,-0.8,1.7238076152304609,1.2306547934998395,0.4544706972426347
5,-0.8,1.7281763527054108,1.232603999567159,0.4562182139545057
5,-0.8,1.7325450901803607,1.2345543165506265,0.45796611120490405
5,-0.8,1.7369138276553107,1.2365057344436772,0.45971438572570283
5,-0.8,1.7412825651302606,1.2384582433342581,0.46146303423464363
5,-0.8,1.7456513026052105,1.2404118334038965,0.4632120534357939
5,-0.8,1.7500200400801604,1.242366494926726,0.46496144002007755
5,-0.8,1.7543887775551104,1.244322218268591,0.46671119066568634
5,-0.8,1.75875751503006,1.2462789938860825,0.4684613020386175
5,-0.8,1.76312625250501,1.2482368123256453,0.4702117707930959
5,-0.8,1.76749498997996,1.250195664222677,0.4719625935720246
5,-0.8,1.7718637274549098,1.2521555403006153,0.47371376700746587
5,-0.8,1.7762324649298598,1.2541164313700666,0.4754652877210507
5,-0.8,1.7806012024048097,1.256078328327937,0.477217152324406
5,-0.8,1.7849699398797596,1.2580412221565413,0.47896935741963287
5,-0.8,1.7893386773547095,1.2600051039227798,0.48072189959964884
5,-0.8,1.7937074148296595,1.2619699647772662,0.4824747754486569
5,-0.8,1.7980761523046092,1.2639357959535165,0.4842279815425047
5,-0.8,1.802444889779559,1.2659025887670836,0.4859815144491445
5,-0.8,1.806813627254509,1.267870334614781,0.48773537072895423
5,-0.8,1.811182364729459,1.2698390249738405,0.4894895469351647
5,-0.8,1.8155511022044089,1.2718086514011304,0.49124403961422547
5,-0.8,1.8199198396793588,1.2737792055323431,0.49299884530619775
5,-0.8,1.8242885771543087,1.2757506790812458,0.4947539605450556
5,-0.8,1.8286573146292586,1.2777230638388737,0.49650938185911675
5,-0.8,1.8330260521042085,1.2796963516727673,0.49826510577136973
5,-0.8,1.8373947895791582,1.2816705345262294,0.5000211287998186
5,-0.8,1.8417635270541082,1.28364560441757,0.5017774474577956
5,-0.8,1.846132264529058,1.2856215534393376,0.5035340582543921
5,-0.8,1.850501002004008,1.2875983737576397,0.5052909576946408
5,-0.8,1.854869739478958,1.2895760576113533,0.5070481422800018
5,-0.8,1.8592384769539079,1.2915545973114773,0.5088056085085009
5,-0.8,1.8636072144288578,1.2935339852403396,0.51056335287525
5,-0.8,1.8679759519038077,1.2955142138509703,0.5123213718725642
5,-0.8,1.8723446893787576,1.2974952756663507,0.5140796619904054
5,-0.8,1.8767134268537076,1.2994771632787756,0.5158382197165554
5,-0.8,1.8810821643286573,1.301459869349114,0.5175970415370469
5,-0.8,1.8854509018036072,1.3034433866061876,0.5193561239363275
5,-0.8,1.8898196392785571,1.3054277078460834,0.5211154633976002
5,-0.8,1.894188376753507,1.3074128259314846,0.5228750564031058
5,-0.8,1.898557114228457,1.309398733791047,0.5246348994343555
5,-0.8,1.902925851703407,1.3113854244187308,0.526394988972425
5,-0.8,1.9072945891783568,1.3133728908731606,0.5281553214982448
5,-0.8,1.9116633266533067,1.3153611262770093,0.5299158934928052
5,-0.8,1.9160320641282567,1.317350123816371,0.5316767014374251
5,-0.8,1.9204008016032064,1.31933987674013,0.5334377418140287
5,-0.8,1.9247695390781563,1.3213303783593753,0.5351990111053314
5,-0.8,1.9291382765531062,1.323321622046752,0.5369605057951811
5,-0.8,1.9335070140280561,1.325313601235914,0.5387222223686673
5,-0.8,1.937875751503006,1.3273063094208948,0.5404841573124528
5,-0.8,1.942244488977956,1.3292997401555413,0.5422463071149413
5,-0.8,1.946613226452906,1.331293887052916,0.544008668266549
5,-0.8,1.9509819639278558,1.3332887437847512,0.5457712372598642
5,-0.8,1.9553507014028058,1.3352843040808455,0.5475340105899265
5,-0.8,1.9597194388777555,1.3372805617285377,0.549296984754384
5,-0.8,1.9640881763527054,1.3392775105721173,0.5510601562537487
5,-0.8,1.9684569138276553,1.3412751445123146,0.5528235215915283
5,-0.8,1.9728256513026052,1.3432734575057086,0.5545870772745248
5,-0.8,1.9771943887775552,1.3452724435642325,0.5563508198129374
5,-0.8,1.981563126252505,1.3472720967546108,0.5581147457206184
5,-0.8,1.985931863727455,1.3492724111978371,0.5598788515152427
5,-0.8,1.990300601202405,1.3512733810686812,0.561643133718445
5,-0.8,1.9946693386773549,1.3532750005951284,0.5634075888560877
5,-0.8,1.9990380761523046,1.3552772640578898,0.5651722134583925
5,-0.8,2.0034068136272545,1.3572801657899098,0.5669370040600807
5,-0.8,2.0077755511022044,1.3592837001758449,0.568701957200613
5,-0.8,2.0121442885771543,1.3612878616515667,0.5704670694243236
5,-0.8,2.0165130260521043,1.3632926447037004,0.5722323372805596
5,-0.8,2.020881763527054,1.3652980438690936,0.5739977573239174
5,-0.8,2.025250501002004,1.3673040537343855,0.5757633261142985
5,-0.8,2.029619238476954,1.3693106689354966,0.5775290402171539
5,-0.8,2.033987975951904,1.3713178841571725,0.5792948962035885
5,-0.8,2.038356713426854,1.3733256941325154,0.5810608906505271
5,-0.8,2.042725450901804,1.3753340936425278,0.5828270201408406
5,-0.8,2.0470941883767537,1.3773430775156523,0.5845932812635136
5,-0.8,2.0514629258517036,1.3793526406273116,0.5863596706137945
5,-0.8,2.0558316633266536,1.3813627778994817,0.5881261847932783
5,-0.8,2.060200400801603,1.3833734843002419,0.5898928204100836
5,-0.8,2.064569138276553,1.3853847548433236,0.5916595740789924
5,-0.8,2.068937875751503,1.3873965845876974,0.5934264424215443
5,-0.8,2.073306613226453,1.389408968637131,0.5951934220661944
5,-0.8,2.0776753507014027,1.3914219021397698,0.5969605096484105
5,-0.8,2.0820440881763527,1.393435380287717,0.5987277018108151
5,-0.8,2.0864128256513026,1.3954493983166192,0.600494995203287
5,-0.8,2.0907815631262525,1.397463951505246,0.6022623864831039
5,-0.8,2.0951503006012024,1.399479035175101,0.604029872315004
5,-0.8,2.0995190380761524,1.4014946446899983,0.6057974493713524
5,-0.8,2.1038877755511023,1.4035107754556813,0.6075651143322117
5,-0.8,2.108256513026052,1.4055274229193988,0.6093328638854991
5,-0.8,2.112625250501002,1.4075445825695596,0.6111006947269976
5,-0.8,2.116993987975952,1.4095622499353027,0.6128686035605551
5,-0.8,2.121362725450902,1.4115804205861375,0.6146365870981183
5,-0.8,2.125731462925852,1.4135990901315527,0.6164046420598714
5,-0.8,2.130100200400802,1.415618254220654,0.6181727651742874
5,-0.8,2.1344689378757518,1.4176379085417772,0.6199409531782601
5,-0.8,2.1388376753507012,1.419658048822132,0.6217092028171671
5,-0.8,2.143206412825651,1.4216786708274263,0.6234775108449855
5,-0.8,2.147575150300601,1.4236997703615244,0.6252458740243323
5,-0.8,2.151943887775551,1.4257213432660587,0.627014289126621
5,-0.8,2.156312625250501,1.4277433854201143,0.6287827529320393
5,-0.8,2.160681362725451,1.4297658927398464,0.6305512622297437
5,-0.8,2.165050100200401,1.4317888611781573,0.6323198138178349
5,-0.8,2.1694188376753507,1.4338122867243295,0.6340884045035269
5,-0.8,2.1737875751503006,1.4358361654037106,0.6358570311031405
5,-0.8,2.1781563126252506,1.4378604932773729,0.6376256904421969
5,-0.8,2.1825250501002005,1.4398852664417476,0.6393943793555585
5,-0.8,2.1868937875751504,1.4419104810283505,0.6411630946873723
5,-0.8,2.1912625250501003,1.4439361332034089,0.6429318332912387
5,-0.8,2.1956312625250503,1.4459622191675683,0.6447005920302157
5,-0.8,2.2,1.4479887351555452,0.6464693677769365
6,-1.0,0.02,1.115419926092732,-0.16553486658605718
6,-1.0,0.0243687374749499,1.1099783246739676,-0.16385208583434543
6,-1.0,0.0287374749498998,1.1046279806411619,-0.16219412146772288
6,-1.0,0.0331062124248497,1.0993678909114768,-0.16056034058156315
6,-1.0,0.0374749498997996,1.0941970602101412,-0.15895012035095474
6,-1.0,0.0418436873747495,1.0891145010490633,-0.15736284796082828
6,-1.0,0.046212424849699396,1.0841192337063437,-0.15579792053533523
6,-1.0,0.0505811623246493,1.0792102862069632,-0.15425474506615683
6,-1.0,0.0549498997995992,1.074386694304515,-0.1527327383397856
6,-1.0,0.0593186372745491,1.0696475014635523,-0.15123132686402807
6,-1.0,0.063687374749499,1.0649917588430964,-0.14974994679326192
6,-1.0,0.0680561122244489,1.0604185252806486,-0.14828804385285685
6,-1.0,0.0724248496993988,1.0559268672770545,-0.14684507326246476
6,-1.0,0.0767935871743487,1.0515158589818283,-0.14542049965840567
6,-1.0,0.0811623246492986,1.0471845821791,-0.1440137970149404
6,-1.0,0.0855310621242485,1.0429321262740319,-0.14262444856457637
6,-1.0,0.0898997995991984,1.038757588279638,-0.14125194671733052
6,-1.0,0.0942685370741483,1.0346600728038073,-0.13989579297907925
6,-1.0,0.0986372745490982,1.03063869203679,-0.13855549786879498
6,-1.0,0.1030060120240481,1.026692565738691,-0.1372305808349296
6,-1.0,0.107374749498998,1.0228208212271959,-0.13592057017076709
6,-1.0,0.1117434869739479,1.0190225933654056,-0.13462500292881546
6,-1.0,0.11611222444889781,1.015297024549472,-0.13334342483441486
6,-1.0,0.1204809619238477,1.0116432646963454,-0.132075390198329
6,-1.0,0.1248496993987976,1.0080604712315173,-0.13082046182842366
6,-1.0,0.12921843687374748,1.0045478090761515,-0.12957821094077296
6,-1.0,0.13358717434869738,1.0011044506345097,-0.1283482170696129
6,-1.0,0.1379559118236473,0.9977295757807341,-0.12713006797676013
6,-1.0,0.1423246492985972,0.9944223718454832,-0.12592335956018375
6,-1.0,0.1466933867735471,0.9911820336020422,-0.1247276957619274
6,-1.0,0.151062124248497,0.9880077632521176,-0.12354268847531746
6,-1.0,0.1554308617234469,0.9848987704111016,-0.1223679574515633
6,-1.0,0.15979959919839679,0.9818542720928682,-0.12120313020574028
6,-1.0,0.16416833667334668,0.978873492693943,-0.12004784192225414
6,-1.0,0.16853707414829658,0.9759556639771203,-0.11890173535978778
6,-1.0,0.17290581162324647,0.973100025054423,-0.11776446075578505
6,-1.0,0.17727454909819637,0.9703058223694635,-0.11663567573048164
6,-1.0,0.1816432865731463,0.9675723096790345,-0.11551504519058807
6,-1.0,0.1860120240480962,0.9648987480340175,-0.11440224123265287
6,-1.0,0.1903807615230461,0.9622844057594753,-0.11329694304611505
6,-1.0,0.19474949899799598,0.9597285584341249,-0.11219883681611108
6,-1.0,0.19911823647294588,0.957230488868808,-0.11110761562611973
6,-1.0,0.20348697394789578,0.9547894870843587,-0.11002297936040979
6,-1.0,0.20785571142284567,0.9524048502884759,-0.1089446346064283
6,-1.0,0.2122244488977956,0.9500758828518346,-0.1078722945571284
6,-1.0,0.2165931863727455,0.947801896283303,-0.10680567891326682
6,-1.0,0.2209619238476954,0.9455822092043119,-0.10574451378576508
6,-1.0,0.2253306613226453,0.943416147322316,-0.1046885315981437
6,-1.0,0.22969939879759518,0.9413030434034966,-0.10363747098904456
6,-1.0,0.23406813627254508,0.9392422372443491,-0.10259107671501352
6,-1.0,0.23843687374749498,0.9372330756425898,-0.1015490995534282
6,-1.0,0.24280561122244487,0.9352749123670477,-0.10051129620571783
6,-1.0,0.24717434869739477,0.9333671081268023,-0.09947742920086088
6,-1.0,0.2515430861723447,0.931509030539271,-0.09844726679926541
6,-1.0,0.2559118236472946,0.9297000540974987,-0.09742058289702912
6,-1.0,0.2602805611222445,0.9279395601365847,-0.09639715693060269
6,-1.0,0.2646492985971944,0.9262269367993451,-0.09537677378190992
6,-1.0,0.2690180360721443,0.9245615790008245,-0.09435922368405822
6,-1.0,0.27338677354709423,0.922942888392259,-0.09334430212748202
6,-1.0,0.2777555110220441,0.9213702733241126,-0.0923318097667319
6,-1.0,0.282124248496994,0.9198431488082601,-0.09132155232785687
6,-1.0,0.2864929859719439,0.9183609364794045,-0.0903133405164383
6,-1.0,0.2908617234468938,0.9169230645556575,-0.08930698992631653
6,-1.0,0.2952304609218437,0.9155289677985,-0.08830232094897862
6,-1.0,0.2995991983967936,0.9141780874717539,-0.08729915868377451
6,-1.0,0.30396793587174353,0.912869871300147,-0.08629733284879466
6,-1.0,0.3083366733466934,0.911603773426696,-0.0852966776926767
6,-1.0,0.3127054108216433,0.9103792543700191,-0.08429703190709006
6,-1.0,0.3170741482965932,0.9091957809803731,-0.08329823854019268
6,-1.0,0.3214428857715431,0.9080528263955487,-0.08230014491088192
6,-1.0,0.325811623246493,0.9069498699957405,-0.08130260252399124
6,-1.0,0.3301803607214429,0.9058863973580724,-0.08030546698636574
6,-1.0,0.3345490981963928,0.9048619002104169,-0.07930859792390048
6,-1.0,0.3389178356713427,0.9038758763848797,-0.07831185889949817
6,-1.0,0.34328657314629263,0.9029278297703933,-0.07731511733204643
6,-1.0,0.3476553106212425,0.9020172702651582,-0.07631824441633371
6,-1.0,0.3520240480961924,0.9011437137283523,-0.07532111504400685
6,-1.0,0.3563927855711423,0.900306681931681,-0.07432360772550403
6,-1.0,0.3607615230460922,0.8995057025100999,-0.07332560451305532
6,-1.0,0.3651302605210421,0.8987403089125462,-0.07232699092469375
6,-1.0,0.369498997995992,0.8980100403520251,-0.07132765586930677
6,-1.0,0.37386773547094193,0.8973144417554343,-0.07032749157278637
6,-1.0,0.3782364729458918,0.8966530637131561,-0.06932639350518786
6,-1.0,0.3826052104208417,0.8960254624281278,-0.0683242603090017
6,-1.0,0.3869739478957916,0.895431199664874,-0.06732099372847594
6,-1.0,0.3913426853707415,0.8948698426982061,-0.0663164985400284
6,-1.0,0.3957114228456914,0.8943409642615558,-0.0653106824837447
6,-1.0,0.4000801603206413,0.8938441424954187,-0.0643034561959477
6,-1.0,0.40444889779559123,0.8933789608952578,-0.06329473314286765
6,-1.0,0.4088176352705411,0.8929450082595989,-0.06228442955538982
6,-1.0,0.413186372745491,0.892541878637771,-0.061272464364891116
6,-1.0,0.4175551102204409,0.8921691712776053,-0.06025875914016679
6,-1.0,0.4219238476953908,0.8918264905730842,-0.05924323802543229
6,-1.0,0.4262925851703407,0.8915134460118255,-0.05822582767940892
6,-1.0,0.4306613226452906,0.8912296521228225,-0.0572064572154815
6,-1.0,0.4350300601202405,0.8909747284236593,-0.056185058142937824
6,-1.0,0.4393987975951904,0.8907482993682876,-0.05516156430925469
6,-1.0,0.44376753507014033,0.8905499942943966,-0.054135911843476096
6,-1.0,0.4481362725450902,0.8903794473710961,-0.053108039100617475
6,-1.0,0.4525050100200401,0.8902362975465538,-0.05207788660712281
6,-1.0,0.45687374749499,0.8901201884956006,-0.05104539700737637
6,-1.0,0.4612424849699399,0.8900307685678039,-0.05001051501122641
6,-1.0,0.4656112224448898,0.8899676907352486,-0.04897318734256302
6,-1.0,0.4699799599198397,0.8899306125406162,-0.04793336268885636
6,-1.0,0.4743486973947896,0.8899191960455526,-0.04689099165175835
6,-1.0,0.4787174348697395,0.8899331077789578,-0.045846026698667136
6,-1.0,0.4830861723446894,0.8899720186857157,-0.04479842211527999
6,-1.0,0.4874549098196393,0.8900356040753622,-0.04374813395912238
6,-1.0,0.4918236472945892,0.8901235435711512,-0.042695120014037656
6,-1.0,0.4961923847695391,0.8902355210593257,-0.041639339745638125
6,-1.0,0.500561122244489,0.8903712246386363,-0.040580754257686605
6,-1.0,0.5049298597194388,0.8905303465699687,-0.03951932624939947
6,-1.0,0.5092985971943887,0.8907125832264392,-0.038455019973686305
6,-1.0,0.5136673346693387,0.8909176350436538,-0.03738780119627324
6,-1.0,0.5180360721442886,0.8911452064703467,-0.036317637155733544
6,-1.0,0.5224048096192385,0.8913950059191853,-0.035244496524387256
6,-1.0,0.5267735470941884,0.8916667457180084,-0.03416834937006425
6,-1.0,0.5311422845691383,0.8919601420613251,-0.03308916711872629
6,-1.0,0.5355110220440882,0.8922749149622082,-0.032006922517941024
6,-1.0,0.5398797595190381,0.8926107882044471,-0.030921589601156516
6,-1.0,0.544248496993988,0.8929674892951082,-0.029833143652805476
6,-1.0,0.548617234468938,0.8933447494173682,-0.02874156117421183
6,-1.0,0.5529859719438878,0.8937423033839204,-0.02764681985028695
6,-1.0,0.5573547094188377,0.8941598895904502,-0.026548898516979516
6,-1.0,0.5617234468937876,0.8945972499697216,-0.025447777129509696
6,-1.0,0.5660921843687375,0.8950541299459955,-0.0243434367313459
6,-1.0,0.5704609218436874,0.8955302783897259,-0.023235859423895226
6,-1.0,0.5748296593186373,0.8960254475728917,-0.02212502833696483
6,-1.0,0.5791983967935872,0.8965393931243397,-0.02101092759984612
6,-1.0,0.5835671342685371,0.897071873986066,-0.019893542313202558
6,-1.0,0.587935871743487,0.8976226523692856,-0.018772858521529993
6,-1.0,0.5923046092184369,0.8981914937115983,-0.017648863186395178
6,-1.0,0.5966733466933868,0.898778166633834,-0.016521544160200827
6,-1.0,0.6010420841683367,0.8993824428979953,-0.01539089016073158
6,-1.0,0.6054108216432866,0.9000040973650943,-0.014256890746205182
6,-1.0,0.6097795591182364,0.9006429079538376,-0.013119536291060272
6,-1.0,0.6141482965931864,0.9012986555994006,-0.011978817962237537
6,-1.0,0.6185170340681363,0.9019711242127915,-0.010834727696126987
6,-1.0,0.6228857715430862,0.9026601006406092,-0.009687258176048482
6,-1.0,0.6272545090180361,0.9033653746253548,-0.008536402810378646
6,-1.0,0.631623246492986,0.9040867387658804,-0.007382155711116572
6,-1.0,0.6359919839679359,0.9048239884785927,-0.006224511673089383
6,-1.0,0.6403607214428858,0.9055769219588402,-0.005063466153644472
6,-1.0,0.6447294589178357,0.9063453401429863,-0.0038990152529081714
6,-1.0,0.6490981963927855,0.9071290466705955,-0.0027311556944657743
6,-1.0,0.6534669338677355,0.9079278478473246,-0.0015598848066384124
6,-1.0,0.6578356713426854,0.9087415526081289,-0.00038520050419199895
6,-1.0,0.6622044088176353,0.9095699724809495,0.0007928987294569174
6,-1.0,0.6665731462925852,0.9104129215506818,0.001974413859608895
6,-1.0,0.670941883767535,0.911270216423805,0.003159345317128198
6,-1.0,0.675310621242485,0.9121416761933044,0.004347693014884466
6,-1.0,0.6796793587174349,0.9130271224039891,0.005539456363776344
6,-1.0,0.6840480961923848,0.9139263790182786,0.006734634288305124
6,-1.0,0.6884168336673347,0.9148392723824494,0.007933225241727532
6,-1.0,0.6927855711422846,0.9157656311932899,0.00913522722082341
6,-1.0,0.6971543086172345,0.9167052864650896,0.010340637780256592
6,-1.0,0.7015230460921844,0.9176580714971504,0.011549454046563027
6,-1.0,0.7058917835671343,0.9186238218416172,0.012761672731766394
6,-1.0,0.7102605210420841,0.919602375271814,0.013977290146590651
6,-1.0,0.7146292585170341,0.9205935717509599,0.015196302213341544
6,-1.0,0.718997995991984,0.9215972534012173,0.01641870447845522
6,-1.0,0.7233667334669339,0.9226132644732615,0.01764449212466746
6,-1.0,0.7277354709418838,0.9236414513161022,0.0188736599828975
6,-1.0,0.7321042084168337,0.9246816623475039,0.020106202543736046
6,-1.0,0.7364729458917836,0.9257337480246094,0.02134211396870248
6,-1.0,0.7408416833667335,0.9267975608150705,0.02258138810111919
6,-1.0,0.7452104208416834,0.9278729551684491,0.023824018476767187
6,-1.0,0.7495791583166332,0.9289597874882247,0.025069998334123027
6,-1.0,0.7539478957915832,0.930057916103904,0.02631932062446508
6,-1.0,0.7583166332665331,0.931167201243708,0.027571978021578403
6,-1.0,0.762685370741483,0.9322875050075417,0.028827962931255616
6,-1.0,0.7670541082164329,0.9334186913404214,0.03008726750047765
6,-1.0,0.7714228456913828,0.9345606260061103,0.03134988362642093
6,-1.0,0.7757915831663327,0.9357131765613196,0.03261580296511916
6,-1.0,0.7801603206412826,0.9368762123300594,0.033885016939964895
6,-1.0,0.7845290581162325,0.9380496043786013,0.03515751674987427
6,-1.0,0.7888977955911824,0.9392332254904511,0.03643329337736931
6,-1.0,0.7932665330661323,0.9404269501420638,0.037712337596244004
6,-1.0,0.7976352705410822,0.9416306544785378,0.03899463997920386
6,-1.0,0.8020040080160321,0.9428442162899332,0.040280190905124115
6,-1.0,0.806372745490982,0.9440675149877376,0.041568980566233864
6,-1.0,0.8107414829659318,0.9453004315818125,0.04286099897498247
6,-1.0,0.8151102204408818,0.9465428486574848,0.044156235970828364
6,-1.0,0.8194789579158317,0.9477946503532152,0.04545468122670573
6,-1.0,0.8238476953907816,0.9490557223383278,0.04675632425542605
6,-1.0,0.8282164328657315,0.9503259517912476,0.048061154415811096
6,-1.0,0.8325851703406814,0.9516052273779944,0.049369160918673965
6,-1.0,0.8369539078156313,0.9528934392308679,0.050680332832697336
6,-1.0,0.8413226452905812,0.9541904789277611,0.05199465908995722
6,-1.0,0.8456913827655311,0.9554962394713449,0.05331212849154189
6,-1.0,0.8500601202404809,0.9568106152688943,0.05463272971280314
6,-1.0,0.8544288577154309,0.9581335021122767,0.05595645130853054
6,-1.0,0.8587975951903808,0.9594647971582144,0.05728328171800666
6,-1.0,0.8631663326653307,0.9608043989089103,0.05861320926984045
6,-1.0,0.8675350701402806,0.9621522071928723,0.05994622218673771
6,-1.0,0.8719038076152305,0.9635081231460776,0.06128230859008149
6,-1.0,0.8762725450901804,0.964872049193402,0.06262145650438691
6,-1.0,0.8806412825651303,0.9662438890303067,0.06396365386164886
6,-1.0,0.8850100200400802,0.9676235476048316,0.06530888850552594
6,-1.0,0.88937875751503,0.9690109310997665,0.06665714819545969
6,-1.0,0.89374749498998,0.9704059469152511,0.06800842061057007
6,-1.0,0.8981162324649299,0.97180850365143,0.06936269335356793
6,-1.0,0.9024849699398798,0.9732185110915229,0.07071995395444529
6,-1.0,0.9068537074148297,0.974635880185024,0.07208018987413778
6,-1.0,0.9112224448897795,0.9760605230313604,0.07344338850794668
6,-1.0,0.9155911823647295,0.9774923528634398,0.07480953718908137
6,-1.0,0.9199599198396794,0.9789312840318571,0.0761786231918351
6,-1.0,0.9243286573146293,0.9803772319889531,0.07755063373491351
6,-1.0,0.9286973947895791,0.9818301132734011,0.07892555598447007
6,-1.0,0.9330661322645291,0.9832898454948973,0.08030337705714131
6,-1.0,0.937434869739479,0.9847563473190485,0.08168408402300735
6,-1.0,0.9418036072144289,0.9862295384525565,0.08306766390841017
6,-1.0,0.9461723446893788,0.9877093396286015,0.08445410369872748
6,-1.0,0.9505410821643286,0.9891956725924315,0.0858433903410388
6,-1.0,0.9549098196392786,0.9906884600871895,0.08723551074671128
6,-1.0,0.9592785571142285,0.9921876258398814,0.08863045179397565
6,-1.0,0.9636472945891784,0.993693094547698,0.0900282003302779
6,-1.0,0.9680160320641283,0.9952047918644276,0.09142874317470034
6,-1.0,0.9723847695390782,0.9967226443870341,0.09283206712027392
6,-1.0,0.9767535070140281,0.9982465796425937,0.0942381589361654
6,-1.0,0.981122244488978,0.9997765260752585,0.09564700536987002
6,-1.0,0.9854909819639279,1.0013124130335764,0.09705859314926302
6,-1.0,0.9898597194388777,1.002854170757846,0.09847290898466787
6,-1.0,0.9942284569138277,1.0044017303677664,0.09988993957081167
6,-1.0,0.9985971943887776,1.0059550238501573,0.10130967158877628
6,-1.0,1.0029659318637274,1.0075139840471448,0.10273209170771756
6,-1.0,1.0073346693386773,1.0090785446440844,0.10415718658682362
6,-1.0,1.0117034068136272,1.0106486401580634,0.10558494287693533
6,-1.0,1.0160721442885772,1.012224205926332,0.1070153472223009
6,-1.0,1.020440881763527,1.01380517809507,0.10844838626213867
6,-1.0,1.024809619238477,1.0153914936081607,0.10988404663228976
6,-1.0,1.029178356713427,1.0169830901962649,0.11132231496671013
6,-1.0,1.0335470941883769,1.0185799063659755,0.11276317789898585
6,-1.0,1.0379158316633268,1.02018188138926,0.1142066220636962
6,-1.0,1.0422845691382765,1.0217889552928288,0.11565263409791765
6,-1.0,1.0466533066132264,1.0234010688479016,0.11710120064250544
6,-1.0,1.0510220440881763,1.0250181635599953,0.11855230834342284
6,-1.0,1.0553907815631263,1.02664018165892,0.12000594385298284
6,-1.0,1.0597595190380762,1.0282670660888662,0.1214620938311203
6,-1.0,1.0641282565130261,1.0298987604986936,0.12292074494655351
6,-1.0,1.068496993987976,1.0315352092323642,0.12438188387792806
6,-1.0,1.072865731462926,1.0331763573194794,0.1258454973149475
6,-1.0,1.0772344689378759,1.0348221504659836,0.12731157195944404
6,-1.0,1.0816032064128256,1.0364725350449875,0.12878009452645262
6,-1.0,1.0859719438877755,1.0381274580877626,0.13025105174518462
6,-1.0,1.0903406813627254,1.0397868672748611,0.1317244303600114
6,-1.0,1.0947094188376754,1.041450710927336,0.13320021713142569
6,-1.0,1.0990781563126253,1.0431189379980945,0.134678398836975
6,-1.0,1.1034468937875752,1.0447914980634443,0.136158962272102
6,-1.0,1.1078156312625251,1.046468341314672,0.13764189425105933
6,-1.0,1.112184368737475,1.048149418549829,0.13912718160768917
6,-1.0,1.116553106212425,1.0498346811655621,0.1406148111962809
6,-1.0,1.1209218436873747,1.0515240811491402,0.14210476989230605
6,-1.0,1.1252905811623246,1.0532175710705722,0.1435970445931632
6,-1.0,1.1296593186372745,1.0549151040747968,0.1450916222189475
6,-1.0,1.1340280561122245,1.0566166338740126,0.14658848971315533
6,-1.0,1.1383967935871744,1.0583221147401942,0.1480876340433097
6,-1.0,1.1427655310621243,1.0600315014976116,0.14958904220166264
6,-1.0,1.1471342685370742,1.0617447495155217,0.15109270120581045
6,-1.0,1.1515030060120242,1.0634618147009165,0.15259859809934162
6,-1.0,1.155871743486974,1.0651826534914588,0.15410671995238676
6,-1.0,1.1602404809619238,1.0669072228484648,0.15561705386219435
6,-1.0,1.1646092184368737,1.0686354802499551,0.15712958695373547
6,-1.0,1.1689779559118236,1.0703673836839132,0.1586443063801724
6,-1.0,1.1733466933867736,1.07210289164151,0.16016119932344822
6,-1.0,1.1777154308617235,1.073841963110593,0.1616802529946813
6,-1.0,1.1820841683366734,1.0755845575690814,0.16320145463475386
6,-1.0,1.1864529058116233,1.0773306349785912,0.16472479151472935
6,-1.0,1.1908216432865733,1.0790801557781156,0.16625025093629378
6,-1.0,1.1951903807615232,1.0808330808778033,0.16777782023218513
6,-1.0,1.1995591182364729,1.0825893716527872,0.16930748676664278
6,-1.0,1.2039278557114228,1.0843489899371683,0.17083923793576608
6,-1.0,1.2082965931863727,1.0861118980180033,0.17237306116796297
6,-1.0,1.2126653306613226,1.0878780586295236,0.17390894392422143
6,-1.0,1.2170340681362726,1.0896474349471912,0.17544687369861645
6,-1.0,1.2214028056112225,1.0914199905821798,0.17698683801847856
6,-1.0,1.2257715430861724,1.0931956895755475,0.17852882444491314
6,-1.0,1.2301402805611223,1.0949744963928894,0.1800728205729378
6,-1.0,1.2345090180360723,1.0967563759186787,0.1816188140319814
6,-1.0,1.238877755511022,1.0985412934510723,0.18316679248597909
6,-1.0,1.243246492985972,1.1003292146964168,0.18471674363385557
6,-1.0,1.2476152304609218,1.1021201057641539,0.1862686552096551
6,-1.0,1.2519839679358717,1.1039139331615848,0.18782251498288033
6,-1.0,1.2563527054108217,1.105710663788839,0.18937831075868405
6,-1.0,1.2607214428857716,1.1075102649338087,0.19093603037818663
6,-1.0,1.2650901803607215,1.1093127042672095,0.1924956617186909
6,-1.0,1.2694589178356714,1.1111179498377817,0.19405719269383293
6,-1.0,1.2738276553106214,1.1129259700674023,0.19562061125388538
6,-1.0,1.278196392785571,1.114736733746373,0.1971859053859558
6,-1.0,1.282565130260521,1.116550210028801,0.19875306311410418
6,-1.0,1.286933867735471,1.1183663684279392,0.20032207249962272
6,-1.0,1.2913026052104208,1.1201851788116712,0.20189292164116737
6,-1.0,1.2956713426853708,1.1220066113980551,0.20346559867494457
6,-1.0,1.3000400801603207,1.1238306367508788,0.20504009177487378
6,-1.0,1.3044088176352706,1.125657225775345,0.20661638915274663
6,-1.0,1.3087775551102205,1.1274863497137924,0.2081944790583459
6,-1.0,1.3131462925851705,1.1293179801414033,0.20977434977966622
6,-1.0,1.3175150300601204,1.1311520889621247,0.21135598964295335
6,-1.0,1.32188376753507,1.1329886484045013,0.21293938701290063
6,-1.0,1.32625250501002,1.1348276310176497,0.2145245302927317
6,-1.0,1.33062124248497,1.136669009667234,0.21611140792436256
6,-1.0,1.3349899799599199,1.1385127575315617,0.21770000838846185
6,-1.0,1.3393587174348698,1.1403588480976792,0.21929032020457992
6,-1.0,1.3437274549098197,1.1422072551575597,0.22088233193122245
6,-1.0,1.3480961923847696,1.144057952804281,0.2224760321660046
6,-1.0,1.3524649298597196,1.1459109154283404,0.2240714095456688
6,-1.0,1.3568336673346695,1.1477661177139877,0.2256684527461824
6,-1.0,1.3612024048096192,1.1496235346355426,0.22726715048286475
6,-1.0,1.365571142284569,1.1514831414538933,0.22886749151038513
6,-1.0,1.369939879759519,1.1533449137129255,0.23046946462287415
6,-1.0,1.374308617234469,1.155208827236058,0.2320730586539798
6,-1.0,1.3786773547094189,1.1570748581228099,0.23367826247691373
6,-1.0,1.3830460921843688,1.158942982745445,0.23528506500450047
6,-1.0,1.3874148296593187,1.160813177745578,0.23689345518926158
6,-1.0,1.3917835671342687,1.1626854200309242,0.23850342202343852
6,-1.0,1.3961523046092186,1.1645596867720902,0.24011495453897094
6,-1.0,1.4005210420841683,1.1664359553992865,0.24172804180764942
6,-1.0,1.4048897795591182,1.1683142035992171,0.24334267294107478
6,-1.0,1.4092585170340681,1.1701944093119807,0.24495883709068428
6,-1.0,1.413627254509018,1.1720765507279545,0.24657652344781084
6,-1.0,1.417995991983968,1.1739606062848087,0.24819572124366263
6,-1.0,1.422364729458918,1.175846554664456,0.24981641974939717
6,-1.0,1.4267334669338678,1.1777343747901565,0.25143860827608383
6,-1.0,1.4311022044088177,1.17962404582359,0.2530622761747214
6,-1.0,1.4354709418837677,1.1815155471619627,0.2546874128362888
6,-1.0,1.4398396793587174,1.1834088584351834,0.25631400769171186
6,-1.0,1.4442084168336673,1.1853039595031032,0.2579420502118478
6,-1.0,1.4485771543086172,1.1872008304527035,0.25957152990752946
6,-1.0,1.4529458917835671,1.189099451595382,0.26120243632956924
6,-1.0,1.457314629258517,1.1909998034643128,0.26283475906867515
6,-1.0,1.461683366733467,1.1929018668117408,0.2644684877555302
6,-1.0,1.466052104208417,1.1948056226064054,0.26610361206072347
6,-1.0,1.4704208416833668,1.1967110520309343,0.2677401216947597
6,-1.0,1.4747895791583168,1.198618136479323,0.2693780064080259
6,-1.0,1.4791583166332665,1.2005268575543677,0.2710172559908302
6,-1.0,1.4835270541082164,1.202437197065276,0.27265786027326544
6,-1.0,1.4878957915831663,1.2043491370251245,0.27429980912530993
6,-1.0,1.4922645290581162,1.206262659648524,0.2759430924566984
6,-1.0,1.4966332665330662,1.208177747349147,0.2775877002170071
6,-1.0,1.501002004008016,1.210094382737492,0.2792336223954711
6,-1.0,1.505370741482966,1.2120125486184463,0.28088084902110255
6,-1.0,1.509739478957916,1.213932227989063,0.28252937016257196
6,-1.0,1.5141082164328659,1.215853404036272,0.2841791759282022
6,-1.0,1.5184769539078156,1.2177760601346854,0.2858302564658774
6,-1.0,1.5228456913827655,1.2197001798443352,0.287482601963091
6,-1.0,1.5272144288577154,1.2216257469085299,0.2891362026468598
6,-1.0,1.5315831663326653,1.223552745251736,0.2907910487836332
6,-1.0,1.5359519038076153,1.2254811589773806,0.292447130679369
6,-1.0,1.5403206412825652,1.227410972365876,0.29410443867930747
6,-1.0,1.544689378757515,1.229342169872416,0.2957629631681416
6,-1.0,1.549058116232465,1.2312747361250802,0.297422694569744
6,-1.0,1.553426853707415,1.23320865592268,0.2990836233473253
6,-1.0,1.5577955911823649,1.2351439142329141,0.3007457400031833
6,-1.0,1.5621643286573146,1.237080496190269,0.3024090350788365
6,-1.0,1.5665330661322645,1.2390183870942013,0.30407349915481013
6,-1.0,1.5709018036072144,1.2409575724071573,0.3057391228506665
6,-1.0,1.5752705410821644,1.2428980377527077,0.30740589682492525
6,-1.0,1.5796392785571143,1.2448397689136668,0.30907381177502097
6,-1.0,1.5840080160320642,1.2467827518302947,0.3107428584371893
6,-1.0,1.5883767535070141,1.2487269725984171,0.31241302758648876
6,-1.0,1.592745490981964,1.250672417467719,0.31408431003661924
6,-1.0,1.597114228456914,1.252619072839865,0.3157566966400072
6,-1.0,1.6014829659318637,1.2545669252668585,0.3174301782875957
6,-1.0,1.6058517034068136,1.2565159614492414,0.3191047459088696
6,-1.0,1.6102204408817635,1.258466168234415,0.3207803904717639
6,-1.0,1.6145891783567135,1.2604175326149623,0.3224571029825752
6,-1.0,1.6189579158316634,1.2623700417269708,0.3241348744859202
6,-1.0,1.6233266533066133,1.2643236828484223,0.3258136960646207
6,-1.0,1.6276953907815632,1.2662784433975094,0.32749355883971226
6,-1.0,1.6320641282565131,1.2682343109311058,0.32917445397027895
6,-1.0,1.636432865731463,1.2701912731431502,0.33085637265342444
6,-1.0,1.6408016032064128,1.272149317863068,0.33253930612421734
6,-1.0,1.6451703406813627,1.2741084330542667,0.3342232456555714
6,-1.0,1.6495390781563126,1.276068606812593,0.33590818255819527
6,-1.0,1.6539078156312625,1.278029827364835,0.33759410818049307
6,-1.0,1.6582765531062125,1.2799920830672082,0.33928101390854964
6,-1.0,1.6626452905811624,1.2819553624039453,0.3409688911659418
6,-1.0,1.6670140280561123,1.2839196539857929,0.3426577314137627
6,-1.0,1.6713827655310622,1.2858849465486155,0.3443475261504714
6,-1.0,1.6757515030060122,1.2878512289519444,0.34603826691187595
6,-1.0,1.6801202404809619,1.2898184901776248,0.34772994527098106
6,-1.0,1.6844889779559118,1.2917867193284158,0.34942255283793927
6,-1.0,1.6888577154308617,1.2937559056266155,0.3511160812599831
6,-1.0,1.6932264529058116,1.2957260384127283,0.35281052222131853
6,-1.0,1.6975951903807616,1.2976971071441346,0.3545058674430489
6,-1.0,1.7019639278557115,1.2996691013937798,0.3562021086830763
6,-1.0,1.7063326653306614,1.3016420108488733,0.3578992377360274
6,-1.0,1.7107014028056113,1.3036158253095844,0.35959724643319513
6,-1.0,1.7150701402805613,1.305590534687832,0.36129612664236793
6,-1.0,1.719438877755511,1.3075661290059741,0.3629958702678384
6,-1.0,1.7238076152304609,1.3095425983955977,0.36469646925025695
6,-1.0,1.7281763527054108,1.3115199330963085,0.3663979155665476
6,-1.0,1.7325450901803607,1.3134981234544882,0.36810020122986875
6,-1.0,1.7369138276553107,1.3154771599221549,0.36980331828942914
6,-1.0,1.7412825651302606,1.3174570330557382,0.3715072588304733
6,-1.0,1.7456513026052105,1.3194377335149394,0.37321201497417916
6,-1.0,1.7500200400801604,1.3214192520615593,0.3749175788775611
6,-1.0,1.7543887775551104,1.3234015795584024,0.37662394273335015
6,-1.0,1.75875751503006,1.3253847069681195,0.3783310987699258
6,-1.0,1.76312625250501,1.3273686253521086,0.38003903925124044
6,-1.0,1.76749498997996,1.3293533258694117,0.3817477564767066
6,-1.0,1.7718637274549098,1.3313387997756614,0.3834572427810717
6,-1.0,1.7762324649298598,1.3333250384219661,0.3851674905343929
6,-1.0,1.7806012024048097,1.335312033253892,0.3868784921418798
6,-1.0,1.7849699398797596,1.3372997758103893,0.3885902400438485
6,-1.0,1.7893386773547095,1.3392882577227756,0.3903027267155809
6,-1.0,1.7937074148296595,1.3412774707137174,0.3920159446672581
6,-1.0,1.7980761523046092,1.3432674065961943,0.3937298864438813
6,-1.0,1.802444889779559,1.345258057272557,0.3954445446250997
6,-1.0,1.806813627254509,1.3472494147334806,0.3971599118252133
6,-1.0,1.811182364729459,1.3492414710570284,0.3988759806930105
6,-1.0,1.8155511022044089,1.3512342184076878,0.4005927439116697
6,-1.0,1.8199198396793588,1.3532276490353856,0.4023101941987338
6,-1.0,1.8242885771543087,1.355221755274613,0.4040283243058914
6,-1.0,1.8286573146292586,1.3572165295434397,0.4057471270189725
6,-1.0,1.8330260521042085,1.3592119643426064,0.40746659515784417
6,-1.0,1.8373947895791582,1.3612080522546308,0.40918672157627795
6,-1.0,1.8417635270541082,1.363204785942927,0.41090749916182084
6,-1.0,1.846132264529058,1.3652021581508635,0.4126289208358122
6,-1.0,1.850501002004008,1.36720016170095,0.4143509795531443
6,-1.0,1.854869739478958,1.3691987894939222,0.4160736683022756
6,-1.0,1.8592384769539079,1.3711980345079224,0.4177969801050482
6,-1.0,1.8636072144288578,1.3731978897976358,0.4195209080166324
6,-1.0,1.8679759519038077,1.3751983484934514,0.421245445125415
6,-1.0,1.8723446893787576,1.3771994038006348,0.42297058455291325
6,-1.0,1.8767134268537076,1.37920104899853,0.424696319453631
6,-1.0,1.8810821643286573,1.3812032774397236,0.42642264301501376
6,-1.0,1.8854509018036072,1.383206082549267,0.42814954845730757
6,-1.0,1.8898196392785571,1.3852094578238836,0.42987702903346103
6,-1.0,1.894188376753507,1.3872133968311742,0.4316050780290481
6,-1.0,1.898557114228457,1.3892178932088777,0.43333368876211525
6,-1.0,1.902925851703407,1.391222940664061,0.43506285458315663
6,-1.0,1.9072945891783568,1.393228532972415,0.43679256887492807
6,-1.0,1.9116633266533067,1.3952346639774607,0.43852282505242446
6,-1.0,1.9160320641282567,1.397241327589854,0.44025361656270695
6,-1.0,1.9204008016032064,1.3992485177866352,0.4419849368848384
6,-1.0,1.9247695390781563,1.4012562286105215,0.4437167795297634
6,-1.0,1.9291382765531062,1.4032644541691655,0.4454491380402419
6,-1.0,1.9335070140280561,1.4052731886344978,0.44718200599068
6,-1.0,1.937875751503006,1.4072824262419943,0.4489153769870738
6,-1.0,1.942244488977956,1.4092921612899882,0.4506492446669338
6,-1.0,1.946613226452906,1.4113023881390139,0.45238360269910194
6,-1.0,1.9509819639278558,1.413313101211123,0.45411844478369046
6,-1.0,1.9553507014028058,1.4153242949892109,0.4558537646519974
6,-1.0,1.9597194388777555,1.4173359640163694,0.4575895560663577
6,-1.0,1.9640881763527054,1.419348102895215,0.4593258128201082
6,-1.0,1.9684569138276553,1.4213607062872835,0.46106252873738746
6,-1.0,1.9728256513026052,1.4233737689123673,0.4627996976731091
6,-1.0,1.9771943887775552,1.42538728554789,0.4645373135128266
6,-1.0,1.981563126252505,1.4274012510282863,0.46627537017263726
6,-1.0,1.985931863727455,1.429415660244389,0.4680138615990687
6,-1.0,1.990300601202405,1.431430508142825,0.46975278176898216
6,-1.0,1.9946693386773549,1.433445789725403,0.4714921246894659
6,-1.0,1.9990380761523046,1.4354615000485245,0.47323188439773667
6,-1.0,2.0034068136272545,1.4374776342226074,0.474972054961011
6,-1.0,2.0077755511022044,1.439494187411486,0.4767126304764329
6,-1.0,2.0121442885771543,1.4415111548318436,0.4784536050709531
6,-1.0,2.0165130260521043,1.4435285317526454,0.4801949729012237
6,-1.0,2.020881763527054,1.4455463134945787,0.481936728153497
6,-1.0,2.025250501002004,1.4475644954295013,0.48367886504349683
6,-1.0,2.029619238476954,1.4495830729798596,0.4854213778163884
6,-1.0,2.033987975951904,1.4516020416182034,0.487164260746554
6,-1.0,2.038356713426854,1.4536213968665874,0.4889075081376091
6,-1.0,2.042725450901804,1.4556411342960793,0.49065111432221226
6,-1.0,2.0470941883767537,1.4576612495262251,0.49239507366199387
6,-1.0,2.0514629258517036,1.4596817382245126,0.49413938054746614
6,-1.0,2.0558316633266536,1.4617025961058703,0.4958840293978969
6,-1.0,2.060200400801603,1.463723818932171,0.4976290146611922
6,-1.0,2.064569138276553,1.4657454025117114,0.4993743308138062
6,-1.0,2.068937875751503,1.4677673426987163,0.5011199723606455
6,-1.0,2.073306613226453,1.4697896353928341,0.5028659338349897
6,-1.0,2.0776753507014027,1.4718122765386958,0.5046122097982837
6,-1.0,2.0820440881763527,1.4738352621253794,0.5063587948401577
6,-1.0,2.0864128256513026,1.4758585881859594,0.508105683578251
6,-1.0,2.0907815631262525,1.4778822507970388,0.5098528706581239
6,-1.0,2.0951503006012024,1.4799062460782801,0.5116003507531409
6,-1.0,2.0995190380761524,1.4819305701919319,0.5133481185644009
6,-1.0,2.1038877755511023,1.4839552193424017,0.5150961688205712
6,-1.0,2.108256513026052,1.4859801897757536,0.5168444962778956
6,-1.0,2.112625250501002,1.4880054777793368,0.5185930957199157
6,-1.0,2.116993987975952,1.4900310796812777,0.520341961957541
6,-1.0,2.121362725450902,1.4920569918500735,0.5220910898288423
6,-1.0,2.125731462925852,1.494083210694162,0.5238404741989788
6,-1.0,2.130100200400802,1.4961097326614876,0.5255901099600877
6,-1.0,2.1344689378757518,1.4981365542390785,0.527339992031183
6,-1.0,2.1388376753507012,1.5001636719526326,0.5290901153580578
6,-1.0,2.143206412825651,1.5021910823661098,0.5308404749131611
6,-1.0,2.147575150300601,1.504218782081309,0.5325910656955113
6,-1.0,2.151943887775551,1.50624676773748,0.5343418827305876
6,-1.0,2.156312625250501,1.5082750360109092,0.5360929210702233
6,-1.0,2.160681362725451,1.510303583614531,0.5378441757925152
6,-1.0,2.165050100200401,1.5123324072975401,0.5395956420016951
6,-1.0,2.1694188376753507,1.514361503845,0.5413473148280454
6,-1.0,2.1737875751503006,1.5163908700774584,0.5430991894277968
6,-1.0,2.1781563126252506,1.5184205028505857,0.5448512609829895
6,-1.0,2.1825250501002005,1.520450399054754,0.546603524701458
6,-1.0,2.1868937875751504,1.5224805556147307,0.5483559758166122
6,-1.0,2.1912625250501003,1.5245109694892625,0.5501086095874137
6,-1.0,2.1956312625250503,1.5265416376707324,0.5518614212982651
6,-1.0,2.2,1.5285725571848048,0.5536144062588614
7,-1.2,0.02,1.0875144383772453,0.09428750951891887
7,-1.2,0.0243687374749499,1.08214259349132,0.09123083114732777
7,-1.2,0.0287374749498998,1.0768822022396984,0.08820603518295192
7,-1.2,0.0331062124248497,1.0717317869881582,0.08521335039515376
7,-1.2,0.0374749498997996,1.0666898792747337,0.08225299342596099
7,-1.2,0.0418436873747495,1.0617550200049266,0.07932516876854272
7,-1.2,0.046212424849699396,1.0569257596500523,0.07643006875870435
7,-1.2,0.0505811623246493,1.0522006584477366,0.07356787357918172
7,-1.2,0.0549498997995992,1.0475782866040673,0.07073875127700129
7,-1.2,0.0593186372745491,1.0430572244964842,0.0679428577935797
7,-1.2,0.063687374749499,1.0386360628768885,0.06518033700776622
7,-1.2,0.0680561122244489,1.0343134030742562,0.062451320791583734
7,-1.2,0.0724248496993988,1.0300878571959073,0.05975592907839176
7,-1.2,0.0767935871743487,1.0259580483269708,0.05709426994348554
7,-1.2,0.0811623246492986,1.0219226107273534,0.054466439696767524
7,-1.2,0.0855310621242485,1.0179801900254313,0.051872522987158706
7,-1.2,0.0898997995991984,1.0141294434082015,0.04931259291864379
7,-1.2,0.0942685370741483,1.010369039806902,0.046786711177375914
7,-1.2,0.0986372745490982,1.006697660077907,0.044294928169606625
7,-1.2,0.1030060120240481,1.0031139971782186,0.04183728317005112
7,-1.2,0.107374749498998,0.9996167563350785,0.03941380448017875
7,-1.2,0.1117434869739479,0.9962046552092394,0.03702450959605339
7,-1.2,0.11611222444889781,0.9928764240515203,0.03466940538520715
7,-1.2,0.1204809619238477,0.9896308058522485,0.03234848827215258
7,-1.2,0.1248496993987976,0.9864665564832139,0.030061744431928907
7,-1.2,0.12921843687374748,0.9833824448317232,0.02780914999118689
7,-1.2,0.13358717434869738,0.9803772529267599,0.025590671236419324
7,-1.2,0.1379559118236473,0.9774497760565495,0.023406264828586137
7,-1.2,0.1423246492985972,0.9745988228778498,0.021255878023862126
7,-1.2,0.1466933867735471,0.9718232155162089,0.019139448899680115
7,-1.2,0.151062124248497,0.9691217896575721,0.017056906585825496
7,-1.2,0.1554308617234469,0.9664933946307329,0.015008171499815473
7,-1.2,0.15979959919839679,0.9639368934807827,0.012993155586169963
7,-1.2,0.16416833667334668,0.9614511630333578,0.01101176255897276
7,-1.2,0.16853707414829658,0.9590350939497178,0.009063888147246554
7,-1.2,0.17290581162324647,0.9566875907727211,0.0071494203426164015
7,-1.2,0.17727454909819637,0.954407571963656,0.005268239648784126
7,-1.2,0.1816432865731463,0.9521939699299082,0.0034202193322519486
7,-1.2,0.1860120240480962,0.9500457310438251,0.0016052256739708796
7,-1.2,0.1903807615230461,0.947961815652485,-0.0001768817787521406
7,-1.2,0.19474949899799598,0.9459411980789604,-0.0019262499602812847
7,-1.2,0.19911823647294588,0.943982866614782,-0.0036430320352788385
7,-1.2,0.20348697394789578,0.9420858235041066,-0.005327387148175394
7,-1.2,0.20785571142284567,0.9402490849195712,-0.006979480173937356
7,-1.2,0.2122244488977956,0.9384716809302058,-0.008599481470486463
7,-1.2,0.2165931863727455,0.9367526554614376,-0.010187566633145375
7,-1.2,0.2209619238476954,0.9350910662475203,-0.011743916251417255
7,-1.2,0.2253306613226453,0.9334859847766983,-0.013268715668394456
7,-1.2,0.22969939879759518,0.9319364962291689,-0.014762154743155766
7,-1.2,0.23406813627254508,0.930441699408294,-0.016224427616334025
7,-1.2,0.23843687374749498,0.9290007066652337,-0.01765573247917186
7,-1.2,0.24280561122244487,0.9276126438171847,-0.019056271346314598
7,-1.2,0.24717434869739477,0.9262766500597882,-0.020426249832439965
7,-1.2,0.2515430861723447,0.9249918778736206,-0.02176587693307486
7,-1.2,0.2559118236472946,0.9237574929253123,-0.023075364809661426
7,-1.2,0.2602805611222445,0.9225726739634965,-0.024354928579071858
7,-1.2,0.2646492985971944,0.9214366127099495,-0.025604786107682458
7,-1.2,0.2690180360721443,0.920348513745827,-0.026825157810247746
7,-1.2,0.27338677354709423,0.9193075943940345,-0.02801626645344807
7,-1.2,0.2777555110220441,0.9183130845971527,-0.029178336964467227
7,-1.2,0.282124248496994,0.9173642267918011,-0.030311596244479395
7,-1.2,0.2864929859719439,0.916460275779503,-0.03141627298719674
7,-1.2,0.2908617234468938,0.915600498594184,-0.032492597502513355
7,-1.2,0.2952304609218437,0.9147841743668738,-0.03354080154525423
7,-1.2,0.2995991983967936,0.9140105941875666,-0.03456111814907062
7,-1.2,0.30396793587174353,0.9132790609646964,-0.03555378146549105
7,-1.2,0.3083366733466934,0.9125888892823578,-0.03651902660811076
7,-1.2,0.3127054108216433,0.9119394052555743,-0.03745708950191973
7,-1.2,0.3170741482965932,0.9113299463837397,-0.03836820673774236
7,-1.2,0.3214428857715431,0.9107598614026399,-0.03925261543175672
7,-1.2,0.325811623246493,0.9102285101350661,-0.04011055309005032
7,-1.2,0.3301803607214429,0.9097352633403353,-0.04094225747816896
7,-1.2,0.3345490981963928,0.9092795025629771,-0.041747966495589914
7,-1.2,0.3389178356713427,0.908860619980577,-0.04252791805508235
7,-1.2,0.34328657314629263,0.9084780182511928,-0.04328234996685354
7,-1.2,0.3476553106212425,0.9081311103603035,-0.044011499827439605
7,-1.2,0.3520240480961924,0.907819319467688,-0.04471560491323195
7,-1.2,0.3563927855711423,0.9075420787541554,-0.04539490207857744
7,-1.2,0.3607615230460922,0.9072988312684254,-0.046049627658365545
7,-1.2,0.3651302605210421,0.9070890297743155,-0.04668001737497175
7,-1.2,0.369498997995992,0.9069121365982645,-0.04728630624953949
7,-1.2,0.37386773547094193,0.9067676234773948,-0.04786872851742147
7,-1.2,0.3782364729458918,0.906654971408223,-0.04842751754773773
7,-1.2,0.3826052104208417,0.9065736704961215,-0.048962905766933504
7,-1.2,0.3869739478957916,0.906523219805648,-0.04947512458622233
7,-1.2,0.3913426853707415,0.9065031272119348,-0.049964404332827485
7,-1.2,0.3957114228456914,0.906512909252845,-0.05043097418492685
7,-1.2,0.4000801603206413,0.9065520909826782,-0.050875062110154544
7,-1.2,0.40444889779559123,0.906620205826752,-0.05129689480761656
7,-1.2,0.4088176352705411,0.9067167954375114,-0.051696697653263866
7,-1.2,0.413186372745491,0.9068414095519352,-0.05207469464854046
7,-1.2,0.4175551102204409,0.906993605850288,-0.052431108372203786
7,-1.2,0.4219238476953908,0.9071729498164726,-0.05276615993522822
7,-1.2,0.4262925851703407,0.9073790145999512,-0.0530800689386463
7,-1.2,0.4306613226452906,0.9076113808791225,-0.05337305343427894
7,-1.2,0.4350300601202405,0.9078696367264607,-0.05364532988822196
7,-1.2,0.4393987975951904,0.9081533774752757,-0.053897113146997445
7,-1.2,0.44376753507014033,0.908462205588126,-0.05412861640629616
7,-1.2,0.4481362725450902,0.9087957305271039,-0.054340051182168336
7,-1.2,0.4525050100200401,0.9091535686257906,-0.0545316272846225
7,-1.2,0.45687374749499,0.909535342962942,-0.0547035527935067
7,-1.2,0.4612424849699399,0.9099406832381616,-0.054856034036590354
7,-1.2,0.4656112224448898,0.9103692256491992,-0.054989275569773795
7,-1.2,0.4699799599198397,0.910820612771192,-0.05510348015931306
7,-1.2,0.4743486973947896,0.9112944934377663,-0.055198848765995054
7,-1.2,0.4787174348697395,0.9117905226238474,-0.05527558053119242
7,-1.2,0.4830861723446894,0.9123083613305416,-0.05533387276467538
7,-1.2,0.4874549098196393,0.9128476764716519,-0.0553739209341597
7,-1.2,0.4918236472945892,0.9134081407622004,-0.055395918656470186
7,-1.2,0.4961923847695391,0.9139894326087258,-0.05540005769025944
7,-1.2,0.500561122244489,0.9145912360015255,-0.05538652793024475
7,-1.2,0.5049298597194388,0.915213240408558,-0.05535551740281789
7,-1.2,0.5092985971943887,0.9158551406713283,-0.055307212263044185
7,-1.2,0.5136673346693387,0.9165166369025483,-0.05524179679293025
7,-1.2,0.5180360721442886,0.9171974343856487,-0.05515945340093408
7,-1.2,0.5224048096192385,0.9178972434759899,-0.05506036262260933
7,-1.2,0.5267735470941884,0.9186157795039137,-0.054944703122381484
7,-1.2,0.5311422845691383,0.9193527626795664,-0.05481265169635462
7,-1.2,0.5355110220440882,0.9201079179995003,-0.05466438327612871
7,-1.2,0.5398797595190381,0.9208809751548976,-0.054500070933536114
7,-1.2,0.544248496993988,0.9216716684416552,-0.05431988588627682
7,-1.2,0.548617234468938,0.922479736672007,-0.05412399750439937
7,-1.2,0.5529859719438878,0.9233049230879863,-0.053912573317569504
7,-1.2,0.5573547094188377,0.9241469752764028,-0.05368577902307579
7,-1.2,0.5617234468937876,0.9250056450854929,-0.05344377849454332
7,-1.2,0.5660921843687375,0.9258806885432431,-0.05318673379132065
7,-1.2,0.5704609218436874,0.9267718657772307,-0.05291480516847133
7,-1.2,0.5748296593186373,0.9276789409360282,-0.05262815108734135
7,-1.2,0.5791983967935872,0.9286016821122052,-0.05232692822669112
7,-1.2,0.5835671342685371,0.9295398612667923,-0.05201129149430669
7,-1.2,0.587935871743487,0.9304932541552624,-0.051681394039100936
7,-1.2,0.5923046092184369,0.9314616402550719,-0.05133738726366998
7,-1.2,0.5966733466933868,0.9324448026944118,-0.050979420837202395
7,-1.2,0.6010420841683367,0.9334425281826745,-0.05060764270882687
7,-1.2,0.6054108216432866,0.9344546069421436,-0.05022219912127609
7,-1.2,0.6097795591182364,0.9354808326410692,-0.049823234624867284
7,-1.2,0.6141482965931864,0.9365210023282,-0.04941089209180395
7,-1.2,0.6185170340681363,0.9375749163685086,-0.04898531273070295
7,-1.2,0.6228857715430862,0.9386423783803379,-0.0485466361014122
7,-1.2,0.6272545090180361,0.9397231951737542,-0.04809500013001578
7,-1.2,0.631623246492986,0.9408171766902249,-0.04763054112405565
7,-1.2,0.6359919839679359,0.9419241359434474,-0.047153393787914215
7,-1.2,0.6403607214428858,0.9430438889614611,-0.04666369123837668
7,-1.2,0.6447294589178357,0.9441762547299489,-0.04616156502031886
7,-1.2,0.6490981963927855,0.9453210551366433,-0.045647145122510155
7,-1.2,0.6534669338677355,0.9464781149169468,-0.04512055999353759
7,-1.2,0.6578356713426854,0.9476472616005917,-0.04458193655778366
7,-1.2,0.6622044088176353,0.9488283254595393,-0.04403140023153174
7,-1.2,0.6665731462925852,0.9500211394567925,-0.04346907493906321
7,-1.2,0.670941883767535,0.9512255391963655,-0.042895083128840814
7,-1.2,0.675310621242485,0.9524413628742522,-0.04230954578969526
7,-1.2,0.6796793587174349,0.9536684512305076,-0.04171258246707636
7,-1.2,0.6840480961923848,0.9549066475020712,-0.0411043112792081
7,-1.2,0.6884168336673347,0.9561557973768791,-0.040484848933363474
7,-1.2,0.6927855711422846,0.9574157489487116,-0.03985431074202153
7,-1.2,0.6971543086172345,0.9586863526730566,-0.03921281063905637
7,-1.2,0.7015230460921844,0.9599674613238754,-0.0385604611958521
7,-1.2,0.7058917835671343,0.9612589299512462,-0.037897373637388286
7,-1.2,0.7102605210420841,0.9625606158398924,-0.03722365785827641
7,-1.2,0.7146292585170341,0.9638723784686346,-0.03653942243873126
7,-1.2,0.718997995991984,0.9651940794705557,-0.03584477466046094
7,-1.2,0.7233667334669339,0.9665255825940479,-0.03513982052247857
7,-1.2,0.7277354709418838,0.9678667536647433,-0.03442466475686315
7,-1.2,0.7321042084168337,0.9692174605480663,-0.033699410844385054
7,-1.2,0.7364729458917836,0.9705775731127303,-0.032964161030080694
7,-1.2,0.7408416833667335,0.9719469631948389,-0.03221901633868483
7,-1.2,0.7452104208416834,0.9733255045628181,-0.03146407658998622
7,-1.2,0.7495791583166332,0.9747130728830664,-0.030699440414087783
7,-1.2,0.7539478957915832,0.9761095456862474,-0.02992520526649316
7,-1.2,0.7583166332665331,0.9775148023342908,-0.029141467443125225
7,-1.2,0.762685370741483,0.9789287239881558,-0.02834832209522653
7,-1.2,0.7670541082164329,0.9803511935761426,-0.027545863244101614
7,-1.2,0.7714228456913828,0.9817820957628988,-0.02673418379575434
7,-1.2,0.7757915831663327,0.9832213169190688,-0.025913375555390517
7,-1.2,0.7801603206412826,0.9846687450915206,-0.025083529241779288
7,-1.2,0.7845290581162325,0.986124269974223,-0.0242447345014768
7,-1.2,0.7888977955911824,0.9875877828797032,-0.023397079922953718
7,-1.2,0.7932665330661323,0.9890591767110152,-0.022540653050491626
7,-1.2,0.7976352705410822,0.9905383459344211,-0.021675540398057504
7,-1.2,0.8020040080160321,0.9920251865524689,-0.02080182746293802
7,-1.2,0.806372745490982,0.9935195960776665,-0.019919598739256562
7,-1.2,0.8107414829659318,0.9950214735067743,-0.019028937731392304
7,-1.2,0.8151102204408818,0.996530719295456,-0.018129926967181742
7,-1.2,0.8194789579158317,0.9980472353335622,-0.01722264801102133
7,-1.2,0.8238476953907816,0.9995709249208369,-0.016307181476798747
7,-1.2,0.8282164328657315,1.0011016927431473,-0.015383607040701679
7,-1.2,0.8325851703406814,1.0026394448491616,-0.01445200345384003
7,-1.2,0.8369539078156313,1.004184088627506,-0.013512448554756595
7,-1.2,0.8413226452905812,1.0057355327843926,-0.012565019281783921
7,-1.2,0.8456913827655311,1.0072936873216125,-0.011609791685213037
7,-1.2,0.8500601202404809,1.008858463515076,-0.010646840939383131
7,-1.2,0.8544288577154309,1.0104297738936365,-0.009676241354532357
7,-1.2,0.8587975951903808,1.0120075322185174,-0.008698066388619616
7,-1.2,0.8631663326653307,1.0135916534629248,-0.007712388658867388
7,-1.2,0.8675350701402806,1.0151820537922243,-0.006719279953258371
7,-1.2,0.8719038076152305,1.016778650544427,-0.00571881124183602
7,-1.2,0.8762725450901804,1.0183813622110938,-0.004711052687883468
7,-1.2,0.8806412825651303,1.019990108418531,-0.0036960736589174157
7,-1.2,0.8850100200400802,1.0216048099094865,-0.0026739427376042428
7,-1.2,0.88937875751503,1.0232253885250673,-0.0016447277324719493
7,-1.2,0.89374749498998,1.024851767187072,-0.0006084956885117018
7,-1.2,0.8981162324649299,1.0264838698806222,0.0004346871023996193
7,-1.2,0.9024849699398798,1.0281216216372042,0.0014847550911346807
7,-1.2,0.9068537074148297,1.0297649485179055,0.002541643461215611
7,-1.2,0.9112224448897795,1.0314137775971495,0.003605288118706708
7,-1.2,0.9155911823647295,1.0330680369465175,0.004675625682391377
7,-1.2,0.9199599198396794,1.0347276556190568,0.005752593473979989
7,-1.2,0.9243286573146293,1.036392563633831,0.006836129508480286
7,-1.2,0.9286973947895791,1.0380626919607123,0.007926172484734545
7,-1.2,0.9330661322645291,1.0397379725055624,0.009022661776025426
7,-1.2,0.937434869739479,1.041418338095496,0.010125537420931275
7,-1.2,0.9418036072144289,1.0431037224647361,0.011234740114115883
7,-1.2,0.9461723446893788,1.044794060240357,0.012350211197487143
7,-1.2,0.9505410821643286,1.0464892869286446,0.013471892651249113
7,-1.2,0.9549098196392786,1.0481893389014054,0.014599727085283832
7,-1.2,0.9592785571142285,1.0498941533827464,0.015733657730518057
7,-1.2,0.9636472945891784,1.0516036684360284,0.016873628430445018
7,-1.2,0.9680160320641283,1.0533178229509945,0.018019583632834655
7,-1.2,0.9723847695390782,1.0550365566312057,0.019171468381487478
7,-1.2,0.9767535070140281,1.056759809981721,0.02032922830812492
7,-1.2,0.981122244488978,1.0584875242969218,0.021492809624428948
7,-1.2,0.9854909819639279,1.060219641648625,0.02266215911416632
7,-1.2,0.9898597194388777,1.0619561048743897,0.023837224125442077
7,-1.2,0.9942284569138277,1.0636968575660226,0.02501795256306664
7,-1.2,0.9985971943887776,1.065441844058296,0.026204292881030718
7,-1.2,1.0029659318637274,1.0671910094178916,0.027396194075092188
7,-1.2,1.0073346693386773,1.068944299432516,0.02859360567546049
7,-1.2,1.0117034068136272,1.0707016606001727,0.029796477739650485
7,-1.2,1.0160721442885772,1.0724630401187214,0.03100476084533769
7,-1.2,1.020440881763527,1.0742283858755544,0.03221840608340074
7,-1.2,1.024809619238477,1.0759976464374328,0.033437365051058765
7,-1.2,1.029178356713427,1.0777707710405653,0.034661589845076446
7,-1.2,1.0335470941883769,1.0795477095808197,0.035891033055109295
7,-1.2,1.0379158316633268,1.0813284126041411,0.03712564775708718
7,-1.2,1.0422845691382765,1.0831128312970442,0.038365387506814036
7,-1.2,1.0466533066132264,1.0849009174774318,0.039610206333513254
7,-1.2,1.0510220440881763,1.0866926235853709,0.04086005873361657
7,-1.2,1.0553907815631263,1.0884879026742351,0.04211489966451124
7,-1.2,1.0597595190380762,1.0902867084018473,0.04337468453848405
7,-1.2,1.0641282565130261,1.0920889950217954,0.04463936921673849
7,-1.2,1.068496993987976,1.0938947173749825,0.04590891000344102
7,-1.2,1.072865731462926,1.095703830881259,0.04718326363991002
7,-1.2,1.0772344689378759,1.0975162915311494,0.0484623872989128
7,-1.2,1.0816032064128256,1.099332055877829,0.049746238578982534
7,-1.2,1.0859719438877755,1.1011510810291323,0.051034775498891155
7,-1.2,1.0903406813627254,1.1029733246397742,0.05232795649213675
7,-1.2,1.0947094188376754,1.104798744903666,0.05362574040156578
7,-1.2,1.0990781563126253,1.106627300546324,0.0549280864740876
7,-1.2,1.1034468937875752,1.108458950817461,0.05623495435541907
7,-1.2,1.1078156312625251,1.1102936554837466,0.05754630408489286
7,-1.2,1.112184368737475,1.1121313748214925,0.05886209609048312
7,-1.2,1.116553106212425,1.1139720696097024,0.06018229118371663
7,-1.2,1.1209218436873747,1.115815701123062,0.06150685055480118
7,-1.2,1.1252905811623246,1.1176622311251247,0.06283573576776637
7,-1.2,1.1296593186372745,1.1195116218615493,0.0641689087557123
7,-1.2,1.1340280561122245,1.1213638360535771,0.06550633181604705
7,-1.2,1.1383967935871744,1.1232188368913996,0.06684796760595567
7,-1.2,1.1427655310621243,1.1250765880278477,0.06819377913776463
7,-1.2,1.1471342685370742,1.1269370535720566,0.06954372977448499
7,-1.2,1.1515030060120242,1.128800198083259,0.07089778322540026
7,-1.2,1.155871743486974,1.1306659865647277,0.07225590354167885
7,-1.2,1.1602404809619238,1.1325343844577018,0.07361805511214134
7,-1.2,1.1646092184368737,1.1344053576355497,0.0749842026589914
7,-1.2,1.1689779559118236,1.1362788723979298,0.07635431123366336
7,-1.2,1.1733466933867736,1.1381548954650316,0.07772834621278452
7,-1.2,1.1777154308617235,1.1400333939720135,0.07910627329405179
7,-1.2,1.1820841683366734,1.1419143354634205,0.08048805849232615
7,-1.2,1.1864529058116233,1.1437976878876999,0.08187366813572182
7,-1.2,1.1908216432865733,1.1456834195918983,0.08326306886171211
7,-1.2,1.1951903807615232,1.1475714993163224,0.08465622761336145
7,-1.2,1.1995591182364729,1.1494618961893477,0.08605311163560324
7,-1.2,1.2039278557114228,1.1513545797222933,0.0874536884715316
7,-1.2,1.2082965931863727,1.153249519804366,0.0888579259588109
7,-1.2,1.2126653306613226,1.1551466866977211,0.09026579222605492
7,-1.2,1.2170340681362726,1.1570460510325369,0.09167725568936279
7,-1.2,1.2214028056112225,1.158947583802222,0.09309228504882429
7,-1.2,1.2257715430861724,1.1608512563586308,0.0945108492851336
7,-1.2,1.2301402805611223,1.1627570404074532,0.09593291765619537
7,-1.2,1.2345090180360723,1.1646649080035343,0.09735845969386879
7,-1.2,1.238877755511022,1.166574831546423,0.09878744520063959
7,-1.2,1.243246492985972,1.168486783775843,0.1002198442464664
7,-1.2,1.2476152304609218,1.170400737767332,0.1016556271655922
7,-1.2,1.2519839679358717,1.1723166669278762,0.10309476455344813
7,-1.2,1.2563527054108217,1.174234544991696,0.10453722726353867
7,-1.2,1.2607214428857716,1.1761543460159933,0.10598298640446678
7,-1.2,1.2650901803607215,1.1780760443768137,0.10743201333694902
7,-1.2,1.2694589178356714,1.1799996147649812,0.10888427967086486
7,-1.2,1.2738276553106214,1.1819250321820873,0.11033975726236334
7,-1.2,1.278196392785571,1.1838522719365174,0.11179841821101599
7,-1.2,1.282565130260521,1.185781309639506,0.11326023485706231
7,-1.2,1.286933867735471,1.1877121212013606,0.11472517977856983
7,-1.2,1.2913026052104208,1.1896446828276233,0.11619322578875488
7,-1.2,1.2956713426853708,1.1915789710153675,0.11766434593327249
7,-1.2,1.3000400801603207,1.1935149625494597,0.1191385134876271
7,-1.2,1.3044088176352706,1.1954526344989973,0.12061570195449871
7,-1.2,1.3087775551102205,1.1973919642136945,0.12209588506121447
7,-1.2,1.3131462925851705,1.1993329293203436,0.12357903675723045
7,-1.2,1.3175150300601204,1.2012755077193715,0.12506513121161542
7,-1.2,1.32188376753507,1.2032196775814075,0.12655414281059105
7,-1.2,1.32625250501002,1.2051654173438802,0.1280460461551425
7,-1.2,1.33062124248497,1.2071127057077236,0.12954081605859455
7,-1.2,1.3349899799599199,1.2090615216340628,0.1310384275443038
7,-1.2,1.3393587174348698,1.2110118443409894,0.13253885584331956
7,-1.2,1.3437274549098197,1.2129636533003851,0.1340420763920877
7,-1.2,1.3480961923847696,1.214916928234765,0.1355480648302177
7,-1.2,1.3524649298597196,1.2168716491141458,0.137056796998289
7,-1.2,1.3568336673346695,1.2188277961530354,0.1385682489356228
7,-1.2,1.3612024048096192,1.2207853498073993,0.14008239687813465
7,-1.2,1.365571142284569,1.22274429077165,0.14159921725626612
7,-1.2,1.369939879759519,1.224704599975782,0.14311868669279282
7,-1.2,1.374308617234469,1.2266662585823995,0.14464078200087668
7,-1.2,1.3786773547094189,1.228629247983946,0.14616548018191805
7,-1.2,1.3830460921843688,1.2305935497998106,0.1476927584236436
7,-1.2,1.3874148296593187,1.2325591458735927,0.14922259409809624
7,-1.2,1.3917835671342687,1.2345260182703632,0.15075496475966552
7,-1.2,1.3961523046092186,1.2364941492739603,0.15228984814319446
7,-1.2,1.4005210420841683,1.23846352138432,0.15382722216207262
7,-1.2,1.4048897795591182,1.2404341173148385,0.1553670649063818
7,-1.2,1.4092585170340681,1.2424059199897985,0.15690935464104472
7,-1.2,1.413627254509018,1.2443789125418137,0.15845406980399304
7,-1.2,1.417995991983968,1.246353078309267,0.16000118900442353
7,-1.2,1.422364729458918,1.248328400833862,0.1615506910209876
7,-1.2,1.4267334669338678,1.2503048638581318,0.16310255480008912
7,-1.2,1.4311022044088177,1.2522824513230597,0.16465675945411345
7,-1.2,1.4354709418837677,1.2542611473656338,0.16621328425979978
7,-1.2,1.4398396793587174,1.2562409363165243,0.16777210865652234
7,-1.2,1.4442084168336673,1.2582218026977432,0.16933321224466494
7,-1.2,1.4485771543086172,1.2602037312203278,0.17089657478400566
7,-1.2,1.4529458917835671,1.2621867067820927,0.17246217619209847
7,-1.2,1.457314629258517,1.2641707144653969,0.17402999654268297
7,-1.2,1.461683366733467,1.2661557395349023,0.175600016064172
7,-1.2,1.466052104208417,1.2681417674354418,0.17717221513804285
7,-1.2,1.4704208416833668,1.2701287837898145,0.17874657429739038
7,-1.2,1.4747895791583168,1.2721167743966808,0.18032307422541086
7,-1.2,1.4791583166332665,1.2741057252284889,0.18190169575388604
7,-1.2,1.4835270541082164,1.2760956224293747,0.1834824198617753
7,-1.2,1.4878957915831663,1.2780864523131317,0.18506522767376113
7,-1.2,1.4922645290581162,1.2800782013611764,0.18665010045883915
7,-1.2,1.4966332665330662,1.2820708562205954,0.1882370196288974
7,-1.2,1.501002004008016,1.2840644037021458,0.18982596673735225
7,-1.2,1.505370741482966,1.2860588307783214,0.19141692347779735
7,-1.2,1.509739478957916,1.2880541245814459,0.1930098716826376
7,-1.2,1.5141082164328659,1.2900502724017588,0.19460479332179398
7,-1.2,1.5184769539078156,1.292047261685595,0.19620167050133636
7,-1.2,1.5228456913827655,1.2940450800335044,0.19780048546223958
7,-1.2,1.5272144288577154,1.2960437151983932,0.1994012205791497
7,-1.2,1.5315831663326653,1.2980431550838503,0.20100385835898
7,-1.2,1.5359519038076153,1.3000433877422055,0.20260838143986565
7,-1.2,1.5403206412825652,1.3020444013729513,0.2042147725897263
7,-1.2,1.544689378757515,1.30404618432085,0.20582301470526393
7,-1.2,1.549058116232465,1.306048725074351,0.20743309081059685
7,-1.2,1.553426853707415,1.3080520122638106,0.20904498405620506
7,-1.2,1.5577955911823649,1.310056034659918,0.21065867771764504
7,-1.2,1.5621643286573146,1.312060781171944,0.212274155194534
7,-1.2,1.5665330661322645,1.3140662408461972,0.21389140000931647
7,-1.2,1.5709018036072144,1.316072402864386,0.21551039580617032
7,-1.2,1.5752705410821644,1.3180792565420332,0.21713112634991144
7,-1.2,1.5796392785571143,1.320086791326913,0.21875357552489794
7,-1.2,1.5840080160320642,1.3220949967975193,0.22037772733392147
7,-1.2,1.5883767535070141,1.324103862661481,0.2220035658972209
7,-1.2,1.592745490981964,1.326113378754151,0.223631075451304
7,-1.2,1.597114228456914,1.328123535037008,0.2252602403480368
7,-1.2,1.6014829659318637,1.3301343215962784,0.22689104505351562
7,-1.2,1.6058517034068136,1.3321457286413956,0.22852347414713572
7,-1.2,1.6102204408817635,1.3341577465036354,0.23015751232052148
7,-1.2,1.6145891783567135,1.3361703656346453,0.2317931443765869
7,-1.2,1.6189579158316634,1.338183576605083,0.23343035522851086
7,-1.2,1.6233266533066133,1.3401973701032055,0.23506912989881062
7,-1.2,1.6276953907815632,1.3422117369334867,0.23670945351838676
7,-1.2,1.6320641282565131,1.34422666801531,0.23835131132554513
7,-1.2,1.636432865731463,1.3462421543816017,0.23999468866509555
7,-1.2,1.6408016032064128,1.3482581871774986,0.2416395709874461
7,-1.2,1.6451703406813627,1.3502747576590781,0.2432859438476443
7,-1.2,1.6495390781563126,1.3522918571920586,0.2449337929045091
7,-1.2,1.6539078156312625,1.3543094772505062,0.24658310391975843
7,-1.2,1.6582765531062125,1.3563276094155916,0.24823386275711445
7,-1.2,1.6626452905811624,1.3583462453743556,0.24988605538142866
7,-1.2,1.6670140280561123,1.3603653769184811,0.25153966785781456
7,-1.2,1.6713827655310622,1.3623849959430552,0.25319468635085013
7,-1.2,1.6757515030060122,1.3644050944453983,0.2548510971236881
7,-1.2,1.6801202404809619,1.3664256645238562,0.2565088865372681
7,-1.2,1.6844889779559118,1.3684466983766568,0.2581680410494547
7,-1.2,1.6888577154308617,1.370468188300718,0.2598285472142888
7,-1.2,1.6932264529058116,1.3724901266905416,0.2614903916811143
7,-1.2,1.6975951903807616,1.374512506037047,0.2631535611938703
7,-1.2,1.7019639278557115,1.3765353189264873,0.2648180425902332
7,-1.2,1.7063326653306614,1.3785585580393263,0.2664838228008874
7,-1.2,1.7107014028056113,1.3805822161491448,0.2681508888487696
7,-1.2,1.7150701402805613,1.38260628612158,0.26981922784827417
7,-1.2,1.719438877755511,1.384630760913249,0.27148882700453664
7,-1.2,1.7238076152304609,1.3866556335706983,0.27315967361268584
7,-1.2,1.7281763527054108,1.3886808972293598,0.27483175505711516
7,-1.2,1.7325450901803607,1.3907065451125165,0.2765050588107772
7,-1.2,1.7369138276553107,1.3927325705303173,0.2781795724344165
7,-1.2,1.7412825651302606,1.394758966878734,0.2798552835759259
7,-1.2,1.7456513026052105,1.3967857276385856,0.28153217996961244
7,-1.2,1.7500200400801604,1.3988128463745488,0.28321024943552553
7,-1.2,1.7543887775551104,1.4008403167342134,0.28488947987874036
7,-1.2,1.75875751503006,1.4028681324470835,0.28656985928872386
7,-1.2,1.76312625250501,1.4048962873236706,0.2882513757386251
7,-1.2,1.76749498997996,1.4069247752545067,0.28993401738466856
7,-1.2,1.7718637274549098,1.408953590209287,0.2916177724654134
7,-1.2,1.7762324649298598,1.4109827262358827,0.2933026293011979
7,-1.2,1.7806012024048097,1.4130121774594802,0.29498857629344133
7,-1.2,1.7849699398797596,1.4150419380816852,0.29667560192401754
7,-1.2,1.7893386773547095,1.4170720023796028,0.298363694754654
7,-1.2,1.7937074148296595,1.4191023647050138,0.3000528434262705
7,-1.2,1.7980761523046092,1.4211330194834706,0.30174303665840363
7,-1.2,1.802444889779559,1.4231639612134623,0.30343426324856193
7,-1.2,1.806813627254509,1.425195184465567,0.3051265120716533
7,-1.2,1.811182364729459,1.427226683881607,0.30681977207937705
7,-1.2,1.8155511022044089,1.4292584541738358,0.30851403229964175
7,-1.2,1.8199198396793588,1.4312904901241184,0.310209281835959
7,-1.2,1.8242885771543087,1.433322786583125,0.31190550986689086
7,-1.2,1.8286573146292586,1.4353553384695423,0.3136027056454463
7,-1.2,1.8330260521042085,1.4373881407692366,0.3153008584985937
7,-1.2,1.8373947895791582,1.4394211885345596,0.3169999578265776
7,-1.2,1.8417635270541082,1.441454476883503,0.3186999931024661
7,-1.2,1.846132264529058,1.4434880009989703,0.3204009538715596
7,-1.2,1.850501002004008,1.4455217561280167,0.32210282975084625
7,-1.2,1.854869739478958,1.447555737581097,0.32380561042848643
7,-1.2,1.8592384769539079,1.4495899407313555,0.3255092856632258
7,-1.2,1.8636072144288578,1.4516243610138657,0.32721384528393377
7,-1.2,1.8679759519038077,1.453658993924922,0.32891927918903924
7,-1.2,1.8723446893787576,1.4556938350213242,0.33062557734604847
7,-1.2,1.8767134268537076,1.4577288799196992,0.3323327297909593
7,-1.2,1.8810821643286573,1.4597641242957706,0.3340407266278325
7,-1.2,1.8854509018036072,1.4617995638836798,0.33574955802826106
7,-1.2,1.8898196392785571,1.4638351944753163,0.3374592142308657
7,-1.2,1.894188376753507,1.465871011919639,0.33916968554079124
7,-1.2,1.898557114228457,1.4679070121220215,0.3408809623292283
7,-1.2,1.902925851703407,1.4699431910435645,0.34259303503295446
7,-1.2,1.9072945891783568,1.471979544700479,0.34430589415381074
7,-1.2,1.9116633266533067,1.474016069163419,0.34601953025826176
7,-1.2,1.9160320641282567,1.4760527605568692,0.3477339339768947
7,-1.2,1.9204008016032064,1.4780896150584866,0.3494490960039846
7,-1.2,1.9247695390781563,1.4801266288985144,0.35116500709699766
7,-1.2,1.9291382765531062,1.4821637983591167,0.3528816580761873
7,-1.2,1.9335070140280561,1.4842011197738443,0.3545990398240536
7,-1.2,1.937875751503006,1.486238589526955,0.35631714328498565
7,-1.2,1.942244488977956,1.488276204052871,0.35803595946476724
7,-1.2,1.946613226452906,1.4903139598355741,0.3597554794301353
7,-1.2,1.9509819639278558,1.4923518534080236,0.3614756943083604
7,-1.2,1.9553507014028058,1.4943898813515872,0.36319659528679177
7,-1.2,1.9597194388777555,1.496428040295462,0.3649181736124614
7,-1.2,1.9640881763527054,1.4984663269161274,0.36664042059162244
7,-1.2,1.9684569138276553,1.5005047379367646,0.3683633275893576
7,-1.2,1.9728256513026052,1.5025432701267576,0.37008688602911344
7,-1.2,1.9771943887775552,1.5045819203010753,0.37181108739236113
7,-1.2,1.981563126252505,1.5066206853198096,0.3735359232181038
7,-1.2,1.985931863727455,1.5086595620875767,0.3752613851025479
7,-1.2,1.990300601202405,1.5106985475530537,0.37698746469862315
7,-1.2,1.9946693386773549,1.5127376387084093,0.37871415371563943
7,-1.2,1.9990380761523046,1.514776832588811,0.3804414439188789
7,-1.2,2.0034068136272545,1.5168161262719284,0.38216932712916263
7,-1.2,2.0077755511022044,1.51885551687741,0.3838977952225096
7,-1.2,2.0121442885771543,1.520895001566379,0.3856268401297551
7,-1.2,2.0165130260521043,1.5229345775409764,0.3873564538361113
7,-1.2,2.020881763527054,1.524974242043848,0.3890866283808368
7,-1.2,2.025250501002004,1.527013992357665,0.3908173558568431
7,-1.2,2.029619238476954,1.529053825804659,0.3925486284103253
7,-1.2,2.033987975951904,1.5310937397461537,0.3942804382403697
7,-1.2,2.038356713426854,1.533133731582079,0.39601277759863074
7,-1.2,2.042725450901804,1.5351737987505236,0.397745638788943
7,-1.2,2.0470941883767537,1.537213938727312,0.3994790141669153
7,-1.2,2.0514629258517036,1.5392541490254812,0.4012128961396764
7,-1.2,2.0558316633266536,1.5412944271949127,0.40294727716541545
7,-1.2,2.060200400801603,1.5433347708218417,0.4046821497530953
7,-1.2,2.064569138276553,1.5453751775284543,0.4064175064620644
7,-1.2,2.068937875751503,1.5474156449724266,0.40815333990174835
7,-1.2,2.073306613226453,1.5494561708465322,0.4098896427312615
7,-1.2,2.0776753507014027,1.5514967528781967,0.4116264076591001
7,-1.2,2.0820440881763527,1.553537388829082,0.41336362744280947
7,-1.2,2.0864128256513026,1.5555780764947031,0.4151012948886043
7,-1.2,2.0907815631262525,1.5576188137039881,0.41683940285107896
7,-1.2,2.0951503006012024,1.5596595983188974,0.41857794423285005
7,-1.2,2.0995190380761524,1.5617004282340081,0.4203169119842568
7,-1.2,2.1038877755511023,1.5637413013761332,0.4220562991030252
7,-1.2,2.108256513026052,1.5657822157039236,0.4237960986339331
7,-1.2,2.112625250501002,1.567823169207513,0.4255363036684739
7,-1.2,2.116993987975952,1.5698641599080783,0.42727690734461465
7,-1.2,2.121362725450902,1.571905185857528,0.4290179028463867
7,-1.2,2.125731462925852,1.573946245138082,0.43075928340364344
7,-1.2,2.130100200400802,1.5759873358619305,0.43250104229170716
7,-1.2,2.1344689378757518,1.5780284561708584,0.43424317283109287
7,-1.2,2.1388376753507012,1.580069604235887,0.43598566838718533
7,-1.2,2.143206412825651,1.5821107782569173,0.4377285223699437
7,-1.2,2.147575150300601,1.5841519764623868,0.43947172823358893
7,-1.2,2.151943887775551,1.5861931971089147,0.4412152794763142
7,-1.2,2.156312625250501,1.5882344384809393,0.4429591696400158
7,-1.2,2.160681362725451,1.5902756988904145,0.44470339230994327
7,-1.2,2.165050100200401,1.5923169766764511,0.4464479411144465
7,-1.2,2.1694188376753507,1.5943582702049763,0.4481928097246958
7,-1.2,2.1737875751503006,1.5963995778684275,0.4499379918543526
7,-1.2,2.1781563126252506,1.598440898085402,0.4516834812593323
7,-1.2,2.1825250501002005,1.6004822293003538,0.45342927173748776
7,-1.2,2.1868937875751504,1.6025235699832645,0.45517535712835405
7,-1.2,2.1912625250501003,1.6045649186293347,0.4569217313128355
7,-1.2,2.1956312625250503,1.6066062737586655,0.45866838821297645
7,-1.2,2.2,1.6086476339159628,0.4604153217916349
